rung,fold,lambda,lambda_label,inner_mean_log_loss,selected
D2_rescaled,1,9.9999999999999995e-07,lam=1e-06,8.1225965067460812,False
D2_rescaled,1,3.0000000000000001e-06,lam=3e-06,8.1225499369248677,False
D2_rescaled,1,1.0000000000000001e-05,lam=1e-05,6.4655700027009866,False
D2_rescaled,1,3.0000000000000001e-05,lam=3e-05,8.1219255109354638,False
D2_rescaled,1,0.0001,lam=0.0001,6.1127603968048891,False
D2_rescaled,1,0.00029999999999999997,lam=0.0003,6.0476808985587622,False
D2_rescaled,1,0.001,lam=0.001,5.7948938757312751,False
D2_rescaled,1,0.0030000000000000001,lam=0.003,5.3046946665039076,False
D2_rescaled,1,0.01,lam=0.01,4.5018358798184464,False
D2_rescaled,1,0.029999999999999999,lam=0.03,3.4842616921703908,False
D2_rescaled,1,0.10000000000000001,lam=0.1,2.6915054813501351,False
D2_rescaled,1,0.29999999999999999,lam=0.3,2.1534360610308143,False
D2_rescaled,1,1,lam=1,1.6900522088231269,False
D2_rescaled,1,3,lam=3,1.4626145319857229,False
D2_rescaled,1,10,lam=10,1.3255099104895076,False
D2_rescaled,1,30,lam=30,1.2115002570447049,False
D2_rescaled,1,100,lam=100,1.1027714178180741,False
D2_rescaled,1,300,lam=300,1.0450438375311759,False
D2_rescaled,1,1000,lam=1000,1.0268108891909966,True
D2_rescaled,1,3000,lam=3000,1.0380375066537142,False
D2_rescaled,1,10000,lam=10000,1.0554291410967929,False
D2_rescaled,2,9.9999999999999995e-07,lam=1e-06,2.7453416179477004,False
D2_rescaled,2,3.0000000000000001e-06,lam=3e-06,2.7045220879759211,False
D2_rescaled,2,1.0000000000000001e-05,lam=1e-05,2.6528068784938634,False
D2_rescaled,2,3.0000000000000001e-05,lam=3e-05,2.6041545414622673,False
D2_rescaled,2,0.0001,lam=0.0001,2.5398918881982548,False
D2_rescaled,2,0.00029999999999999997,lam=0.0003,2.4615677466642558,False
D2_rescaled,2,0.001,lam=0.001,2.3482855316476692,False
D2_rescaled,2,0.0030000000000000001,lam=0.003,2.250918596018054,False
D2_rescaled,2,0.01,lam=0.01,2.1387282303906741,False
D2_rescaled,2,0.029999999999999999,lam=0.03,2.0327136596585085,False
D2_rescaled,2,0.10000000000000001,lam=0.1,1.9032814666997488,False
D2_rescaled,2,0.29999999999999999,lam=0.3,1.7659936387372517,False
D2_rescaled,2,1,lam=1,1.5943757829751637,False
D2_rescaled,2,3,lam=3,1.4399231298746658,False
D2_rescaled,2,10,lam=10,1.2864381190409435,False
D2_rescaled,2,30,lam=30,1.15686170132854,False
D2_rescaled,2,100,lam=100,1.0546693896237205,False
D2_rescaled,2,300,lam=300,1.0119469307560869,False
D2_rescaled,2,1000,lam=1000,1.000951571336711,True
D2_rescaled,2,3000,lam=3000,1.0118638976149499,False
D2_rescaled,2,10000,lam=10000,1.0331730152432597,False
D2_rescaled,3,9.9999999999999995e-07,lam=1e-06,1.9154136317284416,False
D2_rescaled,3,3.0000000000000001e-06,lam=3e-06,1.8738012867681979,False
D2_rescaled,3,1.0000000000000001e-05,lam=1e-05,1.8219586333809845,False
D2_rescaled,3,3.0000000000000001e-05,lam=3e-05,1.7704836414290592,False
D2_rescaled,3,0.0001,lam=0.0001,1.6981962170141709,False
D2_rescaled,3,0.00029999999999999997,lam=0.0003,1.5937664719318438,False
D2_rescaled,3,0.001,lam=0.001,1.4795186396322451,False
D2_rescaled,3,0.0030000000000000001,lam=0.003,1.4089135555202437,False
D2_rescaled,3,0.01,lam=0.01,1.3539954854532539,False
D2_rescaled,3,0.029999999999999999,lam=0.03,1.3143219829520589,False
D2_rescaled,3,0.10000000000000001,lam=0.1,1.2685073808355574,False
D2_rescaled,3,0.29999999999999999,lam=0.3,1.2203958965895396,False
D2_rescaled,3,1,lam=1,1.158873540540271,False
D2_rescaled,3,3,lam=3,1.1001632855617751,False
D2_rescaled,3,10,lam=10,1.0443594954391062,False
D2_rescaled,3,30,lam=30,1.0073090701682847,False
D2_rescaled,3,100,lam=100,0.98274155888615322,False
D2_rescaled,3,300,lam=300,0.9736078232394475,True
D2_rescaled,3,1000,lam=1000,0.97551331083438297,False
D2_rescaled,3,3000,lam=3000,0.9890951057284304,False
D2_rescaled,3,10000,lam=10000,1.0142630460938062,False
D2_rescaled,4,9.9999999999999995e-07,lam=1e-06,1.1583773242599096,False
D2_rescaled,4,3.0000000000000001e-06,lam=3e-06,1.1566877755587337,False
D2_rescaled,4,1.0000000000000001e-05,lam=1e-05,1.1548391896572741,False
D2_rescaled,4,3.0000000000000001e-05,lam=3e-05,1.1531429308006014,False
D2_rescaled,4,0.0001,lam=0.0001,1.1512274239141358,False
D2_rescaled,4,0.00029999999999999997,lam=0.0003,1.1493009932141163,False
D2_rescaled,4,0.001,lam=0.001,1.1465830647258191,False
D2_rescaled,4,0.0030000000000000001,lam=0.003,1.1427173358687848,False
D2_rescaled,4,0.01,lam=0.01,1.1358004041388707,False
D2_rescaled,4,0.029999999999999999,lam=0.03,1.1272299288976857,False
D2_rescaled,4,0.10000000000000001,lam=0.1,1.1155348769320186,False
D2_rescaled,4,0.29999999999999999,lam=0.3,1.0992976547907787,False
D2_rescaled,4,1,lam=1,1.074609423552336,False
D2_rescaled,4,3,lam=3,1.0509904340160929,False
D2_rescaled,4,10,lam=10,1.0276319035331294,False
D2_rescaled,4,30,lam=30,1.0084186518927734,False
D2_rescaled,4,100,lam=100,0.99214435882381358,False
D2_rescaled,4,300,lam=300,0.98453199130374469,True
D2_rescaled,4,1000,lam=1000,0.98541660143410437,False
D2_rescaled,4,3000,lam=3000,0.9966854090961621,False
D2_rescaled,4,10000,lam=10000,1.0200948568291173,False
E1c,1,9.9999999999999995e-07,lam=1e-06,8.0647620112191927,False
E1c,1,3.0000000000000001e-06,lam=3e-06,7.000030605455807,False
E1c,1,1.0000000000000001e-05,lam=1e-05,6.9994035722691219,False
E1c,1,3.0000000000000001e-05,lam=3e-05,6.5803825990803446,False
E1c,1,0.0001,lam=0.0001,6.5430969448275729,False
E1c,1,0.00029999999999999997,lam=0.0003,6.3512227021795633,False
E1c,1,0.001,lam=0.001,6.0274237047312722,False
E1c,1,0.0030000000000000001,lam=0.003,5.5369811321485241,False
E1c,1,0.01,lam=0.01,4.7770177873881172,False
E1c,1,0.029999999999999999,lam=0.03,3.9407928107341768,False
E1c,1,0.10000000000000001,lam=0.1,2.9774863386116932,False
E1c,1,0.29999999999999999,lam=0.3,2.2990841336828844,False
E1c,1,1,lam=1,1.7197567481428546,False
E1c,1,3,lam=3,1.4240315805754964,False
E1c,1,10,lam=10,1.3045903694535159,False
E1c,1,30,lam=30,1.2096316220276244,False
E1c,1,100,lam=100,1.1064982423221272,False
E1c,1,300,lam=300,1.0474657402711034,False
E1c,1,1000,lam=1000,1.0270914978979411,True
E1c,1,3000,lam=3000,1.0373692103409853,False
E1c,1,10000,lam=10000,1.0548845883415865,False
E1c,2,9.9999999999999995e-07,lam=1e-06,2.9852138473222514,False
E1c,2,3.0000000000000001e-06,lam=3e-06,2.9430909130044798,False
E1c,2,1.0000000000000001e-05,lam=1e-05,2.8900900545797854,False
E1c,2,3.0000000000000001e-05,lam=3e-05,2.8400792439410041,False
E1c,2,0.0001,lam=0.0001,2.7706526782516288,False
E1c,2,0.00029999999999999997,lam=0.0003,2.6788997663156131,False
E1c,2,0.001,lam=0.001,2.539271257323362,False
E1c,2,0.0030000000000000001,lam=0.003,2.395076762718908,False
E1c,2,0.01,lam=0.01,2.2172642107384468,False
E1c,2,0.029999999999999999,lam=0.03,2.0714138325932514,False
E1c,2,0.10000000000000001,lam=0.1,1.9177829568959799,False
E1c,2,0.29999999999999999,lam=0.3,1.762906022721598,False
E1c,2,1,lam=1,1.5815958066691476,False
E1c,2,3,lam=3,1.4257735455451728,False
E1c,2,10,lam=10,1.2781676578481642,False
E1c,2,30,lam=30,1.1557496852955462,False
E1c,2,100,lam=100,1.0569741211435888,False
E1c,2,300,lam=300,1.0137411578318622,False
E1c,2,1000,lam=1000,1.0015054683556746,True
E1c,2,3000,lam=3000,1.0116047585653671,False
E1c,2,10000,lam=10000,1.0327498822046857,False
E1c,3,9.9999999999999995e-07,lam=1e-06,1.9317901056651086,False
E1c,3,3.0000000000000001e-06,lam=3e-06,1.8893820452222458,False
E1c,3,1.0000000000000001e-05,lam=1e-05,1.8371236219696363,False
E1c,3,3.0000000000000001e-05,lam=3e-05,1.7854855712228301,False
E1c,3,0.0001,lam=0.0001,1.7119685310567463,False
E1c,3,0.00029999999999999997,lam=0.0003,1.6091342720372173,False
E1c,3,0.001,lam=0.001,1.5014936267722501,False
E1c,3,0.0030000000000000001,lam=0.003,1.4310513010855834,False
E1c,3,0.01,lam=0.01,1.3710689602862129,False
E1c,3,0.029999999999999999,lam=0.03,1.3276680223195458,False
E1c,3,0.10000000000000001,lam=0.1,1.2784427808695988,False
E1c,3,0.29999999999999999,lam=0.3,1.2270809995836229,False
E1c,3,1,lam=1,1.1623425252391992,False
E1c,3,3,lam=3,1.1025992769131736,False
E1c,3,10,lam=10,1.0465926496266045,False
E1c,3,30,lam=30,1.008881219782503,False
E1c,3,100,lam=100,0.98349813510106687,False
E1c,3,300,lam=300,0.97412739576546736,True
E1c,3,1000,lam=1000,0.9760569260949391,False
E1c,3,3000,lam=3000,0.989395793052401,False
E1c,3,10000,lam=10000,1.014231123482866,False
E1c,4,9.9999999999999995e-07,lam=1e-06,1.1813225388973958,False
E1c,4,3.0000000000000001e-06,lam=3e-06,1.1796302934101162,False
E1c,4,1.0000000000000001e-05,lam=1e-05,1.1777788201616421,False
E1c,4,3.0000000000000001e-05,lam=3e-05,1.1760803677488398,False
E1c,4,0.0001,lam=0.0001,1.1741630666022915,False
E1c,4,0.00029999999999999997,lam=0.0003,1.1722327610988574,False
E1c,4,0.001,lam=0.001,1.1694912120392078,False
E1c,4,0.0030000000000000001,lam=0.003,1.1655449627584189,False
E1c,4,0.01,lam=0.01,1.1583970751550083,False
E1c,4,0.029999999999999999,lam=0.03,1.1492008015388746,False
E1c,4,0.10000000000000001,lam=0.1,1.1354483495863388,False
E1c,4,0.29999999999999999,lam=0.3,1.1157393877108372,False
E1c,4,1,lam=1,1.0867588368240793,False
E1c,4,3,lam=3,1.0602083139084,False
E1c,4,10,lam=10,1.0342374872966269,False
E1c,4,30,lam=30,1.0128239644062518,False
E1c,4,100,lam=100,0.99452289673369509,False
E1c,4,300,lam=300,0.98571581168596234,True
E1c,4,1000,lam=1000,0.98612344932829177,False
E1c,4,3000,lam=3000,0.99713144921396302,False
E1c,4,10000,lam=10000,1.0201713560210606,False
