rung,fold,column,block,beta_home,beta_draw,beta_away,beta_l2,train_centre,train_scale,selected_lambda
D3,1,home_rest_days,C_context,-0.00044801283600958834,0.00078547113352925128,-0.00033745829751965909,0.00096517278525761797,7.5324324324324321,4.0891740289422573,1000
D3,1,home_matches_last14,C_context,-0.0061905597094867064,0.0014549485324447666,0.0047356111770419295,0.0079288030602927551,1.5473684210526315,0.84937650262607189,1000
D3,1,home_is_season_opener,C_context,0.0026199200362229864,-0.0025692866554019073,-5.0633380821080529e-05,0.0036698472247605001,0,1,1000
D3,1,away_rest_days,C_context,-0.0014189845223611954,0.0033568869086001551,-0.001937902386238966,0.0041276715531183457,7.6513513513513507,4.2177645377131148,1000
D3,1,away_matches_last14,C_context,-0.0080205225799745497,-0.00588170673137211,0.013902229311346655,0.017093719207797224,1.5394736842105263,0.86207811151896963,1000
D3,1,away_is_season_opener,C_context,0.0026199200362229864,-0.0025692866554019073,-5.0633380821080529e-05,0.0036698472247605001,0,1,1000
D3,1,rel_rest_days_diff,C_context,0.0011785097426039799,-0.0031064041684455129,0.0019278944258415284,0.0038412769996889048,-0.11891891891891893,3.5238912282213986,1000
D3,1,rel_matches_last14_diff,C_context,0.0022122753832190443,0.0084236451321758245,-0.010635920515394881,0.013746809262291527,0.0078947368421052634,0.74864142880264495,1000
D3,1,days_since_season_start,C_context,0.0037935474286477869,-0.0056415867754281311,0.0018480393467803515,0.0070451226295455043,148.78157894736842,84.165045736473743,1000
D3,1,rel_context_available,C_context,-0.0026199200362229894,0.0025692866554019142,5.0633380821078971e-05,0.0036698472247605075,0,1,1000
D3,1,kickoff_hour_bucket=early,C_context,0.00024359615642187678,-0.0040556496554953114,0.0038120534990734338,0.0055713001261232338,0,1,1000
D3,1,kickoff_hour_bucket=afternoon,C_context,0.0014394482411121971,-0.0017409423617512018,0.00030149412063900386,0.0022789888658264076,0,1,1000
D3,1,kickoff_hour_bucket=evening,C_context,-0.0016830443975340728,0.005796592017246513,-0.0041135476197124415,0.0073044090437295968,0,1,1000
D3,1,day_of_week=Mon,C_context,0.0017746478240190347,0.0017899424175281404,-0.0035645902415471753,0.0043657270124797462,0,1,1000
D3,1,day_of_week=Tue,C_context,0.0017430660848608349,-0.00014022259596649752,-0.0016028434888943381,0.0023721401734515262,0,1,1000
D3,1,day_of_week=Wed,C_context,-0.0045117308105998089,0.0017761411176054941,0.0027355896929943139,0.0055672114335079126,0,1,1000
D3,1,day_of_week=Thu,C_context,0.0023746837008598257,-0.00021477623584749376,-0.0021599074650123316,0.0032172118003063041,0,1,1000
D3,1,day_of_week=Fri,C_context,0.0013870754933081231,-0.00044299479370159305,-0.00094408069960652996,0.0017353706171167717,0,1,1000
D3,1,day_of_week=Sat,C_context,-0.0095735146887617282,0.0010261579240066461,0.0085473567647550847,0.012874878300199295,0,1,1000
D3,1,day_of_week=Sun,C_context,0.0068057723963137213,-0.0037942478336246942,-0.0030115245626890223,0.0083536898868147372,0,1,1000
D3,2,home_rest_days,C_context,-0.0050124140967960857,-0.007458724498648415,0.012471138595444494,0.015371602521900032,7.7459459459459472,5.7484823898685242,1000
D3,2,home_matches_last14,C_context,0.0061243294889063256,-0.0047442606709385089,-0.0013800688179678197,0.0078689269246085027,1.5973684210526315,0.84354728507693555,1000
D3,2,home_is_season_opener,C_context,0.0020361471442985738,-0.0033158679477965454,0.0012797208034979717,0.0040961641538597065,0,1,1000
D3,2,away_rest_days,C_context,-0.0033524930671897579,-0.0054403313141014832,0.0087928243812912289,0.010869690665928725,7.813513513513513,5.7797587894561717,1000
D3,2,away_matches_last14,C_context,0.0020209489862839827,-0.013340425871554536,0.011319476885270548,0.017611977577653738,1.5868421052631578,0.84000972821170494,1000
D3,2,away_is_season_opener,C_context,0.0020361471442985738,-0.0033158679477965454,0.0012797208034979717,0.0040961641538597065,0,1,1000
D3,2,rel_rest_days_diff,C_context,-0.0032600629363358446,-0.0039493619969485048,0.0072094249332843481,0.0088431486700424645,-0.06756756756756753,2.8947824256077475,1000
D3,2,rel_matches_last14_diff,C_context,0.0052172167922703979,0.010836026837758604,-0.016053243630029013,0.020058550788410415,0.010526315789473684,0.66482663893213434,1000
D3,2,days_since_season_start,C_context,0.0019732083279273742,-0.0037290497735899836,0.0017558414456626018,0.0045697201776060629,152.70526315789473,88.952115880779246,1000
D3,2,rel_context_available,C_context,-0.0020361471442985708,0.0033158679477965584,-0.0012797208034979837,0.0040961641538597195,0,1,1000
D3,2,kickoff_hour_bucket=early,C_context,0.001242479735415331,-0.004012218673953169,0.0027697389385378372,0.0050312134091279595,0,1,1000
D3,2,kickoff_hour_bucket=afternoon,C_context,0.0052009444813783962,-0.0040317756227178222,-0.0011691688586605757,0.0066837110941739362,0,1,1000
D3,2,kickoff_hour_bucket=evening,C_context,-0.0064434242167937311,0.0080439942966709938,-0.0016005700798772627,0.010430023224472595,0,1,1000
D3,2,day_of_week=Mon,C_context,-2.2079155893438308e-05,0.0022748437634682139,-0.0022527646075747774,0.0032016167813242007,0,1,1000
D3,2,day_of_week=Tue,C_context,0.0022601869293258085,0.0010205116825734155,-0.0032806986118992243,0.0041125262834274447,0,1,1000
D3,2,day_of_week=Wed,C_context,-0.0061690436804460848,0.0029284606858799738,0.0032405829945661101,0.0075587274103957108,0,1,1000
D3,2,day_of_week=Thu,C_context,0.0035070508894314394,-0.0020324148620495339,-0.0014746360273819054,0.0043133128249402877,0,1,1000
D3,2,day_of_week=Fri,C_context,-8.6282239536663831e-05,-1.3820947445727509e-05,0.00010010318698239184,0.0001328769787878679,0,1,1000
D3,2,day_of_week=Sat,C_context,-0.0064828261649244193,0.0027574694009172445,0.0037253567640071704,0.0079692506298119099,0,1,1000
D3,2,day_of_week=Sun,C_context,0.0069929934220433563,-0.0069350497233435868,-5.7943698699770008e-05,0.0098488694345193056,0,1,1000
D3,3,home_rest_days,C_context,-0.011998453269776169,-0.013620726749668587,0.02561918001944475,0.031397921315349159,7.6963963963963948,5.2140738682094971,300
D3,3,home_matches_last14,C_context,0.020616197357382869,-0.029462966189246809,0.0088467688318639246,0.037031868558198629,1.5842105263157895,0.83399050726311441,300
D3,3,home_is_season_opener,C_context,0.0024550387500333567,-0.0080491385657972554,0.0055940998157639008,0.010104939369649861,0,1,300
D3,3,away_rest_days,C_context,-0.0068106452583249722,-0.012228240274312935,0.01903888553263795,0.023630359949987304,7.7342342342342336,5.2517832476132869,300
D3,3,away_matches_last14,C_context,0.011815274388417256,-0.049568057486178034,0.037752783097760742,0.063418180858908338,1.5798245614035087,0.82170979473604733,300
D3,3,away_is_season_opener,C_context,0.0024550387500333567,-0.0080491385657972554,0.0055940998157639008,0.010104939369649861,0,1,300
D3,3,rel_rest_days_diff,C_context,-0.010036317956499901,-0.002546992049450482,0.012583310005950386,0.016295844173585407,-0.037837837837837777,2.6695835161751429,300
D3,3,rel_matches_last14_diff,C_context,0.011900513947959159,0.025691045767334518,-0.037591559715293703,0.047061421851377801,0.0043859649122807015,0.62896327269524333,300
D3,3,days_since_season_start,C_context,0.0024924824347214458,-0.0027787403752198153,0.00028625794049835448,0.0037437695400184645,151.11140350877193,87.417102845838926,300
D3,3,rel_context_available,C_context,-0.0024550387500333918,0.008049138565797238,-0.005594099815763932,0.010104939369649873,0,1,300
D3,3,kickoff_hour_bucket=early,C_context,0.0084896220977169912,-0.022630556250572288,0.014140934152855302,0.028003245852717691,0,1,300
D3,3,kickoff_hour_bucket=afternoon,C_context,-0.00093667353806060243,0.0063968382646316943,-0.0054601647265711045,0.0084622866851726611,0,1,300
D3,3,kickoff_hour_bucket=evening,C_context,-0.0075529485596564023,0.016233717985940567,-0.0086807694262841725,0.019898150402089539,0,1,300
D3,3,day_of_week=Mon,C_context,0.00077189313497820944,0.0060336919376555651,-0.006805585072633776,0.0091278280872950247,0,1,300
D3,3,day_of_week=Tue,C_context,0.0046909021282660873,0.0031566383464245616,-0.0078475404746906462,0.0096722706707885915,0,1,300
D3,3,day_of_week=Wed,C_context,-0.0047057695136204329,-0.002799669308208374,0.0075054388218288061,0.00929053426121762,0,1,300
D3,3,day_of_week=Thu,C_context,0.010663438090592786,-0.0085960040724627155,-0.0020674340181300712,0.013851876455737763,0,1,300
D3,3,day_of_week=Fri,C_context,-0.0056996793510660435,0.00298468221373412,0.0027149971373319234,0.006983257268472212,0,1,300
D3,3,day_of_week=Sat,C_context,-0.021754683029315002,0.0097265090617588389,0.012028173967556155,0.026693598131916171,0,1,300
D3,3,day_of_week=Sun,C_context,0.016033898540164383,-0.010505848178902016,-0.0055280503612623799,0.019950390701715032,0,1,300
D3,4,home_rest_days,C_context,-0.013530964015114957,-0.018292275371203006,0.031823239386317946,0.039120491950806982,7.6831081081081027,4.8365642507650257,300
D3,4,home_matches_last14,C_context,0.014046012174288936,-0.022622404595476181,0.0085763924211872435,0.02797531330734104,1.5736842105263158,0.81100464354770985,300
D3,4,home_is_season_opener,C_context,0.0036779166689633806,-0.010387925824256261,0.006710009155292883,0.012901949341793399,0,1,300
D3,4,away_rest_days,C_context,-0.0061371281863279161,-0.018874262757126708,0.025011390943454618,0.031929168700841629,7.6831081081081027,4.8773359924611768,300
D3,4,away_matches_last14,C_context,0.0089529283942362051,-0.039263584582605697,0.030310656188369482,0.050403570108448606,1.5657894736842106,0.79943279754080787,300
D3,4,away_is_season_opener,C_context,0.0036779166689633806,-0.010387925824256261,0.006710009155292883,0.012901949341793399,0,1,300
D3,4,rel_rest_days_diff,C_context,-0.014551467903975766,0.0014687931987725474,0.013082674705203192,0.019622918974081322,0,2.4403407872456535,300
D3,4,rel_matches_last14_diff,C_context,0.0071983148599066753,0.022171903351834388,-0.029370218211741069,0.037496916578176463,0.0078947368421052634,0.58820940549189937,300
D3,4,days_since_season_start,C_context,0.0046572074486117962,-0.0049027301316054428,0.000245522682993614,0.0067665815114148669,149.42105263157896,86.025067209306314,300
D3,4,rel_context_available,C_context,-0.0036779166689634114,0.010387925824256277,-0.0067100091552928934,0.012901949341793426,0,1,300
D3,4,kickoff_hour_bucket=early,C_context,0.017496195616049419,-0.024061680816523715,0.0065654852004742928,0.030466160582997313,0,1,300
D3,4,kickoff_hour_bucket=afternoon,C_context,-0.024378839420989933,0.019172174701489447,0.0052066647195004485,0.031448520661553153,0,1,300
D3,4,kickoff_hour_bucket=evening,C_context,0.0068826438049404701,0.0048895061150342582,-0.011772149919974721,0.014486599653921677,0,1,300
D3,4,day_of_week=Mon,C_context,0.0054525664044493272,0.0048171365152057033,-0.010269702919655036,0.01258578891683111,0,1,300
D3,4,day_of_week=Tue,C_context,0.015695750863666515,0.0005787952725804504,-0.016274546136246962,0.022617525308545154,0,1,300
D3,4,day_of_week=Wed,C_context,-0.0053408401752510042,-0.00016640923899041048,0.005507249414241429,0.0076734647925861431,0,1,300
D3,4,day_of_week=Thu,C_context,0.015734449779592569,-0.013319068455688693,-0.0024153813239038719,0.020755831983654757,0,1,300
D3,4,day_of_week=Fri,C_context,-0.0034640546465770257,0.0031142406429619991,0.00034981400361502651,0.004671246002286052,0,1,300
D3,4,day_of_week=Sat,C_context,-0.023001608073635146,0.0029664037578385539,0.020035204315796622,0.030647723197708372,0,1,300
D3,4,day_of_week=Sun,C_context,-0.0050762641522452282,0.0020089015060923976,0.0030673626461528206,0.0062620169759881605,0,1,300
D4,1,home_rest_days,C_context,-0.00044801283600958965,0.00078547113352925215,-0.00033745829751965562,0.00096517278525761808,7.5324324324324321,4.0891740289422573,1000
D4,1,home_matches_last14,C_context,-0.0061905597094867081,0.0014549485324447638,0.004735611177041933,0.0079288030602927585,1.5473684210526315,0.84937650262607189,1000
D4,1,home_is_season_opener,C_context,0.0026199200362229864,-0.0025692866554019073,-5.0633380821080373e-05,0.0036698472247605001,0,1,1000
D4,1,away_rest_days,C_context,-0.0014189845223611917,0.0033568869086001551,-0.0019379023862389658,0.004127671553118344,7.6513513513513507,4.2177645377131148,1000
D4,1,away_matches_last14,C_context,-0.0080205225799745514,-0.00588170673137211,0.013902229311346654,0.017093719207797221,1.5394736842105263,0.86207811151896963,1000
D4,1,away_is_season_opener,C_context,0.0026199200362229864,-0.0025692866554019073,-5.0633380821080373e-05,0.0036698472247605001,0,1,1000
D4,1,rel_rest_days_diff,C_context,0.0011785097426039802,-0.0031064041684455133,0.0019278944258415273,0.0038412769996889044,-0.11891891891891893,3.5238912282213986,1000
D4,1,rel_matches_last14_diff,C_context,0.0022122753832190434,0.0084236451321758263,-0.01063592051539488,0.013746809262291527,0.0078947368421052634,0.74864142880264495,1000
D4,1,days_since_season_start,C_context,0.0037935474286477878,-0.0056415867754281328,0.0018480393467803519,0.0070451226295455069,148.78157894736842,84.165045736473743,1000
D4,1,rel_context_available,C_context,-0.0026199200362229855,0.0025692866554019125,5.0633380821080855e-05,0.0036698472247605036,0,1,1000
D4,1,home_prior_attack,X_prior_composite,0,0,0,0,0,1,1000
D4,1,home_prior_finishing,X_prior_composite,0,0,0,0,0,1,1000
D4,1,home_prior_defence,X_prior_composite,0,0,0,0,0,1,1000
D4,1,home_prior_keeping,X_prior_composite,0,0,0,0,0,1,1000
D4,1,home_prior_control,X_prior_composite,0,0,0,0,0,1,1000
D4,1,home_prior_discipline,X_prior_composite,0,0,0,0,0,1,1000
D4,1,home_prior_rotation,X_prior_composite,0,0,0,0,0,1,1000
D4,1,home_prior_venue_split,X_prior_composite,0,0,0,0,0,1,1000
D4,1,away_prior_attack,X_prior_composite,0,0,0,0,0,1,1000
D4,1,away_prior_finishing,X_prior_composite,0,0,0,0,0,1,1000
D4,1,away_prior_defence,X_prior_composite,0,0,0,0,0,1,1000
D4,1,away_prior_keeping,X_prior_composite,0,0,0,0,0,1,1000
D4,1,away_prior_control,X_prior_composite,0,0,0,0,0,1,1000
D4,1,away_prior_discipline,X_prior_composite,0,0,0,0,0,1,1000
D4,1,away_prior_rotation,X_prior_composite,0,0,0,0,0,1,1000
D4,1,away_prior_venue_split,X_prior_composite,0,0,0,0,0,1,1000
D4,1,rel_prior_attack_diff,X_prior_composite,0,0,0,0,0,1,1000
D4,1,rel_prior_finishing_diff,X_prior_composite,0,0,0,0,0,1,1000
D4,1,rel_prior_defence_diff,X_prior_composite,0,0,0,0,0,1,1000
D4,1,rel_prior_keeping_diff,X_prior_composite,0,0,0,0,0,1,1000
D4,1,rel_prior_control_diff,X_prior_composite,0,0,0,0,0,1,1000
D4,1,rel_prior_discipline_diff,X_prior_composite,0,0,0,0,0,1,1000
D4,1,rel_prior_rotation_diff,X_prior_composite,0,0,0,0,0,1,1000
D4,1,rel_prior_venue_split_diff,X_prior_composite,0,0,0,0,0,1,1000
D4,1,home_prior_fbref_available,X_availability,0,0,0,0,0,1,1000
D4,1,away_prior_fbref_available,X_availability,0,0,0,0,0,1,1000
D4,1,rel_prior_fbref_available,X_availability,0,0,0,0,0,1,1000
D4,1,kickoff_hour_bucket=early,C_context,0.00024359615642187662,-0.0040556496554953114,0.0038120534990734346,0.0055713001261232346,0,1,1000
D4,1,kickoff_hour_bucket=afternoon,C_context,0.0014394482411121973,-0.0017409423617512033,0.00030149412063900277,0.0022789888658264089,0,1,1000
D4,1,kickoff_hour_bucket=evening,C_context,-0.0016830443975340702,0.0057965920172465095,-0.0041135476197124397,0.0073044090437295924,0,1,1000
D4,1,day_of_week=Mon,C_context,0.0017746478240190352,0.0017899424175281402,-0.0035645902415471753,0.0043657270124797462,0,1,1000
D4,1,day_of_week=Tue,C_context,0.0017430660848608351,-0.00014022259596649774,-0.0016028434888943374,0.0023721401734515257,0,1,1000
D4,1,day_of_week=Wed,C_context,-0.0045117308105998089,0.0017761411176054945,0.0027355896929943148,0.0055672114335079135,0,1,1000
D4,1,day_of_week=Thu,C_context,0.0023746837008598262,-0.00021477623584749414,-0.0021599074650123311,0.0032172118003063045,0,1,1000
D4,1,day_of_week=Fri,C_context,0.0013870754933081233,-0.00044299479370159316,-0.00094408069960652996,0.0017353706171167719,0,1,1000
D4,1,day_of_week=Sat,C_context,-0.0095735146887617282,0.0010261579240066433,0.0085473567647550847,0.012874878300199295,0,1,1000
D4,1,day_of_week=Sun,C_context,0.0068057723963137187,-0.0037942478336246968,-0.0030115245626890236,0.0083536898868147354,0,1,1000
D4,2,home_rest_days,C_context,-0.0052414103848402501,-0.0071981253478467519,0.012439535732687008,0.01529795543824148,7.7459459459459472,5.7484823898685242,1000
D4,2,home_matches_last14,C_context,0.0060828579165735971,-0.0049244065350716416,-0.0011584513815019559,0.0079115706253045717,1.5973684210526315,0.84354728507693555,1000
D4,2,home_is_season_opener,C_context,0.0020292404261058631,-0.0032585176218810083,0.0012292771957751454,0.0040307413986888528,0,1,1000
D4,2,away_rest_days,C_context,-0.0036315326730909335,-0.0051495329254933305,0.00878106559858427,0.010807998517445634,7.813513513513513,5.7797587894561717,1000
D4,2,away_matches_last14,C_context,0.0018216954012210819,-0.013440904200135981,0.011619208798914897,0.017860080989873604,1.5868421052631578,0.84000972821170494,1000
D4,2,away_is_season_opener,C_context,0.0020292404261058631,-0.0032585176218810083,0.0012292771957751454,0.0040307413986888528,0,1,1000
D4,2,rel_rest_days_diff,C_context,-0.0031576716536527018,-0.0040124737913629742,0.0071701454450156668,0.008802375923654673,-0.06756756756756753,2.8947824256077475,1000
D4,2,rel_matches_last14_diff,C_context,0.0054163539956132035,0.010734408194388683,-0.016150762190001881,0.020134833726841363,0.010526315789473684,0.66482663893213434,1000
D4,2,days_since_season_start,C_context,0.0020004687629765292,-0.0037783041437667777,0.0017778353807902426,0.0046301356476500383,152.70526315789473,88.952115880779246,1000
D4,2,rel_context_available,C_context,-0.0020292404261058636,0.0032585176218810083,-0.0012292771957751502,0.0040307413986888545,0,1,1000
D4,2,home_prior_attack,X_prior_composite,0.0055042442639618413,-0.00019120005152820549,-0.005313044212433623,0.0076525617397271376,0.2007653472789829,0.59902823196960009,1000
D4,2,home_prior_finishing,X_prior_composite,0.0048554293487133287,-0.010135409068458785,0.005279979719745454,0.012416919786576162,0.2123890316089633,0.54866375818425939,1000
D4,2,home_prior_defence,X_prior_composite,0.0087141530839298341,-0.00065895192758991597,-0.0080552011563399129,0.011885156594767196,0.1868261243404418,0.58951951900854915,1000
D4,2,home_prior_keeping,X_prior_composite,0.0060349073273148731,-0.0023001574971956238,-0.0037347498301192493,0.0074605085118080085,0.16484185044499278,0.54060657695855974,1000
D4,2,home_prior_control,X_prior_composite,0.0063049097371941643,-0.0049076607096963732,-0.0013972490274977998,0.0081110619083142772,0.11429442090647918,0.49268771574502024,1000
D4,2,home_prior_discipline,X_prior_composite,0.0021271986148477073,-0.00063636824241209203,-0.0014908303724356228,0.0026744183828147005,0.040570847998894738,0.58057946581967157,1000
D4,2,home_prior_rotation,X_prior_composite,0.002737028101636133,0.010590398018119559,-0.013327426119755695,0.017241465714633513,-0.024220902846607988,0.36026817845577774,1000
D4,2,home_prior_venue_split,X_prior_composite,0.00068414559364209278,-0.0078103326087913998,0.0071261870151493097,0.010594899340160472,0.090941351069257076,0.65790810114497611,1000
D4,2,away_prior_attack,X_prior_composite,-0.0010444547314649188,-0.006470859211548715,0.0075153139430136255,0.0099721035034650192,0.20076534727898282,0.59902823196959987,1000
D4,2,away_prior_finishing,X_prior_composite,0.0069086869921021962,-0.0079640085915225513,0.0010553215994203609,0.010595711041685227,0.21238903160896316,0.54866375818425939,1000
D4,2,away_prior_defence,X_prior_composite,-0.0092528298256642182,0.0027632134805213966,0.0064896163451428233,0.0116346606666796,0.18682612434044188,0.58951951900854926,1000
D4,2,away_prior_keeping,X_prior_composite,0.0050153013264007716,0.0010399433711449858,-0.0060552446975457525,0.0079309972864036269,0.16484185044499264,0.54060657695855985,1000
D4,2,away_prior_control,X_prior_composite,0.0046888435305666686,-0.0064643882190256775,0.0017755446884590014,0.0081808390548359922,0.11429442090647922,0.49268771574502035,1000
D4,2,away_prior_discipline,X_prior_composite,-0.0092117758975866788,0.010221207991779805,-0.0010094320941931286,0.013796697472633417,0.040570847998894773,0.58057946581967146,1000
D4,2,away_prior_rotation,X_prior_composite,-0.0044539392425600888,0.0071437848219141221,-0.0026898455793540384,0.0088377885015991295,-0.024220902846607998,0.36026817845577774,1000
D4,2,away_prior_venue_split,X_prior_composite,-0.011784931330730721,0.0064502665861503041,0.0053346647445804167,0.014455075006360738,0.090941351069257229,0.657908101144976,1000
D4,2,rel_prior_attack_diff,X_prior_composite,0.0023283494295329742,0.0035949662500273853,-0.0059233156795603622,0.0073096280373605958,-1.6361181415528621e-17,0.8013273190113761,1000
D4,2,rel_prior_finishing_diff,X_prior_composite,-0.0051478234297392877,-0.0024874099024980076,0.0076352333322372914,0.0095385576543062997,-6.7197709385206844e-18,0.73395415260964092,1000
D4,2,rel_prior_defence_diff,X_prior_composite,0.0099921166322292504,-0.0030369361852960078,-0.0069551804469332396,0.012547506175931341,8.7649186154617617e-18,0.78860739855074169,1000
D4,2,rel_prior_keeping_diff,X_prior_composite,-0.0011251716311776307,-0.00091180850582993106,0.0020369801370075679,0.0024993387184361611,1.1686558153949016e-18,0.72317596372670589,1000
D4,2,rel_prior_control_diff,X_prior_composite,-0.0023036241595199348,0.0016852535763591796,0.00061837058316075236,0.0029204701784257105,-1.1686558153949016e-17,0.659074322874038,1000
D4,2,rel_prior_discipline_diff,X_prior_composite,0.0079542842656365603,-0.0075977332020978131,-0.00035655106353875421,0.011005603874832287,-8.6188366385374001e-18,0.7766481811527447,1000
D4,2,rel_prior_rotation_diff,X_prior_composite,0.0078185871148029017,0.0020072456039213885,-0.0098258327187242863,0.012716380302687413,7.1580168692937731e-18,0.48193510449058602,1000
D4,2,rel_prior_venue_split_diff,X_prior_composite,0.0067418341303452983,-0.010375314101318801,0.0036334799709735128,0.012895799581320236,-5.9893610538988709e-18,0.88009163293179216,1000
D4,2,home_prior_fbref_available,X_availability,0.0072955259340029494,-0.0017575317862068192,-0.0055379941477961339,0.009326467488511455,0,1,1000
D4,2,away_prior_fbref_available,X_availability,0.0017715498634001308,0.0027223343660659986,-0.004493884229466125,0.0055447713015976891,0,1,1000
D4,2,rel_prior_fbref_available,X_availability,0.0017896552069387901,0.0022733918153775646,-0.0040630470223163495,0.0049879381723817087,0,1,1000
D4,2,kickoff_hour_bucket=early,C_context,0.0013260954644370557,-0.0040320617796617058,0.0027059663152246491,0.0050337168250647272,0,1,1000
D4,2,kickoff_hour_bucket=afternoon,C_context,0.0050750632523658802,-0.0039927348883338895,-0.0010823283640319973,0.0065474906331831713,0,1,1000
D4,2,kickoff_hour_bucket=evening,C_context,-0.0064011587168029431,0.0080247966679955953,-0.0016236379511926585,0.010392708726647187,0,1,1000
D4,2,day_of_week=Mon,C_context,4.4556890020374937e-05,0.0022686488502918537,-0.0023132057403122287,0.0032403200026220069,0,1,1000
D4,2,day_of_week=Tue,C_context,0.0022808143557875343,0.0010047506919875716,-0.0032855650477751066,0.0041239029767657538,0,1,1000
D4,2,day_of_week=Wed,C_context,-0.0062553992156666087,0.0029618488615864315,0.0032935503540801781,0.0076648575956181292,0,1,1000
D4,2,day_of_week=Thu,C_context,0.0035109975968359475,-0.0020006145895788826,-0.0015103830072570646,0.004314025925934448,0,1,1000
D4,2,day_of_week=Fri,C_context,-0.00012574284986250429,-1.5383558096516272e-05,0.00014112640795902102,0.00018964329984122618,0,1,1000
D4,2,day_of_week=Sat,C_context,-0.0064802579010720483,0.0026881897127091965,0.003792068188362844,0.0079749537641992455,0,1,1000
D4,2,day_of_week=Sun,C_context,0.0070250311239573012,-0.0069074399688996537,-0.0001175911550576512,0.0098527974147583595,0,1,1000
D4,3,home_rest_days,C_context,-0.0087430683130964703,-0.0032216555585725779,0.011964723871669036,0.015164924180187649,7.6963963963963948,5.2140738682094971,1000
D4,3,home_matches_last14,C_context,0.010615203409626867,-0.012522702553930207,0.0019074991443033392,0.01652692275251149,1.5842105263157895,0.83399050726311441,1000
D4,3,home_is_season_opener,C_context,0.0014486865811762751,-0.0025749887814448132,0.0011263022002685394,0.0031619324283381832,0,1,1000
D4,3,away_rest_days,C_context,-0.0054459959408199293,-0.0015752114409380708,0.0070212073817579853,0.0090242737086561244,7.7342342342342336,5.2517832476132869,1000
D4,3,away_matches_last14,C_context,0.0048298528289720611,-0.022555469169830807,0.017725616340858747,0.029090791369160724,1.5798245614035087,0.82170979473604733,1000
D4,3,away_is_season_opener,C_context,0.0014486865811762751,-0.0025749887814448132,0.0011263022002685394,0.0031619324283381832,0,1,1000
D4,3,rel_rest_days_diff,C_context,-0.0063627205022059857,-0.0031934872805824241,0.0095562077827884076,0.011916529712473336,-0.037837837837837777,2.6695835161751429,1000
D4,3,rel_matches_last14_diff,C_context,0.0077655432544826847,0.012862809702371272,-0.02062835295685397,0.025520275883877196,0.0043859649122807015,0.62896327269524333,1000
D4,3,days_since_season_start,C_context,0.001875833080418625,-0.0022751149118601646,0.00039928183144154352,0.0029756215466151988,151.11140350877193,87.417102845838926,1000
D4,3,rel_context_available,C_context,-0.0014486865811762729,0.0025749887814448136,-0.0011263022002685323,0.0031619324283381801,0,1,1000
D4,3,home_prior_attack,X_prior_composite,0.0092353693752725997,-0.0029029862035999322,-0.0063323831716726644,0.011567992610167839,0.14993822384192904,0.72435367625612301,1000
D4,3,home_prior_finishing,X_prior_composite,0.0034424715364369781,-0.010074206278282339,0.0066317347418453623,0.012542732880148602,0.12554499044370815,0.67044408613987239,1000
D4,3,home_prior_defence,X_prior_composite,0.010113502020030833,0.0024389093881181877,-0.01255241140814903,0.016303197056775357,0.16852049303776637,0.68098082941145366,1000
D4,3,home_prior_keeping,X_prior_composite,0.0059525066916607762,-0.005217676637145883,-0.00073483005451488708,0.0079496201552717374,0.22511119741856531,0.54440542826265215,1000
D4,3,home_prior_control,X_prior_composite,0.0082714482268833444,-0.00079487689655699447,-0.0074765713303263596,0.011178005363576713,0.1166139537776526,0.56521146284112311,1000
D4,3,home_prior_discipline,X_prior_composite,0.013395046004663019,-0.019917420860920427,0.0065223748562574149,0.024873123748005713,-0.0017027430030059092,0.67679307541674472,1000
D4,3,home_prior_rotation,X_prior_composite,0.0041489083831474432,0.0015612603511313086,-0.0057101687342787644,0.0072289004440302352,-0.022929293405066629,0.43959313850209636,1000
D4,3,home_prior_venue_split,X_prior_composite,-0.0022549499484466498,-0.0047835671479161922,0.0070385170963628329,0.0088038648810857198,0.10620763689958446,0.73825997891585449,1000
D4,3,away_prior_attack,X_prior_composite,-0.0032720323291116006,-7.7103266693938509e-05,0.0033491355958055365,0.0046828249717001027,0.14993822384192901,0.72435367625612301,1000
D4,3,away_prior_finishing,X_prior_composite,0.0024957970632351481,-0.0030227921507923897,0.00052699508755723603,0.0039552495736748057,0.12554499044370834,0.67044408613987228,1000
D4,3,away_prior_defence,X_prior_composite,-0.0087451876206750094,0.0012370497450815013,0.0075081378755934812,0.011592270396757273,0.16852049303776634,0.68098082941145377,1000
D4,3,away_prior_keeping,X_prior_composite,0.011625887384210455,-0.0052017533887612948,-0.0064241339954491661,0.014264956830615336,0.22511119741856525,0.54440542826265215,1000
D4,3,away_prior_control,X_prior_composite,-0.0014878540784113679,-0.0027092620796811966,0.0041971161580925597,0.0052124461454834689,0.11661395377765257,0.56521146284112311,1000
D4,3,away_prior_discipline,X_prior_composite,-0.011266637316618745,0.016125352333143182,-0.0048587150165244298,0.020262556993233413,-0.0017027430030058851,0.67679307541674483,1000
D4,3,away_prior_rotation,X_prior_composite,0.0021727954032765579,0.0099104834962243562,-0.012083278899500925,0.015777970463800448,-0.022929293405066626,0.4395931385020963,1000
D4,3,away_prior_venue_split,X_prior_composite,-0.0084411664050162687,0.0018534082664670971,0.0065877581385491539,0.010866782862071206,0.10620763689958448,0.73825997891585438,1000
D4,3,rel_prior_attack_diff,X_prior_composite,0.010021310377595424,-0.0058742996008319505,-0.0041470107767634691,0.012334170254501457,-7.4093638001783379e-18,0.96762397556314372,1000
D4,3,rel_prior_finishing_diff,X_prior_composite,0.00022030116465176068,-0.010021938865178324,0.0098016377005265658,0.014019981912716665,-6.6288277470040462e-18,0.89258737557050483,1000
D4,3,rel_prior_defence_diff,X_prior_composite,0.01404743924563647,-0.0036460397137578668,-0.010401399531878604,0.017855342818773091,2.1057287320773578e-17,0.91076977492149958,1000
D4,3,rel_prior_keeping_diff,X_prior_composite,-0.0060546421593017782,0.0015815043331982891,0.0044731378261034845,0.0076921264709075912,1.9513401329357276e-19,0.72572443164292932,1000
D4,3,rel_prior_control_diff,X_prior_composite,0.0033429296421988094,0.0068650905998539954,-0.010208020242052803,0.012747875305283422,-7.7996318267654837e-18,0.75608660961584606,1000
D4,3,rel_prior_discipline_diff,X_prior_composite,0.014970157296384342,-0.021159205748499908,0.0061890484521155672,0.026648112843660712,-7.6044978134719092e-18,0.90435294850322678,1000
D4,3,rel_prior_rotation_diff,X_prior_composite,0.0033696839184810998,-0.0036791540578814588,0.00030947013940034961,0.0049986714294176426,8.4826008732929866e-18,0.58804762564484059,1000
D4,3,rel_prior_venue_split_diff,X_prior_composite,-0.00049187116933436202,-0.0046122950570248169,0.0051041662263591739,0.006896935247382243,-6.5312607403572605e-18,0.98745965408764524,1000
D4,3,home_prior_fbref_available,X_availability,0.014568383142364798,-0.0014004530985797508,-0.013167930043785039,0.019687392867062847,0,1,1000
D4,3,away_prior_fbref_available,X_availability,-0.0030052444694472122,0.0014495199542506859,0.0015557245151965322,0.0036814237987628446,0,1,1000
D4,3,rel_prior_fbref_available,X_availability,0.0034215523972732334,0.0016156655477183705,-0.0050372179449916085,0.0063000762372145786,0,1,1000
D4,3,kickoff_hour_bucket=early,C_context,0.0020459964481213018,-0.0071487223797656266,0.005102725931644324,0.00901821185502771,0,1,1000
D4,3,kickoff_hour_bucket=afternoon,C_context,0.00075520129117030103,0.0016482426354884744,-0.00240344392665877,0.0030105772676050366,0,1,1000
D4,3,kickoff_hour_bucket=evening,C_context,-0.0028011977392916033,0.0055004797442771546,-0.0026992820049855475,0.0067370698032790536,0,1,1000
D4,3,day_of_week=Mon,C_context,0.00026148808857710614,0.0019433249807175974,-0.0022048130692947014,0.0029506081867441297,0,1,1000
D4,3,day_of_week=Tue,C_context,0.0014902213486985782,0.0011776173292595924,-0.0026678386779581701,0.0032748901437909487,0,1,1000
D4,3,day_of_week=Wed,C_context,-0.0017305668737202676,-0.00066764612596901998,0.0023982129996892899,0.0030318375032013316,0,1,1000
D4,3,day_of_week=Thu,C_context,0.0033636590969827085,-0.0024764772113547132,-0.00088718188562799468,0.004270156156074411,0,1,1000
D4,3,day_of_week=Fri,C_context,-0.0016659613310286215,0.00094974390329600697,0.00071621742773261452,0.0020470486174291305,0,1,1000
D4,3,day_of_week=Sat,C_context,-0.0071390132442563266,0.0026574254424590609,0.0044815878017972688,0.0088381021327609728,0,1,1000
D4,3,day_of_week=Sun,C_context,0.0054201729147468208,-0.0035839883184085185,-0.0018361845963383034,0.0067523936914307527,0,1,1000
D4,4,home_rest_days,C_context,-0.0096003897059070906,-0.00687527045068067,0.016475660156587739,0.020270278830609667,7.6831081081081027,4.8365642507650257,1000
D4,4,home_matches_last14,C_context,0.0081429362214117899,-0.008994038956089679,0.00085110273467789562,0.01216242257589396,1.5736842105263158,0.81100464354770985,1000
D4,4,home_is_season_opener,C_context,0.0017660594299039659,-0.0034405170825703426,0.0016744576526663754,0.0042142534494242333,0,1,1000
D4,4,away_rest_days,C_context,-0.0052362935676167057,-0.0062313094414754699,0.011467603009092196,0.014062500007318251,7.6831081081081027,4.8773359924611768,1000
D4,4,away_matches_last14,C_context,0.0041108143455892759,-0.018338088393578686,0.014227274047989392,0.023571160500730555,1.5657894736842106,0.79943279754080787,1000
D4,4,away_is_season_opener,C_context,0.0017660594299039659,-0.0034405170825703426,0.0016744576526663754,0.0042142534494242333,0,1,1000
D4,4,rel_rest_days_diff,C_context,-0.0085618118050450939,-0.0011721713098359001,0.0097339831148810074,0.013016490857577572,0,2.4403407872456535,1000
D4,4,rel_matches_last14_diff,C_context,0.0056402349983473068,0.012522516436526,-0.018162751434873309,0.022770841188340808,0.0078947368421052634,0.58820940549189937,1000
D4,4,days_since_season_start,C_context,0.0023890884541868255,-0.0037582856351339737,0.0013691971809471318,0.004659093847251496,149.42105263157896,86.025067209306314,1000
D4,4,rel_context_available,C_context,-0.0017660594299039481,0.0034405170825703418,-0.0016744576526663702,0.0042142534494242229,0,1,1000
D4,4,home_prior_attack,X_prior_composite,0.011425710206584276,-0.0057663889435340581,-0.0056593212630502198,0.01399378477508384,0.16990869203022035,0.74645890044263419,1000
D4,4,home_prior_finishing,X_prior_composite,0.010020872096517105,-0.0167647825145072,0.0067439104179901066,0.020662916978475158,0.14308046849146913,0.69141450152428741,1000
D4,4,home_prior_defence,X_prior_composite,0.0071214087780594494,0.01047971782043646,-0.017601126598495932,0.02168729135038483,0.19814606894053338,0.69388694759471736,1000
D4,4,home_prior_keeping,X_prior_composite,0.0067715343134139511,-0.0070195772741378053,0.00024804296072384918,0.0097565192243801342,0.21405449487074019,0.57815404865403275,1000
D4,4,home_prior_control,X_prior_composite,0.0088708051115729668,-0.0045013399162105424,-0.0043694651953624236,0.010864873237284594,0.11267406645303568,0.5734381569756245,1000
D4,4,home_prior_discipline,X_prior_composite,0.013000663144381069,-0.020177017237898338,0.0071763540935172654,0.025052531306988861,-0.021423412400592659,0.66876406116238052,1000
D4,4,home_prior_rotation,X_prior_composite,0.0074199494756726778,-0.0044636282244001945,-0.0029563212512724855,0.0091498340142279408,-0.027691462520055974,0.47057065912370705,1000
D4,4,home_prior_venue_split,X_prior_composite,0.001702481155319524,-0.0042357776668866072,0.0025332965115671051,0.0052209046862619042,0.11041872771372692,0.7770574166215054,1000
D4,4,away_prior_attack,X_prior_composite,-0.0012795817111031416,0.00045560946956464655,0.00082397224153849772,0.0015886596863307757,0.16990869203022027,0.74645890044263419,1000
D4,4,away_prior_finishing,X_prior_composite,0.013306220963582952,-0.014516001227801115,0.001209780264218193,0.019728998359392444,0.14308046849146908,0.69141450152428741,1000
D4,4,away_prior_defence,X_prior_composite,-0.016308739705880124,0.0057040822762849559,0.010604657429595172,0.020272402536646889,0.19814606894053333,0.69388694759471725,1000
D4,4,away_prior_keeping,X_prior_composite,0.004800385804238509,0.0061609815731118421,-0.010961367377350347,0.013459308028089657,0.21405449487074008,0.57815404865403264,1000
D4,4,away_prior_control,X_prior_composite,0.0080224663719948991,-0.0090548373991683438,0.0010323710271734521,0.012141492369264739,0.11267406645303576,0.57343815697562439,1000
D4,4,away_prior_discipline,X_prior_composite,0.00024536214888855215,0.0045064788682246636,-0.0047518410171132185,0.0065535141279913509,-0.021423412400592663,0.66876406116238052,1000
D4,4,away_prior_rotation,X_prior_composite,0.0085016862971501999,-0.00058101281797972248,-0.0079206734791704789,0.011634144324076558,-0.02769146252005596,0.47057065912370699,1000
D4,4,away_prior_venue_split,X_prior_composite,-0.0015348047395598351,-0.0069905748895292986,0.0085253796290891363,0.01113130094350076,0.11041872771372692,0.77705741662150551,1000
D4,4,rel_prior_attack_diff,X_prior_composite,0.0097690606634434438,-0.0060944960572671203,-0.0036745646061763335,0.012086349882534693,-2.2277501480965312e-18,0.99710663930997634,1000
D4,4,rel_prior_finishing_diff,X_prior_composite,-0.0046722221533934431,-0.0050184761612189566,0.0096906983146124014,0.011871158185123095,-1.5411648565520264e-17,0.92142699239337633,1000
D4,4,rel_prior_defence_diff,X_prior_composite,0.016815717722707658,0.0004743590584390439,-0.017290076781146697,0.024123435371937715,9.6961912183545745e-18,0.92700422771835,1000
D4,4,rel_prior_keeping_diff,X_prior_composite,-0.0042538596962721307,-0.0037762305097345616,0.0080300902060066858,0.009840609122143967,1.6069017461679897e-18,0.77143488563046403,1000
D4,4,rel_prior_control_diff,X_prior_composite,-0.0026959438787141536,0.01033712418765385,-0.0076411803089397106,0.01313437803559356,-4.2363773308065185e-18,0.76706941365160397,1000
D4,4,rel_prior_discipline_diff,X_prior_composite,0.011569307444624179,-0.016089657881103697,0.0045203504364795073,0.020326326120275136,-8.3266726846886737e-18,0.89335737451973518,1000
D4,4,rel_prior_rotation_diff,X_prior_composite,0.003061795315099679,-0.0033550384756565136,0.00029324316055682158,0.0045515783279995604,5.1859101808148759e-18,0.6294459606056102,1000
D4,4,rel_prior_venue_split_diff,X_prior_composite,0.000317506702695063,-0.00085354347412419488,0.00053603677142912743,0.001056731938005308,-1.5338607577058083e-18,1.0393743900015049,1000
D4,4,home_prior_fbref_available,X_availability,0.018002630928613639,0.0017100168016267406,-0.019712647730240365,0.026750838460696379,0,1,1000
D4,4,away_prior_fbref_available,X_availability,-0.010752638661595265,0.0016580983821233705,0.009094540279471916,0.014180239466474833,0,1,1000
D4,4,rel_prior_fbref_available,X_availability,0.0020989707876297031,0.0047217598487849198,-0.0068207306364146073,0.0085570474377231927,0,1,1000
D4,4,kickoff_hour_bucket=early,C_context,0.0051990047214620135,-0.0077920050546622628,0.0025930003332002476,0.0097194981142877512,0,1,1000
D4,4,kickoff_hour_bucket=afternoon,C_context,-0.0092259170086212688,0.0066075559524601977,0.002618361056161075,0.01164616481659436,0,1,1000
D4,4,kickoff_hour_bucket=evening,C_context,0.0040269122871592631,0.0011844491022020649,-0.0052113613893613291,0.0066915790195369862,0,1,1000
D4,4,day_of_week=Mon,C_context,0.0018706738839931398,0.0014697138892090747,-0.0033403877732022151,0.0041009352801217062,0,1,1000
D4,4,day_of_week=Tue,C_context,0.0054736137556738278,0.00021602113741848964,-0.0056896348930923152,0.0078980413961188458,0,1,1000
D4,4,day_of_week=Wed,C_context,-0.0012770048260148752,2.0548123219330871e-05,0.0012564567027955442,0.0017916045872437838,0,1,1000
D4,4,day_of_week=Thu,C_context,0.005319946145568002,-0.0040365133021018906,-0.0012834328434661105,0.0068001813573960552,0,1,1000
D4,4,day_of_week=Fri,C_context,-0.00077931520961644534,0.00079952926181903119,-2.0214052202585726e-05,0.0011166860992914964,0,1,1000
D4,4,day_of_week=Sat,C_context,-0.0080565078149402256,0.00016543266339636182,0.0078910751515438738,0.011278464132390744,0,1,1000
D4,4,day_of_week=Sun,C_context,-0.0025514059346634127,0.0013652682270395976,0.0011861377076238142,0.0031273874458798041,0,1,1000
