rung,fold,inner_fold,lambda,lambda_label,inner_train_matches,inner_valid_matches,inner_train_max_date,inner_valid_min_date,inner_val_log_loss,inner_val_rps,inner_val_accuracy,constant_columns
B0,1,1,0.01,lam=0.01,97,93,2021-10-30,2021-10-31,1.0885001711974416,0.23445522875032712,0.26881720430107525,0
B0,1,2,0.01,lam=0.01,190,95,2022-01-02,2022-01-03,1.0703976174845642,0.24512465373961215,0.40000000000000002,0
B0,1,3,0.01,lam=0.01,285,95,2022-03-18,2022-03-19,1.0524882276594545,0.23466912896275771,0.48421052631578948,0
B0,1,1,0.029999999999999999,lam=0.03,97,93,2021-10-30,2021-10-31,1.0885001711974416,0.23445522875032712,0.26881720430107525,0
B0,1,2,0.029999999999999999,lam=0.03,190,95,2022-01-02,2022-01-03,1.0703976174845642,0.24512465373961215,0.40000000000000002,0
B0,1,3,0.029999999999999999,lam=0.03,285,95,2022-03-18,2022-03-19,1.0524882276594545,0.23466912896275771,0.48421052631578948,0
B0,1,1,0.10000000000000001,lam=0.1,97,93,2021-10-30,2021-10-31,1.0885001711974416,0.23445522875032712,0.26881720430107525,0
B0,1,2,0.10000000000000001,lam=0.1,190,95,2022-01-02,2022-01-03,1.0703976174845642,0.24512465373961215,0.40000000000000002,0
B0,1,3,0.10000000000000001,lam=0.1,285,95,2022-03-18,2022-03-19,1.0524882276594545,0.23466912896275771,0.48421052631578948,0
B0,1,1,0.29999999999999999,lam=0.3,97,93,2021-10-30,2021-10-31,1.0885001711974416,0.23445522875032712,0.26881720430107525,0
B0,1,2,0.29999999999999999,lam=0.3,190,95,2022-01-02,2022-01-03,1.0703976174845642,0.24512465373961215,0.40000000000000002,0
B0,1,3,0.29999999999999999,lam=0.3,285,95,2022-03-18,2022-03-19,1.0524882276594545,0.23466912896275771,0.48421052631578948,0
B0,1,1,1,lam=1,97,93,2021-10-30,2021-10-31,1.0885001711974416,0.23445522875032712,0.26881720430107525,0
B0,1,2,1,lam=1,190,95,2022-01-02,2022-01-03,1.0703976174845642,0.24512465373961215,0.40000000000000002,0
B0,1,3,1,lam=1,285,95,2022-03-18,2022-03-19,1.0524882276594545,0.23466912896275771,0.48421052631578948,0
B0,1,1,3,lam=3,97,93,2021-10-30,2021-10-31,1.0885001711974416,0.23445522875032712,0.26881720430107525,0
B0,1,2,3,lam=3,190,95,2022-01-02,2022-01-03,1.0703976174845642,0.24512465373961215,0.40000000000000002,0
B0,1,3,3,lam=3,285,95,2022-03-18,2022-03-19,1.0524882276594545,0.23466912896275771,0.48421052631578948,0
B0,1,1,10,lam=10,97,93,2021-10-30,2021-10-31,1.0885001711974416,0.23445522875032712,0.26881720430107525,0
B0,1,2,10,lam=10,190,95,2022-01-02,2022-01-03,1.0703976174845642,0.24512465373961215,0.40000000000000002,0
B0,1,3,10,lam=10,285,95,2022-03-18,2022-03-19,1.0524882276594545,0.23466912896275771,0.48421052631578948,0
B0,1,1,30,lam=30,97,93,2021-10-30,2021-10-31,1.0885001711974416,0.23445522875032712,0.26881720430107525,0
B0,1,2,30,lam=30,190,95,2022-01-02,2022-01-03,1.0703976174845642,0.24512465373961215,0.40000000000000002,0
B0,1,3,30,lam=30,285,95,2022-03-18,2022-03-19,1.0524882276594545,0.23466912896275771,0.48421052631578948,0
B0,1,1,100,lam=100,97,93,2021-10-30,2021-10-31,1.0885001711974416,0.23445522875032712,0.26881720430107525,0
B0,1,2,100,lam=100,190,95,2022-01-02,2022-01-03,1.0703976174845642,0.24512465373961215,0.40000000000000002,0
B0,1,3,100,lam=100,285,95,2022-03-18,2022-03-19,1.0524882276594545,0.23466912896275771,0.48421052631578948,0
B0,2,1,0.01,lam=0.01,190,190,2022-01-02,2022-01-03,1.0616034585958307,0.23925207756232689,0.44210526315789472,0
B0,2,2,0.01,lam=0.01,380,189,2022-05-22,2022-08-05,1.0551922393190374,0.23233980418883468,0.47089947089947087,0
B0,2,3,0.01,lam=0.01,569,191,2023-01-19,2023-01-21,1.050051360599261,0.22624004802456649,0.49738219895287961,0
B0,2,1,0.029999999999999999,lam=0.03,190,190,2022-01-02,2022-01-03,1.0616034585958307,0.23925207756232689,0.44210526315789472,0
B0,2,2,0.029999999999999999,lam=0.03,380,189,2022-05-22,2022-08-05,1.0551922393190374,0.23233980418883468,0.47089947089947087,0
B0,2,3,0.029999999999999999,lam=0.03,569,191,2023-01-19,2023-01-21,1.050051360599261,0.22624004802456649,0.49738219895287961,0
B0,2,1,0.10000000000000001,lam=0.1,190,190,2022-01-02,2022-01-03,1.0616034585958307,0.23925207756232689,0.44210526315789472,0
B0,2,2,0.10000000000000001,lam=0.1,380,189,2022-05-22,2022-08-05,1.0551922393190374,0.23233980418883468,0.47089947089947087,0
B0,2,3,0.10000000000000001,lam=0.1,569,191,2023-01-19,2023-01-21,1.050051360599261,0.22624004802456649,0.49738219895287961,0
B0,2,1,0.29999999999999999,lam=0.3,190,190,2022-01-02,2022-01-03,1.0616034585958307,0.23925207756232689,0.44210526315789472,0
B0,2,2,0.29999999999999999,lam=0.3,380,189,2022-05-22,2022-08-05,1.0551922393190374,0.23233980418883468,0.47089947089947087,0
B0,2,3,0.29999999999999999,lam=0.3,569,191,2023-01-19,2023-01-21,1.050051360599261,0.22624004802456649,0.49738219895287961,0
B0,2,1,1,lam=1,190,190,2022-01-02,2022-01-03,1.0616034585958307,0.23925207756232689,0.44210526315789472,0
B0,2,2,1,lam=1,380,189,2022-05-22,2022-08-05,1.0551922393190374,0.23233980418883468,0.47089947089947087,0
B0,2,3,1,lam=1,569,191,2023-01-19,2023-01-21,1.050051360599261,0.22624004802456649,0.49738219895287961,0
B0,2,1,3,lam=3,190,190,2022-01-02,2022-01-03,1.0616034585958307,0.23925207756232689,0.44210526315789472,0
B0,2,2,3,lam=3,380,189,2022-05-22,2022-08-05,1.0551922393190374,0.23233980418883468,0.47089947089947087,0
B0,2,3,3,lam=3,569,191,2023-01-19,2023-01-21,1.050051360599261,0.22624004802456649,0.49738219895287961,0
B0,2,1,10,lam=10,190,190,2022-01-02,2022-01-03,1.0616034585958307,0.23925207756232689,0.44210526315789472,0
B0,2,2,10,lam=10,380,189,2022-05-22,2022-08-05,1.0551922393190374,0.23233980418883468,0.47089947089947087,0
B0,2,3,10,lam=10,569,191,2023-01-19,2023-01-21,1.050051360599261,0.22624004802456649,0.49738219895287961,0
B0,2,1,30,lam=30,190,190,2022-01-02,2022-01-03,1.0616034585958307,0.23925207756232689,0.44210526315789472,0
B0,2,2,30,lam=30,380,189,2022-05-22,2022-08-05,1.0551922393190374,0.23233980418883468,0.47089947089947087,0
B0,2,3,30,lam=30,569,191,2023-01-19,2023-01-21,1.050051360599261,0.22624004802456649,0.49738219895287961,0
B0,2,1,100,lam=100,190,190,2022-01-02,2022-01-03,1.0616034585958307,0.23925207756232689,0.44210526315789472,0
B0,2,2,100,lam=100,380,189,2022-05-22,2022-08-05,1.0551922393190374,0.23233980418883468,0.47089947089947087,0
B0,2,3,100,lam=100,569,191,2023-01-19,2023-01-21,1.050051360599261,0.22624004802456649,0.49738219895287961,0
B0,3,1,0.01,lam=0.01,285,284,2022-03-18,2022-03-19,1.0568808524532292,0.23403682173063001,0.47535211267605632,0
B0,3,2,0.01,lam=0.01,569,286,2023-01-19,2023-01-21,1.0535436242878471,0.23016424011988637,0.47552447552447552,0
B0,3,3,0.01,lam=0.01,855,285,2023-10-28,2023-10-29,1.0506906898461825,0.23208713792277963,0.47017543859649125,0
B0,3,1,0.029999999999999999,lam=0.03,285,284,2022-03-18,2022-03-19,1.0568808524532292,0.23403682173063001,0.47535211267605632,0
B0,3,2,0.029999999999999999,lam=0.03,569,286,2023-01-19,2023-01-21,1.0535436242878471,0.23016424011988637,0.47552447552447552,0
B0,3,3,0.029999999999999999,lam=0.03,855,285,2023-10-28,2023-10-29,1.0506906898461825,0.23208713792277963,0.47017543859649125,0
B0,3,1,0.10000000000000001,lam=0.1,285,284,2022-03-18,2022-03-19,1.0568808524532292,0.23403682173063001,0.47535211267605632,0
B0,3,2,0.10000000000000001,lam=0.1,569,286,2023-01-19,2023-01-21,1.0535436242878471,0.23016424011988637,0.47552447552447552,0
B0,3,3,0.10000000000000001,lam=0.1,855,285,2023-10-28,2023-10-29,1.0506906898461825,0.23208713792277963,0.47017543859649125,0
B0,3,1,0.29999999999999999,lam=0.3,285,284,2022-03-18,2022-03-19,1.0568808524532292,0.23403682173063001,0.47535211267605632,0
B0,3,2,0.29999999999999999,lam=0.3,569,286,2023-01-19,2023-01-21,1.0535436242878471,0.23016424011988637,0.47552447552447552,0
B0,3,3,0.29999999999999999,lam=0.3,855,285,2023-10-28,2023-10-29,1.0506906898461825,0.23208713792277963,0.47017543859649125,0
B0,3,1,1,lam=1,285,284,2022-03-18,2022-03-19,1.0568808524532292,0.23403682173063001,0.47535211267605632,0
B0,3,2,1,lam=1,569,286,2023-01-19,2023-01-21,1.0535436242878471,0.23016424011988637,0.47552447552447552,0
B0,3,3,1,lam=1,855,285,2023-10-28,2023-10-29,1.0506906898461825,0.23208713792277963,0.47017543859649125,0
B0,3,1,3,lam=3,285,284,2022-03-18,2022-03-19,1.0568808524532292,0.23403682173063001,0.47535211267605632,0
B0,3,2,3,lam=3,569,286,2023-01-19,2023-01-21,1.0535436242878471,0.23016424011988637,0.47552447552447552,0
B0,3,3,3,lam=3,855,285,2023-10-28,2023-10-29,1.0506906898461825,0.23208713792277963,0.47017543859649125,0
B0,3,1,10,lam=10,285,284,2022-03-18,2022-03-19,1.0568808524532292,0.23403682173063001,0.47535211267605632,0
B0,3,2,10,lam=10,569,286,2023-01-19,2023-01-21,1.0535436242878471,0.23016424011988637,0.47552447552447552,0
B0,3,3,10,lam=10,855,285,2023-10-28,2023-10-29,1.0506906898461825,0.23208713792277963,0.47017543859649125,0
B0,3,1,30,lam=30,285,284,2022-03-18,2022-03-19,1.0568808524532292,0.23403682173063001,0.47535211267605632,0
B0,3,2,30,lam=30,569,286,2023-01-19,2023-01-21,1.0535436242878471,0.23016424011988637,0.47552447552447552,0
B0,3,3,30,lam=30,855,285,2023-10-28,2023-10-29,1.0506906898461825,0.23208713792277963,0.47017543859649125,0
B0,3,1,100,lam=100,285,284,2022-03-18,2022-03-19,1.0568808524532292,0.23403682173063001,0.47535211267605632,0
B0,3,2,100,lam=100,569,286,2023-01-19,2023-01-21,1.0535436242878471,0.23016424011988637,0.47552447552447552,0
B0,3,3,100,lam=100,855,285,2023-10-28,2023-10-29,1.0506906898461825,0.23208713792277963,0.47017543859649125,0
B0,4,1,0.01,lam=0.01,380,380,2022-05-22,2022-08-05,1.0546504846060354,0.23006925207756235,0.48421052631578948,0
B0,4,2,0.01,lam=0.01,760,380,2023-05-28,2023-08-11,1.0537563827171668,0.23374047783933521,0.46052631578947367,0
B0,4,3,0.01,lam=0.01,1140,380,2024-05-19,2024-08-16,1.0826402716069496,0.2358314096645121,0.40789473684210525,0
B0,4,1,0.029999999999999999,lam=0.03,380,380,2022-05-22,2022-08-05,1.0546504846060354,0.23006925207756235,0.48421052631578948,0
B0,4,2,0.029999999999999999,lam=0.03,760,380,2023-05-28,2023-08-11,1.0537563827171668,0.23374047783933521,0.46052631578947367,0
B0,4,3,0.029999999999999999,lam=0.03,1140,380,2024-05-19,2024-08-16,1.0826402716069496,0.2358314096645121,0.40789473684210525,0
B0,4,1,0.10000000000000001,lam=0.1,380,380,2022-05-22,2022-08-05,1.0546504846060354,0.23006925207756235,0.48421052631578948,0
B0,4,2,0.10000000000000001,lam=0.1,760,380,2023-05-28,2023-08-11,1.0537563827171668,0.23374047783933521,0.46052631578947367,0
B0,4,3,0.10000000000000001,lam=0.1,1140,380,2024-05-19,2024-08-16,1.0826402716069496,0.2358314096645121,0.40789473684210525,0
B0,4,1,0.29999999999999999,lam=0.3,380,380,2022-05-22,2022-08-05,1.0546504846060354,0.23006925207756235,0.48421052631578948,0
B0,4,2,0.29999999999999999,lam=0.3,760,380,2023-05-28,2023-08-11,1.0537563827171668,0.23374047783933521,0.46052631578947367,0
B0,4,3,0.29999999999999999,lam=0.3,1140,380,2024-05-19,2024-08-16,1.0826402716069496,0.2358314096645121,0.40789473684210525,0
B0,4,1,1,lam=1,380,380,2022-05-22,2022-08-05,1.0546504846060354,0.23006925207756235,0.48421052631578948,0
B0,4,2,1,lam=1,760,380,2023-05-28,2023-08-11,1.0537563827171668,0.23374047783933521,0.46052631578947367,0
B0,4,3,1,lam=1,1140,380,2024-05-19,2024-08-16,1.0826402716069496,0.2358314096645121,0.40789473684210525,0
B0,4,1,3,lam=3,380,380,2022-05-22,2022-08-05,1.0546504846060354,0.23006925207756235,0.48421052631578948,0
B0,4,2,3,lam=3,760,380,2023-05-28,2023-08-11,1.0537563827171668,0.23374047783933521,0.46052631578947367,0
B0,4,3,3,lam=3,1140,380,2024-05-19,2024-08-16,1.0826402716069496,0.2358314096645121,0.40789473684210525,0
B0,4,1,10,lam=10,380,380,2022-05-22,2022-08-05,1.0546504846060354,0.23006925207756235,0.48421052631578948,0
B0,4,2,10,lam=10,760,380,2023-05-28,2023-08-11,1.0537563827171668,0.23374047783933521,0.46052631578947367,0
B0,4,3,10,lam=10,1140,380,2024-05-19,2024-08-16,1.0826402716069496,0.2358314096645121,0.40789473684210525,0
B0,4,1,30,lam=30,380,380,2022-05-22,2022-08-05,1.0546504846060354,0.23006925207756235,0.48421052631578948,0
B0,4,2,30,lam=30,760,380,2023-05-28,2023-08-11,1.0537563827171668,0.23374047783933521,0.46052631578947367,0
B0,4,3,30,lam=30,1140,380,2024-05-19,2024-08-16,1.0826402716069496,0.2358314096645121,0.40789473684210525,0
B0,4,1,100,lam=100,380,380,2022-05-22,2022-08-05,1.0546504846060354,0.23006925207756235,0.48421052631578948,0
B0,4,2,100,lam=100,760,380,2023-05-28,2023-08-11,1.0537563827171668,0.23374047783933521,0.46052631578947367,0
B0,4,3,100,lam=100,1140,380,2024-05-19,2024-08-16,1.0826402716069496,0.2358314096645121,0.40789473684210525,0
B1,1,1,0.01,lam=0.01,97,93,2021-10-30,2021-10-31,6.694326242331492,0.47331558647797894,0.35483870967741937,30
B1,1,2,0.01,lam=0.01,190,95,2022-01-02,2022-01-03,2.3979017523269541,0.30433475011337019,0.47368421052631576,29
B1,1,3,0.01,lam=0.01,285,95,2022-03-18,2022-03-19,1.2334950901609956,0.25905779507345356,0.47368421052631576,29
B1,1,1,0.029999999999999999,lam=0.03,97,93,2021-10-30,2021-10-31,5.4337996123230443,0.46580644571153729,0.34408602150537637,30
B1,1,2,0.029999999999999999,lam=0.03,190,95,2022-01-02,2022-01-03,2.2694639144864159,0.30176227270795769,0.47368421052631576,29
B1,1,3,0.029999999999999999,lam=0.03,285,95,2022-03-18,2022-03-19,1.2222932010801486,0.25720384490132225,0.47368421052631576,29
B1,1,1,0.10000000000000001,lam=0.1,97,93,2021-10-30,2021-10-31,4.1922623388992202,0.46356046229386011,0.33333333333333331,30
B1,1,2,0.10000000000000001,lam=0.1,190,95,2022-01-02,2022-01-03,2.0514294042576333,0.29628387099844744,0.47368421052631576,29
B1,1,3,0.10000000000000001,lam=0.1,285,95,2022-03-18,2022-03-19,1.194981897256423,0.25250374171162865,0.47368421052631576,29
B1,1,1,0.29999999999999999,lam=0.3,97,93,2021-10-30,2021-10-31,3.264382696305113,0.45839067121190813,0.33333333333333331,30
B1,1,2,0.29999999999999999,lam=0.3,190,95,2022-01-02,2022-01-03,1.8018515200358001,0.28737671398055264,0.47368421052631576,29
B1,1,3,0.29999999999999999,lam=0.3,285,95,2022-03-18,2022-03-19,1.1536079842219249,0.2450581652838256,0.47368421052631576,29
B1,1,1,1,lam=1,97,93,2021-10-30,2021-10-31,2.5014205096781938,0.44108303328869947,0.30107526881720431,30
B1,1,2,1,lam=1,190,95,2022-01-02,2022-01-03,1.5411477165524792,0.27361186335603982,0.47368421052631576,29
B1,1,3,1,lam=1,285,95,2022-03-18,2022-03-19,1.099250211193449,0.23438087760274093,0.48421052631578948,29
B1,1,1,3,lam=3,97,93,2021-10-30,2021-10-31,2.0434321944371905,0.41054971699261189,0.30107526881720431,30
B1,1,2,3,lam=3,190,95,2022-01-02,2022-01-03,1.3610620436320819,0.2599438422386674,0.49473684210526314,29
B1,1,3,3,lam=3,285,95,2022-03-18,2022-03-19,1.0536226798748503,0.22391481635510815,0.49473684210526314,29
B1,1,1,10,lam=10,97,93,2021-10-30,2021-10-31,1.7186162521250945,0.36631936288283939,0.31182795698924731,30
B1,1,2,10,lam=10,190,95,2022-01-02,2022-01-03,1.2249734759674809,0.24712939554787572,0.48421052631578948,29
B1,1,3,10,lam=10,285,95,2022-03-18,2022-03-19,1.0169990246500806,0.21393052463589435,0.51578947368421058,29
B1,1,1,30,lam=30,97,93,2021-10-30,2021-10-31,1.5402247186280011,0.33342922316261508,0.30107526881720431,30
B1,1,2,30,lam=30,190,95,2022-01-02,2022-01-03,1.124723069088744,0.23587893132847712,0.50526315789473686,29
B1,1,3,30,lam=30,285,95,2022-03-18,2022-03-19,0.99534539529945398,0.20758579925260706,0.51578947368421058,29
B1,1,1,100,lam=100,97,93,2021-10-30,2021-10-31,1.3951530728809658,0.30791997753821837,0.25806451612903225,30
B1,1,2,100,lam=100,190,95,2022-01-02,2022-01-03,1.0392625427383961,0.22381340294377733,0.52631578947368418,29
B1,1,3,100,lam=100,285,95,2022-03-18,2022-03-19,0.97747621512419836,0.20289970982426889,0.51578947368421058,29
B1,2,1,0.01,lam=0.01,190,190,2022-01-02,2022-01-03,2.4254870982635173,0.30108407824185435,0.4631578947368421,29
B1,2,2,0.01,lam=0.01,380,189,2022-05-22,2022-08-05,1.3569969638070254,0.26026630084866142,0.37037037037037035,29
B1,2,3,0.01,lam=0.01,569,191,2023-01-19,2023-01-21,1.1721964164433401,0.23022858416398609,0.49738219895287961,4
B1,2,1,0.029999999999999999,lam=0.03,190,190,2022-01-02,2022-01-03,2.2834980108484242,0.2984377675677618,0.46842105263157896,29
B1,2,2,0.029999999999999999,lam=0.03,380,189,2022-05-22,2022-08-05,1.3362045862184797,0.25893683707641918,0.37566137566137564,29
B1,2,3,0.029999999999999999,lam=0.03,569,191,2023-01-19,2023-01-21,1.1582917059078046,0.2288590906557379,0.49738219895287961,4
B1,2,1,0.10000000000000001,lam=0.1,190,190,2022-01-02,2022-01-03,2.0465006866471591,0.29318685420361917,0.47368421052631576,29
B1,2,2,0.10000000000000001,lam=0.1,380,189,2022-05-22,2022-08-05,1.2991148485255499,0.2555550313534305,0.37566137566137564,29
B1,2,3,0.10000000000000001,lam=0.1,569,191,2023-01-19,2023-01-21,1.1379828618899233,0.22558803392658261,0.50261780104712039,4
B1,2,1,0.29999999999999999,lam=0.3,190,190,2022-01-02,2022-01-03,1.7807314986988965,0.2848921345127628,0.47368421052631576,29
B1,2,2,0.29999999999999999,lam=0.3,380,189,2022-05-22,2022-08-05,1.2510730138825561,0.25039539349332623,0.39153439153439151,29
B1,2,3,0.29999999999999999,lam=0.3,569,191,2023-01-19,2023-01-21,1.1153208678425313,0.22102813819017827,0.52356020942408377,4
B1,2,1,1,lam=1,190,190,2022-01-02,2022-01-03,1.5115384929724787,0.27292106942277111,0.47894736842105262,29
B1,2,2,1,lam=1,380,189,2022-05-22,2022-08-05,1.1934983762202203,0.24408395513963052,0.41798941798941797,29
B1,2,3,1,lam=1,569,191,2023-01-19,2023-01-21,1.0899460568233446,0.21572581439912172,0.52356020942408377,4
B1,2,1,3,lam=3,190,190,2022-01-02,2022-01-03,1.3326991923992153,0.26135449950434414,0.5,29
B1,2,2,3,lam=3,380,189,2022-05-22,2022-08-05,1.1462627706624486,0.23904130218345179,0.43386243386243384,29
B1,2,3,3,lam=3,569,191,2023-01-19,2023-01-21,1.0655165420155168,0.21124520223655932,0.53926701570680624,4
B1,2,1,10,lam=10,190,190,2022-01-02,2022-01-03,1.2016559890796408,0.24842575118876381,0.51052631578947372,29
B1,2,2,10,lam=10,380,189,2022-05-22,2022-08-05,1.1030529890499474,0.23342789216302928,0.455026455026455,29
B1,2,3,10,lam=10,569,191,2023-01-19,2023-01-21,1.0338885151092601,0.2064213041202865,0.54973821989528793,4
B1,2,1,30,lam=30,190,190,2022-01-02,2022-01-03,1.1023123043058967,0.23448047832577468,0.53157894736842104,29
B1,2,2,30,lam=30,380,189,2022-05-22,2022-08-05,1.0693618564435308,0.22769053159124336,0.47089947089947087,29
B1,2,3,30,lam=30,569,191,2023-01-19,2023-01-21,1.0065133925995178,0.20243277589901076,0.54450261780104714,4
B1,2,1,100,lam=100,190,190,2022-01-02,2022-01-03,1.0135239669288982,0.21791919606682447,0.54736842105263162,29
B1,2,2,100,lam=100,380,189,2022-05-22,2022-08-05,1.0380367249711566,0.22159237167631338,0.49206349206349204,29
B1,2,3,100,lam=100,569,191,2023-01-19,2023-01-21,0.98597858623592038,0.1994478559774088,0.53926701570680624,4
B1,3,1,0.01,lam=0.01,285,284,2022-03-18,2022-03-19,1.3784523619573044,0.26495839796931359,0.397887323943662,29
B1,3,2,0.01,lam=0.01,569,286,2023-01-19,2023-01-21,1.204447490469561,0.22960373928974478,0.49650349650349651,4
B1,3,3,0.01,lam=0.01,855,285,2023-10-28,2023-10-29,0.99743299004995589,0.20704402432514027,0.55789473684210522,4
B1,3,1,0.029999999999999999,lam=0.03,285,284,2022-03-18,2022-03-19,1.3560824825971072,0.26312775376031017,0.397887323943662,29
B1,3,2,0.029999999999999999,lam=0.03,569,286,2023-01-19,2023-01-21,1.1941784177010855,0.22868965452461026,0.49650349650349651,4
B1,3,3,0.029999999999999999,lam=0.03,855,285,2023-10-28,2023-10-29,0.99745444725572729,0.2069705419090361,0.55789473684210522,4
B1,3,1,0.10000000000000001,lam=0.1,285,284,2022-03-18,2022-03-19,1.3120549613953314,0.25853563611858171,0.40492957746478875,29
B1,3,2,0.10000000000000001,lam=0.1,569,286,2023-01-19,2023-01-21,1.1778535332185465,0.22652366969492385,0.50349650349650354,4
B1,3,3,0.10000000000000001,lam=0.1,855,285,2023-10-28,2023-10-29,0.99736099214823093,0.20677715219693543,0.55438596491228065,4
B1,3,1,0.29999999999999999,lam=0.3,285,284,2022-03-18,2022-03-19,1.252428801478227,0.25135254758562792,0.4119718309859155,29
B1,3,2,0.29999999999999999,lam=0.3,569,286,2023-01-19,2023-01-21,1.1573718661236752,0.22356418377332715,0.52097902097902093,4
B1,3,3,0.29999999999999999,lam=0.3,855,285,2023-10-28,2023-10-29,0.99685965450389313,0.20647714715628554,0.54736842105263162,4
B1,3,1,1,lam=1,285,284,2022-03-18,2022-03-19,1.1792141578069433,0.2416322885835723,0.426056338028169,29
B1,3,2,1,lam=1,569,286,2023-01-19,2023-01-21,1.1293922971374981,0.21998261807682232,0.5174825174825175,4
B1,3,3,1,lam=1,855,285,2023-10-28,2023-10-29,0.99480280519856645,0.20604009743504245,0.54385964912280704,4
B1,3,1,3,lam=3,285,284,2022-03-18,2022-03-19,1.1203578676449051,0.23307144902694751,0.45070422535211269,29
B1,3,2,3,lam=3,569,286,2023-01-19,2023-01-21,1.0964412130968892,0.21585882212458196,0.52097902097902093,4
B1,3,3,3,lam=3,855,285,2023-10-28,2023-10-29,0.99007531473700405,0.20532604648336775,0.54035087719298247,4
B1,3,1,10,lam=10,285,284,2022-03-18,2022-03-19,1.0711359837830383,0.22484397169607384,0.49295774647887325,29
B1,3,2,10,lam=10,569,286,2023-01-19,2023-01-21,1.051531341277143,0.20962254127450269,0.54195804195804198,4
B1,3,3,10,lam=10,855,285,2023-10-28,2023-10-29,0.98230798103988304,0.20392471648480184,0.5368421052631579,4
B1,3,1,30,lam=30,285,284,2022-03-18,2022-03-19,1.0372653209075713,0.21856939517812909,0.49647887323943662,29
B1,3,2,30,lam=30,569,286,2023-01-19,2023-01-21,1.0126956314780737,0.20387945679354691,0.54545454545454541,4
B1,3,3,30,lam=30,855,285,2023-10-28,2023-10-29,0.97465838432475338,0.20217748922421164,0.55789473684210522,4
B1,3,1,100,lam=100,285,284,2022-03-18,2022-03-19,1.009604790201754,0.21327905388631441,0.50704225352112675,29
B1,3,2,100,lam=100,569,286,2023-01-19,2023-01-21,0.98302702349299897,0.19942715948798956,0.54895104895104896,4
B1,3,3,100,lam=100,855,285,2023-10-28,2023-10-29,0.96650238659846499,0.20017919620619246,0.56842105263157894,4
B1,4,1,0.01,lam=0.01,380,380,2022-05-22,2022-08-05,1.1985715844943399,0.23256619765646963,0.46052631578947367,29
B1,4,2,0.01,lam=0.01,760,380,2023-05-28,2023-08-11,1.0695213909434131,0.21442447197336928,0.51842105263157889,4
B1,4,3,0.01,lam=0.01,1140,380,2024-05-19,2024-08-16,1.0542537821871694,0.21655752367747808,0.46052631578947367,4
B1,4,1,0.029999999999999999,lam=0.03,380,380,2022-05-22,2022-08-05,1.187868571818403,0.23182941546396002,0.4631578947368421,29
B1,4,2,0.029999999999999999,lam=0.03,760,380,2023-05-28,2023-08-11,1.0686491614069831,0.21431474287889762,0.51578947368421058,4
B1,4,3,0.029999999999999999,lam=0.03,1140,380,2024-05-19,2024-08-16,1.0530135399773977,0.21639357627118286,0.45789473684210524,4
B1,4,1,0.10000000000000001,lam=0.1,380,380,2022-05-22,2022-08-05,1.1679452982095535,0.22988900410264695,0.4631578947368421,29
B1,4,2,0.10000000000000001,lam=0.1,760,380,2023-05-28,2023-08-11,1.0659994921996452,0.21399053933633258,0.51052631578947372,4
B1,4,3,0.10000000000000001,lam=0.1,1140,380,2024-05-19,2024-08-16,1.0497537864508202,0.21596505666571375,0.46052631578947367,4
B1,4,1,0.29999999999999999,lam=0.3,380,380,2022-05-22,2022-08-05,1.1407254744660924,0.22682049189036796,0.46578947368421053,29
B1,4,2,0.29999999999999999,lam=0.3,760,380,2023-05-28,2023-08-11,1.0602563454264422,0.2133279046428998,0.51842105263157889,4
B1,4,3,0.29999999999999999,lam=0.3,1140,380,2024-05-19,2024-08-16,1.0443569740972585,0.2152377024761869,0.46842105263157896,4
B1,4,1,1,lam=1,380,380,2022-05-22,2022-08-05,1.1061351228428846,0.22295963820990908,0.48421052631578948,29
B1,4,2,1,lam=1,760,380,2023-05-28,2023-08-11,1.0476573676145506,0.21194442345855519,0.51842105263157889,4
B1,4,3,1,lam=1,1140,380,2024-05-19,2024-08-16,1.0371738410610605,0.21420258269584447,0.47368421052631576,4
B1,4,1,3,lam=3,380,380,2022-05-22,2022-08-05,1.074907571763585,0.21956655711850515,0.48947368421052634,29
B1,4,2,3,lam=3,760,380,2023-05-28,2023-08-11,1.0294427937753361,0.20975384399928315,0.51842105263157889,4
B1,4,3,3,lam=3,1140,380,2024-05-19,2024-08-16,1.0314359819657681,0.21324159466705878,0.48684210526315791,4
B1,4,1,10,lam=10,380,380,2022-05-22,2022-08-05,1.0434715804913699,0.21541555313532018,0.50526315789473686,29
B1,4,2,10,lam=10,760,380,2023-05-28,2023-08-11,1.0053213225562754,0.2061592011462357,0.53947368421052633,4
B1,4,3,10,lam=10,1140,380,2024-05-19,2024-08-16,1.0255452405165131,0.21205840592905992,0.49473684210526314,4
B1,4,1,30,lam=30,380,380,2022-05-22,2022-08-05,1.0199005682475597,0.21161897862276,0.51315789473684215,29
B1,4,2,30,lam=30,760,380,2023-05-28,2023-08-11,0.9847548735446543,0.20256273983386017,0.55000000000000004,4
B1,4,3,30,lam=30,1140,380,2024-05-19,2024-08-16,1.0192592847379411,0.21070030319434127,0.49473684210526314,4
B1,4,1,100,lam=100,380,380,2022-05-22,2022-08-05,1.0011196832756624,0.20846999908575736,0.52105263157894732,29
B1,4,2,100,lam=100,760,380,2023-05-28,2023-08-11,0.96799470988445513,0.19946429452211351,0.56315789473684208,4
B1,4,3,100,lam=100,1140,380,2024-05-19,2024-08-16,1.0110872570089848,0.20878966826336315,0.49473684210526314,4
B2,1,1,0.01,lam=0.01,97,93,2021-10-30,2021-10-31,12.442234794239774,0.43051511097185124,0.33333333333333331,33
B2,1,2,0.01,lam=0.01,190,95,2022-01-02,2022-01-03,3.3518198538164996,0.35488741721675571,0.44210526315789472,29
B2,1,3,0.01,lam=0.01,285,95,2022-03-18,2022-03-19,1.404258377869869,0.27918399763901253,0.44210526315789472,29
B2,1,1,0.029999999999999999,lam=0.03,97,93,2021-10-30,2021-10-31,8.0322466787058726,0.42111121166025633,0.35483870967741937,33
B2,1,2,0.029999999999999999,lam=0.03,190,95,2022-01-02,2022-01-03,3.0756679423046589,0.35077438378748543,0.43157894736842106,29
B2,1,3,0.029999999999999999,lam=0.03,285,95,2022-03-18,2022-03-19,1.3610267441990784,0.27289175810134431,0.45263157894736844,29
B2,1,1,0.10000000000000001,lam=0.1,97,93,2021-10-30,2021-10-31,5.3996265894080571,0.43627875382691755,0.34408602150537637,33
B2,1,2,0.10000000000000001,lam=0.1,190,95,2022-01-02,2022-01-03,2.7299110747325077,0.34499582150744917,0.43157894736842106,29
B2,1,3,0.10000000000000001,lam=0.1,285,95,2022-03-18,2022-03-19,1.2839187370645788,0.26082508992932324,0.48421052631578948,29
B2,1,1,0.29999999999999999,lam=0.3,97,93,2021-10-30,2021-10-31,4.3037311431053276,0.4516202965627818,0.33333333333333331,33
B2,1,2,0.29999999999999999,lam=0.3,190,95,2022-01-02,2022-01-03,2.4306437535655032,0.3444894742887617,0.44210526315789472,29
B2,1,3,0.29999999999999999,lam=0.3,285,95,2022-03-18,2022-03-19,1.2069729654878723,0.24787310748970418,0.51578947368421058,29
B2,1,1,1,lam=1,97,93,2021-10-30,2021-10-31,3.3224701318886409,0.43546925051058305,0.32258064516129031,33
B2,1,2,1,lam=1,190,95,2022-01-02,2022-01-03,2.1208426617507992,0.34519276428822798,0.44210526315789472,29
B2,1,3,1,lam=1,285,95,2022-03-18,2022-03-19,1.1335661947980717,0.23427728361970238,0.5368421052631579,29
B2,1,1,3,lam=3,97,93,2021-10-30,2021-10-31,2.5145534277385941,0.40639779134287962,0.31182795698924731,33
B2,1,2,3,lam=3,190,95,2022-01-02,2022-01-03,1.8437080334370413,0.33473711983237742,0.44210526315789472,29
B2,1,3,3,lam=3,285,95,2022-03-18,2022-03-19,1.0780686301983913,0.22274196442616462,0.5368421052631579,29
B2,1,1,10,lam=10,97,93,2021-10-30,2021-10-31,1.879921176993208,0.36041846727393112,0.34408602150537637,33
B2,1,2,10,lam=10,190,95,2022-01-02,2022-01-03,1.5594355091437861,0.31009817198739081,0.44210526315789472,29
B2,1,3,10,lam=10,285,95,2022-03-18,2022-03-19,1.0315037255972801,0.21256755560279086,0.55789473684210522,29
B2,1,1,30,lam=30,97,93,2021-10-30,2021-10-31,1.5723752058399483,0.33115572215457595,0.32258064516129031,33
B2,1,2,30,lam=30,190,95,2022-01-02,2022-01-03,1.3258664335545574,0.2797762519083366,0.47368421052631576,29
B2,1,3,30,lam=30,285,95,2022-03-18,2022-03-19,0.99903134073904465,0.20579835482310779,0.56842105263157894,29
B2,1,1,100,lam=100,97,93,2021-10-30,2021-10-31,1.387857637455727,0.30621087055719193,0.29032258064516131,33
B2,1,2,100,lam=100,190,95,2022-01-02,2022-01-03,1.1343808006907679,0.2478829653468185,0.50526315789473686,29
B2,1,3,100,lam=100,285,95,2022-03-18,2022-03-19,0.97262646564653088,0.20037555510113886,0.57894736842105265,29
B2,2,1,0.01,lam=0.01,190,190,2022-01-02,2022-01-03,3.0508279873840523,0.31532425907378819,0.47894736842105262,29
B2,2,2,0.01,lam=0.01,380,189,2022-05-22,2022-08-05,1.5314507744544061,0.29566966786697041,0.35978835978835977,29
B2,2,3,0.01,lam=0.01,569,191,2023-01-19,2023-01-21,1.2755643827886809,0.25217896999895423,0.4607329842931937,4
B2,2,1,0.029999999999999999,lam=0.03,190,190,2022-01-02,2022-01-03,2.7802118483101581,0.31250270493100712,0.48421052631578948,29
B2,2,2,0.029999999999999999,lam=0.03,380,189,2022-05-22,2022-08-05,1.5019763367234251,0.29297507012007273,0.35978835978835977,29
B2,2,3,0.029999999999999999,lam=0.03,569,191,2023-01-19,2023-01-21,1.2598363271725319,0.25067799436477139,0.48167539267015708,4
B2,2,1,0.10000000000000001,lam=0.1,190,190,2022-01-02,2022-01-03,2.4510563672732939,0.31169921204876944,0.47894736842105262,29
B2,2,2,0.10000000000000001,lam=0.1,380,189,2022-05-22,2022-08-05,1.4466620284574097,0.28690032135726579,0.3439153439153439,29
B2,2,3,0.10000000000000001,lam=0.1,569,191,2023-01-19,2023-01-21,1.2348799756547406,0.24692966082438364,0.47643979057591623,4
B2,2,1,0.29999999999999999,lam=0.3,190,190,2022-01-02,2022-01-03,2.1886565396907196,0.31391604947230389,0.49473684210526314,29
B2,2,2,0.29999999999999999,lam=0.3,380,189,2022-05-22,2022-08-05,1.3772155809627356,0.27905881045957209,0.34920634920634919,29
B2,2,3,0.29999999999999999,lam=0.3,569,191,2023-01-19,2023-01-21,1.2038547819486749,0.24117589382800131,0.47643979057591623,4
B2,2,1,1,lam=1,190,190,2022-01-02,2022-01-03,1.9413212431220364,0.32207705037449474,0.47894736842105262,29
B2,2,2,1,lam=1,380,189,2022-05-22,2022-08-05,1.2972636561139406,0.2703369507449902,0.35978835978835977,29
B2,2,3,1,lam=1,569,191,2023-01-19,2023-01-21,1.16397492505023,0.23316381116294455,0.50261780104712039,4
B2,2,1,3,lam=3,190,190,2022-01-02,2022-01-03,1.7267854388613584,0.31998542586983075,0.46842105263157896,29
B2,2,2,3,lam=3,380,189,2022-05-22,2022-08-05,1.2306739678416034,0.26258077282319009,0.3968253968253968,29
B2,2,3,3,lam=3,569,191,2023-01-19,2023-01-21,1.124642937060176,0.2255231009699159,0.50785340314136129,4
B2,2,1,10,lam=10,190,190,2022-01-02,2022-01-03,1.4892050252147118,0.29949372183706835,0.47894736842105262,29
B2,2,2,10,lam=10,380,189,2022-05-22,2022-08-05,1.1646002299498575,0.25233843741481232,0.41269841269841268,29
B2,2,3,10,lam=10,569,191,2023-01-19,2023-01-21,1.0788100604134032,0.21776379917884331,0.53403141361256545,4
B2,2,1,30,lam=30,190,190,2022-01-02,2022-01-03,1.2664206476742008,0.26879778552055017,0.5,29
B2,2,2,30,lam=30,380,189,2022-05-22,2022-08-05,1.1104424747114447,0.24133283738044373,0.44444444444444442,29
B2,2,3,30,lam=30,569,191,2023-01-19,2023-01-21,1.0393551090235393,0.21119919612747265,0.52879581151832455,4
B2,2,1,100,lam=100,190,190,2022-01-02,2022-01-03,1.0742021318571922,0.23353539050577574,0.53157894736842104,29
B2,2,2,100,lam=100,380,189,2022-05-22,2022-08-05,1.0619734509626355,0.23020984440367698,0.48148148148148145,29
B2,2,3,100,lam=100,569,191,2023-01-19,2023-01-21,1.0055362828982073,0.20495973884879432,0.52879581151832455,4
B2,3,1,0.01,lam=0.01,285,284,2022-03-18,2022-03-19,1.6399850979802006,0.29945364403956792,0.38380281690140844,29
B2,3,2,0.01,lam=0.01,569,286,2023-01-19,2023-01-21,1.292661434873418,0.24773604552200995,0.46503496503496505,4
B2,3,3,0.01,lam=0.01,855,285,2023-10-28,2023-10-29,1.0015648110949626,0.20732078448697083,0.54736842105263162,4
B2,3,1,0.029999999999999999,lam=0.03,285,284,2022-03-18,2022-03-19,1.5771146498919877,0.29276886878172065,0.38380281690140844,29
B2,3,2,0.029999999999999999,lam=0.03,569,286,2023-01-19,2023-01-21,1.2808934579927425,0.2466762986934731,0.47552447552447552,4
B2,3,3,0.029999999999999999,lam=0.03,855,285,2023-10-28,2023-10-29,1.0016058499763867,0.20724412379992294,0.55087719298245619,4
B2,3,1,0.10000000000000001,lam=0.1,285,284,2022-03-18,2022-03-19,1.4676477872464373,0.28024767380226789,0.40140845070422537,29
B2,3,2,0.10000000000000001,lam=0.1,569,286,2023-01-19,2023-01-21,1.2608130334550565,0.24402450934277939,0.47202797202797203,4
B2,3,3,0.10000000000000001,lam=0.1,855,285,2023-10-28,2023-10-29,1.0015879357357802,0.20704880855595145,0.56140350877192979,4
B2,3,1,0.29999999999999999,lam=0.3,285,284,2022-03-18,2022-03-19,1.3550654276159877,0.26726239478899966,0.42957746478873238,29
B2,3,2,0.29999999999999999,lam=0.3,569,286,2023-01-19,2023-01-21,1.2336988562071687,0.23992913170784805,0.47202797202797203,4
B2,3,3,0.29999999999999999,lam=0.3,855,285,2023-10-28,2023-10-29,1.0014465074964267,0.20678290587270948,0.56491228070175437,4
B2,3,1,1,lam=1,285,284,2022-03-18,2022-03-19,1.2478101120524419,0.25452764007423845,0.45422535211267606,29
B2,3,2,1,lam=1,569,286,2023-01-19,2023-01-21,1.1940840746341155,0.23388363320354233,0.49300699300699302,4
B2,3,3,1,lam=1,855,285,2023-10-28,2023-10-29,1.0002741136668793,0.20646460308356768,0.55789473684210522,4
B2,3,1,3,lam=3,285,284,2022-03-18,2022-03-19,1.1707691799282538,0.2443888332316948,0.45422535211267606,29
B2,3,2,3,lam=3,569,286,2023-01-19,2023-01-21,1.1487655370489311,0.22684700476351616,0.50349650349650354,4
B2,3,3,3,lam=3,855,285,2023-10-28,2023-10-29,0.99607924087564648,0.20587561906420179,0.56491228070175437,4
B2,3,1,10,lam=10,285,284,2022-03-18,2022-03-19,1.1032124669967323,0.23375603444800164,0.46830985915492956,29
B2,3,2,10,lam=10,569,286,2023-01-19,2023-01-21,1.0917251256754117,0.21788492748147456,0.53146853146853146,4
B2,3,3,10,lam=10,855,285,2023-10-28,2023-10-29,0.98796753559462391,0.2045691734506872,0.57192982456140351,4
B2,3,1,30,lam=30,285,284,2022-03-18,2022-03-19,1.0531388390525813,0.22429402143387098,0.49295774647887325,29
B2,3,2,30,lam=30,569,286,2023-01-19,2023-01-21,1.04263899661693,0.21012444472271288,0.53846153846153844,4
B2,3,3,30,lam=30,855,285,2023-10-28,2023-10-29,0.979684040336254,0.20293445525988463,0.57543859649122808,4
B2,3,1,100,lam=100,285,284,2022-03-18,2022-03-19,1.0148724488515686,0.21609903105555317,0.52464788732394363,29
B2,3,2,100,lam=100,569,286,2023-01-19,2023-01-21,1.0017204545498051,0.2034931492029643,0.54545454545454541,4
B2,3,3,100,lam=100,855,285,2023-10-28,2023-10-29,0.97041167461170152,0.20097109950497963,0.56140350877192979,4
B2,4,1,0.01,lam=0.01,380,380,2022-05-22,2022-08-05,1.3205199597541657,0.25598979222220503,0.45263157894736844,29
B2,4,2,0.01,lam=0.01,760,380,2023-05-28,2023-08-11,1.0967129915042249,0.21996626383648515,0.51578947368421058,4
B2,4,3,0.01,lam=0.01,1140,380,2024-05-19,2024-08-16,1.0679101670287259,0.21645976828277713,0.47105263157894739,4
B2,4,1,0.029999999999999999,lam=0.03,380,380,2022-05-22,2022-08-05,1.3033230693448254,0.25439773277806976,0.45263157894736844,29
B2,4,2,0.029999999999999999,lam=0.03,760,380,2023-05-28,2023-08-11,1.0956143795321167,0.2197963915241832,0.51578947368421058,4
B2,4,3,0.029999999999999999,lam=0.03,1140,380,2024-05-19,2024-08-16,1.0667618056301322,0.21634163256711203,0.47105263157894739,4
B2,4,1,0.10000000000000001,lam=0.1,380,380,2022-05-22,2022-08-05,1.2709477453088966,0.25108879282654584,0.44736842105263158,29
B2,4,2,0.10000000000000001,lam=0.1,760,380,2023-05-28,2023-08-11,1.0924405359768656,0.21931846273784536,0.51315789473684215,4
B2,4,3,0.10000000000000001,lam=0.1,1140,380,2024-05-19,2024-08-16,1.0637127183543484,0.21603632883929491,0.47105263157894739,4
B2,4,1,0.29999999999999999,lam=0.3,380,380,2022-05-22,2022-08-05,1.2310390566769853,0.24717838499180372,0.44736842105263158,29
B2,4,2,0.29999999999999999,lam=0.3,760,380,2023-05-28,2023-08-11,1.0859312619251991,0.21840116581756175,0.51578947368421058,4
B2,4,3,0.29999999999999999,lam=0.3,1140,380,2024-05-19,2024-08-16,1.0586468578598676,0.21552629916316113,0.47631578947368419,4
B2,4,1,1,lam=1,380,380,2022-05-22,2022-08-05,1.1841334813800015,0.24272669037114966,0.45000000000000001,29
B2,4,2,1,lam=1,760,380,2023-05-28,2023-08-11,1.0715608896349988,0.21651886284249147,0.51578947368421058,4
B2,4,3,1,lam=1,1140,380,2024-05-19,2024-08-16,1.0519055968324085,0.21481258170737236,0.48157894736842105,4
B2,4,1,3,lam=3,380,380,2022-05-22,2022-08-05,1.1413573762353242,0.23802847922252293,0.45789473684210524,29
B2,4,2,3,lam=3,760,380,2023-05-28,2023-08-11,1.0499743084306885,0.21355032738536101,0.5368421052631579,4
B2,4,3,3,lam=3,1140,380,2024-05-19,2024-08-16,1.0462191428037113,0.21408292330054898,0.47894736842105262,4
B2,4,1,10,lam=10,380,380,2022-05-22,2022-08-05,1.0944871357863128,0.2309745107265907,0.46842105263157896,29
B2,4,2,10,lam=10,760,380,2023-05-28,2023-08-11,1.0213126305766131,0.20894169763254361,0.55526315789473679,4
B2,4,3,10,lam=10,1140,380,2024-05-19,2024-08-16,1.0390580801455356,0.21289491602246949,0.50263157894736843,4
B2,4,1,30,lam=30,380,380,2022-05-22,2022-08-05,1.0548425125791652,0.22320240361889093,0.48421052631578948,29
B2,4,2,30,lam=30,760,380,2023-05-28,2023-08-11,0.99715609423645957,0.20461475850586178,0.56052631578947365,4
B2,4,3,30,lam=30,1140,380,2024-05-19,2024-08-16,1.0300149275016961,0.21129600821322425,0.50526315789473686,4
B2,4,1,100,lam=100,380,380,2022-05-22,2022-08-05,1.0199964459428035,0.21538404320977872,0.50789473684210529,29
B2,4,2,100,lam=100,760,380,2023-05-28,2023-08-11,0.97629512149069375,0.20082098397734521,0.55263157894736847,4
B2,4,3,100,lam=100,1140,380,2024-05-19,2024-08-16,1.0176515215555422,0.20907569270054341,0.50526315789473686,4
B3,1,1,0.01,lam=0.01,97,93,2021-10-30,2021-10-31,12.442234794239779,0.43051511097185102,0.33333333333333331,39
B3,1,2,0.01,lam=0.01,190,95,2022-01-02,2022-01-03,3.3518198538164952,0.35488741721675565,0.44210526315789472,35
B3,1,3,0.01,lam=0.01,285,95,2022-03-18,2022-03-19,1.4042583778698698,0.27918399763901286,0.44210526315789472,35
B3,1,1,0.029999999999999999,lam=0.03,97,93,2021-10-30,2021-10-31,8.0322466787058744,0.42111121166025606,0.35483870967741937,39
B3,1,2,0.029999999999999999,lam=0.03,190,95,2022-01-02,2022-01-03,3.0756679423046593,0.35077438378748543,0.43157894736842106,35
B3,1,3,0.029999999999999999,lam=0.03,285,95,2022-03-18,2022-03-19,1.3610267441990789,0.27289175810134425,0.45263157894736844,35
B3,1,1,0.10000000000000001,lam=0.1,97,93,2021-10-30,2021-10-31,5.3996265894080571,0.43627875382691744,0.34408602150537637,39
B3,1,2,0.10000000000000001,lam=0.1,190,95,2022-01-02,2022-01-03,2.7299110747325082,0.34499582150744923,0.43157894736842106,35
B3,1,3,0.10000000000000001,lam=0.1,285,95,2022-03-18,2022-03-19,1.2839187370645788,0.26082508992932329,0.48421052631578948,35
B3,1,1,0.29999999999999999,lam=0.3,97,93,2021-10-30,2021-10-31,4.3037311431053284,0.4516202965627818,0.33333333333333331,39
B3,1,2,0.29999999999999999,lam=0.3,190,95,2022-01-02,2022-01-03,2.4306437535655032,0.3444894742887617,0.44210526315789472,35
B3,1,3,0.29999999999999999,lam=0.3,285,95,2022-03-18,2022-03-19,1.2069729654878723,0.24787310748970423,0.51578947368421058,35
B3,1,1,1,lam=1,97,93,2021-10-30,2021-10-31,3.3224701318886409,0.43546925051058288,0.32258064516129031,39
B3,1,2,1,lam=1,190,95,2022-01-02,2022-01-03,2.1208426617507992,0.34519276428822798,0.44210526315789472,35
B3,1,3,1,lam=1,285,95,2022-03-18,2022-03-19,1.1335661947980717,0.23427728361970238,0.5368421052631579,35
B3,1,1,3,lam=3,97,93,2021-10-30,2021-10-31,2.5145534277385946,0.40639779134287962,0.31182795698924731,39
B3,1,2,3,lam=3,190,95,2022-01-02,2022-01-03,1.8437080334370413,0.33473711983237736,0.44210526315789472,35
B3,1,3,3,lam=3,285,95,2022-03-18,2022-03-19,1.0780686301983915,0.22274196442616462,0.5368421052631579,35
B3,1,1,10,lam=10,97,93,2021-10-30,2021-10-31,1.8799211769932078,0.36041846727393112,0.34408602150537637,39
B3,1,2,10,lam=10,190,95,2022-01-02,2022-01-03,1.5594355091437864,0.31009817198739081,0.44210526315789472,35
B3,1,3,10,lam=10,285,95,2022-03-18,2022-03-19,1.0315037255972799,0.21256755560279078,0.55789473684210522,35
B3,1,1,30,lam=30,97,93,2021-10-30,2021-10-31,1.5723752058399483,0.33115572215457595,0.32258064516129031,39
B3,1,2,30,lam=30,190,95,2022-01-02,2022-01-03,1.3258664335545574,0.2797762519083366,0.47368421052631576,35
B3,1,3,30,lam=30,285,95,2022-03-18,2022-03-19,0.99903134073904432,0.20579835482310779,0.56842105263157894,35
B3,1,1,100,lam=100,97,93,2021-10-30,2021-10-31,1.387857637455727,0.30621087055719193,0.29032258064516131,39
B3,1,2,100,lam=100,190,95,2022-01-02,2022-01-03,1.1343808006907681,0.24788296534681842,0.50526315789473686,35
B3,1,3,100,lam=100,285,95,2022-03-18,2022-03-19,0.97262646564653066,0.20037555510113886,0.57894736842105265,35
B3,2,1,0.01,lam=0.01,190,190,2022-01-02,2022-01-03,3.0508279873840469,0.31532425907378803,0.47894736842105262,35
B3,2,2,0.01,lam=0.01,380,189,2022-05-22,2022-08-05,1.5314507744543966,0.2956696678669703,0.35978835978835977,35
B3,2,3,0.01,lam=0.01,569,191,2023-01-19,2023-01-21,1.3663420031411606,0.26226655885883182,0.46596858638743455,4
B3,2,1,0.029999999999999999,lam=0.03,190,190,2022-01-02,2022-01-03,2.7802118483101572,0.31250270493100718,0.48421052631578948,35
B3,2,2,0.029999999999999999,lam=0.03,380,189,2022-05-22,2022-08-05,1.5019763367234251,0.29297507012007284,0.35978835978835977,35
B3,2,3,0.029999999999999999,lam=0.03,569,191,2023-01-19,2023-01-21,1.3411927251791276,0.26034288793509225,0.45549738219895286,4
B3,2,1,0.10000000000000001,lam=0.1,190,190,2022-01-02,2022-01-03,2.4510563672732948,0.31169921204876949,0.47894736842105262,35
B3,2,2,0.10000000000000001,lam=0.1,380,189,2022-05-22,2022-08-05,1.4466620284574085,0.28690032135726579,0.3439153439153439,35
B3,2,3,0.10000000000000001,lam=0.1,569,191,2023-01-19,2023-01-21,1.3005256472878508,0.25590388295475902,0.45549738219895286,4
B3,2,1,0.29999999999999999,lam=0.3,190,190,2022-01-02,2022-01-03,2.1886565396907192,0.31391604947230389,0.49473684210526314,35
B3,2,2,0.29999999999999999,lam=0.3,380,189,2022-05-22,2022-08-05,1.3772155809627356,0.27905881045957209,0.34920634920634919,35
B3,2,3,0.29999999999999999,lam=0.3,569,191,2023-01-19,2023-01-21,1.255504081444393,0.24962304246091818,0.45549738219895286,4
B3,2,1,1,lam=1,190,190,2022-01-02,2022-01-03,1.9413212431220364,0.32207705037449474,0.47894736842105262,35
B3,2,2,1,lam=1,380,189,2022-05-22,2022-08-05,1.2972636561139406,0.27033695074499015,0.35978835978835977,35
B3,2,3,1,lam=1,569,191,2023-01-19,2023-01-21,1.2030807648169271,0.24082783179439607,0.47120418848167539,4
B3,2,1,3,lam=3,190,190,2022-01-02,2022-01-03,1.7267854388613584,0.31998542586983075,0.46842105263157896,35
B3,2,2,3,lam=3,380,189,2022-05-22,2022-08-05,1.2306739678416034,0.26258077282319015,0.3968253968253968,35
B3,2,3,3,lam=3,569,191,2023-01-19,2023-01-21,1.1525808844947769,0.23136165005967055,0.48167539267015708,4
B3,2,1,10,lam=10,190,190,2022-01-02,2022-01-03,1.4892050252147118,0.29949372183706835,0.47894736842105262,35
B3,2,2,10,lam=10,380,189,2022-05-22,2022-08-05,1.1646002299498575,0.25233843741481232,0.41269841269841268,35
B3,2,3,10,lam=10,569,191,2023-01-19,2023-01-21,1.0950080294857778,0.2210630341041403,0.48691099476439792,4
B3,2,1,30,lam=30,190,190,2022-01-02,2022-01-03,1.2664206476742006,0.26879778552055017,0.5,35
B3,2,2,30,lam=30,380,189,2022-05-22,2022-08-05,1.1104424747114447,0.24133283738044373,0.44444444444444442,35
B3,2,3,30,lam=30,569,191,2023-01-19,2023-01-21,1.047349171437358,0.21287333946472928,0.50785340314136129,4
B3,2,1,100,lam=100,190,190,2022-01-02,2022-01-03,1.0742021318571922,0.23353539050577571,0.53157894736842104,35
B3,2,2,100,lam=100,380,189,2022-05-22,2022-08-05,1.0619734509626355,0.23020984440367698,0.48148148148148145,35
B3,2,3,100,lam=100,569,191,2023-01-19,2023-01-21,1.0082017469602449,0.20575150473803863,0.52879581151832455,4
B3,3,1,0.01,lam=0.01,285,284,2022-03-18,2022-03-19,1.6399850979801986,0.29945364403956809,0.38380281690140844,35
B3,3,2,0.01,lam=0.01,569,286,2023-01-19,2023-01-21,1.43390776659717,0.25667870744543547,0.46153846153846156,4
B3,3,3,0.01,lam=0.01,855,285,2023-10-28,2023-10-29,1.10298485227455,0.22530131287788921,0.52280701754385961,4
B3,3,1,0.029999999999999999,lam=0.03,285,284,2022-03-18,2022-03-19,1.5771146498919857,0.29276886878172054,0.38380281690140844,35
B3,3,2,0.029999999999999999,lam=0.03,569,286,2023-01-19,2023-01-21,1.412263593721319,0.2549752255353539,0.45454545454545453,4
B3,3,3,0.029999999999999999,lam=0.03,855,285,2023-10-28,2023-10-29,1.1017009332722985,0.22495228876923906,0.52631578947368418,4
B3,3,1,0.10000000000000001,lam=0.1,285,284,2022-03-18,2022-03-19,1.4676477872464375,0.28024767380226795,0.40140845070422537,35
B3,3,2,0.10000000000000001,lam=0.1,569,286,2023-01-19,2023-01-21,1.373040390968437,0.25115584994166501,0.45454545454545453,4
B3,3,3,0.10000000000000001,lam=0.1,855,285,2023-10-28,2023-10-29,1.0975030482871806,0.22393665390452638,0.52982456140350875,4
B3,3,1,0.29999999999999999,lam=0.3,285,284,2022-03-18,2022-03-19,1.3550654276159875,0.26726239478899966,0.42957746478873238,35
B3,3,2,0.29999999999999999,lam=0.3,569,286,2023-01-19,2023-01-21,1.3222599676394509,0.24582711430163492,0.46153846153846156,4
B3,3,3,0.29999999999999999,lam=0.3,855,285,2023-10-28,2023-10-29,1.0873624901094483,0.22182699046509291,0.52982456140350875,4
B3,3,1,1,lam=1,285,284,2022-03-18,2022-03-19,1.2478101120524419,0.25452764007423845,0.45422535211267606,35
B3,3,2,1,lam=1,569,286,2023-01-19,2023-01-21,1.2533070883456912,0.23802798701623734,0.4825174825174825,4
B3,3,3,1,lam=1,855,285,2023-10-28,2023-10-29,1.0638680791630628,0.21755973645081847,0.53333333333333333,4
B3,3,1,3,lam=3,285,284,2022-03-18,2022-03-19,1.1707691799282538,0.2443888332316948,0.45422535211267606,35
B3,3,2,3,lam=3,569,286,2023-01-19,2023-01-21,1.1853482980890466,0.22941581237436484,0.50349650349650354,4
B3,3,3,3,lam=3,855,285,2023-10-28,2023-10-29,1.0332023456559363,0.21219727792902715,0.55087719298245619,4
B3,3,1,10,lam=10,285,284,2022-03-18,2022-03-19,1.1032124669967323,0.23375603444800164,0.46830985915492956,35
B3,3,2,10,lam=10,569,286,2023-01-19,2023-01-21,1.1115942241267562,0.2193941212894133,0.49650349650349651,4
B3,3,3,10,lam=10,855,285,2023-10-28,2023-10-29,1.0025740018932576,0.20663592251163695,0.55087719298245619,4
B3,3,1,30,lam=30,285,284,2022-03-18,2022-03-19,1.0531388390525813,0.22429402143387098,0.49295774647887325,35
B3,3,2,30,lam=30,569,286,2023-01-19,2023-01-21,1.0525527688632339,0.21093642861458364,0.5174825174825175,4
B3,3,3,30,lam=30,855,285,2023-10-28,2023-10-29,0.98447257563829993,0.20319857933943339,0.56140350877192979,4
B3,3,1,100,lam=100,285,284,2022-03-18,2022-03-19,1.0148724488515684,0.21609903105555317,0.52464788732394363,35
B3,3,2,100,lam=100,569,286,2023-01-19,2023-01-21,1.0049364176209292,0.20377886967505426,0.53846153846153844,4
B3,3,3,100,lam=100,855,285,2023-10-28,2023-10-29,0.97193228461249159,0.20079427332204419,0.57543859649122808,4
B3,4,1,0.01,lam=0.01,380,380,2022-05-22,2022-08-05,1.3205199597541606,0.25598979222220497,0.45263157894736844,35
B3,4,2,0.01,lam=0.01,760,380,2023-05-28,2023-08-11,1.1976927891840481,0.23087572133001524,0.50526315789473686,4
B3,4,3,0.01,lam=0.01,1140,380,2024-05-19,2024-08-16,1.0555372456694105,0.21331557785113278,0.4631578947368421,4
B3,4,1,0.029999999999999999,lam=0.03,380,380,2022-05-22,2022-08-05,1.3033230693448254,0.25439773277806982,0.45263157894736844,35
B3,4,2,0.029999999999999999,lam=0.03,760,380,2023-05-28,2023-08-11,1.1941415748841528,0.23037627712408087,0.50789473684210529,4
B3,4,3,0.029999999999999999,lam=0.03,1140,380,2024-05-19,2024-08-16,1.0541705854453709,0.21312348625926614,0.45789473684210524,4
B3,4,1,0.10000000000000001,lam=0.1,380,380,2022-05-22,2022-08-05,1.270947745308896,0.25108879282654584,0.44736842105263158,35
B3,4,2,0.10000000000000001,lam=0.1,760,380,2023-05-28,2023-08-11,1.1831119239648202,0.22885712291391966,0.50789473684210529,4
B3,4,3,0.10000000000000001,lam=0.1,1140,380,2024-05-19,2024-08-16,1.0505121824852643,0.21260750696053413,0.46052631578947367,4
B3,4,1,0.29999999999999999,lam=0.3,380,380,2022-05-22,2022-08-05,1.2310390566769853,0.24717838499180364,0.44736842105263158,35
B3,4,2,0.29999999999999999,lam=0.3,760,380,2023-05-28,2023-08-11,1.1593579862454853,0.22571829301571208,0.51052631578947372,4
B3,4,3,0.29999999999999999,lam=0.3,1140,380,2024-05-19,2024-08-16,1.0446226766921805,0.21174531144483846,0.4631578947368421,4
B3,4,1,1,lam=1,380,380,2022-05-22,2022-08-05,1.1841334813800015,0.24272669037114961,0.45000000000000001,35
B3,4,2,1,lam=1,760,380,2023-05-28,2023-08-11,1.1149520662707553,0.22017535787816234,0.52368421052631575,4
B3,4,3,1,lam=1,1140,380,2024-05-19,2024-08-16,1.0375157884041524,0.21067131403711414,0.47105263157894739,4
B3,4,1,3,lam=3,380,380,2022-05-22,2022-08-05,1.141357376235324,0.23802847922252293,0.45789473684210524,35
B3,4,2,3,lam=3,760,380,2023-05-28,2023-08-11,1.0699778629775103,0.21472196650300401,0.53421052631578947,4
B3,4,3,3,lam=3,1140,380,2024-05-19,2024-08-16,1.0322705659519853,0.20994180229164147,0.46578947368421053,4
B3,4,1,10,lam=10,380,380,2022-05-22,2022-08-05,1.0944871357863128,0.2309745107265907,0.46842105263157896,35
B3,4,2,10,lam=10,760,380,2023-05-28,2023-08-11,1.0288039587434046,0.20917797664596524,0.53421052631578947,4
B3,4,3,10,lam=10,1140,380,2024-05-19,2024-08-16,1.0266975276056818,0.20932205018100802,0.48684210526315791,4
B3,4,1,30,lam=30,380,380,2022-05-22,2022-08-05,1.0548425125791652,0.22320240361889093,0.48421052631578948,35
B3,4,2,30,lam=30,760,380,2023-05-28,2023-08-11,0.99999593663841368,0.20453675264361859,0.54736842105263162,4
B3,4,3,30,lam=30,1140,380,2024-05-19,2024-08-16,1.0206752319036538,0.20872414949985577,0.51842105263157889,4
B3,4,1,100,lam=100,380,380,2022-05-22,2022-08-05,1.0199964459428035,0.21538404320977872,0.50789473684210529,35
B3,4,2,100,lam=100,760,380,2023-05-28,2023-08-11,0.97715393463174294,0.20057984746075927,0.55526315789473679,4
B3,4,3,100,lam=100,1140,380,2024-05-19,2024-08-16,1.0121668015216585,0.20760700377781444,0.51842105263157889,4
B4,1,1,0.01,lam=0.01,97,93,2021-10-30,2021-10-31,12.442234794239784,0.43051511097185108,0.33333333333333331,42
B4,1,2,0.01,lam=0.01,190,95,2022-01-02,2022-01-03,3.3518198538164961,0.35488741721675582,0.44210526315789472,38
B4,1,3,0.01,lam=0.01,285,95,2022-03-18,2022-03-19,1.4042583778698692,0.27918399763901275,0.44210526315789472,38
B4,1,1,0.029999999999999999,lam=0.03,97,93,2021-10-30,2021-10-31,8.0322466787058673,0.42111121166025639,0.35483870967741937,42
B4,1,2,0.029999999999999999,lam=0.03,190,95,2022-01-02,2022-01-03,3.0756679423046589,0.35077438378748554,0.43157894736842106,38
B4,1,3,0.029999999999999999,lam=0.03,285,95,2022-03-18,2022-03-19,1.3610267441990789,0.27289175810134431,0.45263157894736844,38
B4,1,1,0.10000000000000001,lam=0.1,97,93,2021-10-30,2021-10-31,5.3996265894080571,0.43627875382691744,0.34408602150537637,42
B4,1,2,0.10000000000000001,lam=0.1,190,95,2022-01-02,2022-01-03,2.7299110747325077,0.34499582150744917,0.43157894736842106,38
B4,1,3,0.10000000000000001,lam=0.1,285,95,2022-03-18,2022-03-19,1.2839187370645797,0.26082508992932335,0.48421052631578948,38
B4,1,1,0.29999999999999999,lam=0.3,97,93,2021-10-30,2021-10-31,4.3037311431053276,0.4516202965627818,0.33333333333333331,42
B4,1,2,0.29999999999999999,lam=0.3,190,95,2022-01-02,2022-01-03,2.4306437535655028,0.3444894742887617,0.44210526315789472,38
B4,1,3,0.29999999999999999,lam=0.3,285,95,2022-03-18,2022-03-19,1.2069729654878723,0.2478731074897042,0.51578947368421058,38
B4,1,1,1,lam=1,97,93,2021-10-30,2021-10-31,3.3224701318886409,0.43546925051058288,0.32258064516129031,42
B4,1,2,1,lam=1,190,95,2022-01-02,2022-01-03,2.1208426617507992,0.34519276428822798,0.44210526315789472,38
B4,1,3,1,lam=1,285,95,2022-03-18,2022-03-19,1.1335661947980717,0.23427728361970238,0.5368421052631579,38
B4,1,1,3,lam=3,97,93,2021-10-30,2021-10-31,2.5145534277385941,0.40639779134287962,0.31182795698924731,42
B4,1,2,3,lam=3,190,95,2022-01-02,2022-01-03,1.8437080334370415,0.33473711983237742,0.44210526315789472,38
B4,1,3,3,lam=3,285,95,2022-03-18,2022-03-19,1.0780686301983915,0.22274196442616462,0.5368421052631579,38
B4,1,1,10,lam=10,97,93,2021-10-30,2021-10-31,1.8799211769932078,0.36041846727393101,0.34408602150537637,42
B4,1,2,10,lam=10,190,95,2022-01-02,2022-01-03,1.5594355091437864,0.31009817198739081,0.44210526315789472,38
B4,1,3,10,lam=10,285,95,2022-03-18,2022-03-19,1.0315037255972801,0.21256755560279078,0.55789473684210522,38
B4,1,1,30,lam=30,97,93,2021-10-30,2021-10-31,1.5723752058399483,0.33115572215457595,0.32258064516129031,42
B4,1,2,30,lam=30,190,95,2022-01-02,2022-01-03,1.3258664335545574,0.27977625190833655,0.47368421052631576,38
B4,1,3,30,lam=30,285,95,2022-03-18,2022-03-19,0.99903134073904432,0.20579835482310779,0.56842105263157894,38
B4,1,1,100,lam=100,97,93,2021-10-30,2021-10-31,1.387857637455727,0.30621087055719193,0.29032258064516131,42
B4,1,2,100,lam=100,190,95,2022-01-02,2022-01-03,1.1343808006907681,0.24788296534681842,0.50526315789473686,38
B4,1,3,100,lam=100,285,95,2022-03-18,2022-03-19,0.97262646564653088,0.20037555510113886,0.57894736842105265,38
B4,2,1,0.01,lam=0.01,190,190,2022-01-02,2022-01-03,3.0508279873840478,0.31532425907378803,0.47894736842105262,38
B4,2,2,0.01,lam=0.01,380,189,2022-05-22,2022-08-05,1.531450774454397,0.29566966786697035,0.35978835978835977,38
B4,2,3,0.01,lam=0.01,569,191,2023-01-19,2023-01-21,1.4260594387866912,0.26771527105528153,0.45549738219895286,4
B4,2,1,0.029999999999999999,lam=0.03,190,190,2022-01-02,2022-01-03,2.7802118483101577,0.31250270493100712,0.48421052631578948,38
B4,2,2,0.029999999999999999,lam=0.03,380,189,2022-05-22,2022-08-05,1.501976336723422,0.2929750701200729,0.35978835978835977,38
B4,2,3,0.029999999999999999,lam=0.03,569,191,2023-01-19,2023-01-21,1.3867367089931408,0.26389521997319831,0.46596858638743455,4
B4,2,1,0.10000000000000001,lam=0.1,190,190,2022-01-02,2022-01-03,2.4510563672732943,0.31169921204876949,0.47894736842105262,38
B4,2,2,0.10000000000000001,lam=0.1,380,189,2022-05-22,2022-08-05,1.4466620284574094,0.28690032135726579,0.3439153439153439,38
B4,2,3,0.10000000000000001,lam=0.1,569,191,2023-01-19,2023-01-21,1.329621463921419,0.25657739960058229,0.46596858638743455,4
B4,2,1,0.29999999999999999,lam=0.3,190,190,2022-01-02,2022-01-03,2.1886565396907183,0.31391604947230384,0.49473684210526314,38
B4,2,2,0.29999999999999999,lam=0.3,380,189,2022-05-22,2022-08-05,1.3772155809627358,0.27905881045957209,0.34920634920634919,38
B4,2,3,0.29999999999999999,lam=0.3,569,191,2023-01-19,2023-01-21,1.2732311685675815,0.24817661836710031,0.47643979057591623,4
B4,2,1,1,lam=1,190,190,2022-01-02,2022-01-03,1.9413212431220364,0.32207705037449474,0.47894736842105262,38
B4,2,2,1,lam=1,380,189,2022-05-22,2022-08-05,1.2972636561139406,0.27033695074499015,0.35978835978835977,38
B4,2,3,1,lam=1,569,191,2023-01-19,2023-01-21,1.2134784054879764,0.23864099816963813,0.48691099476439792,4
B4,2,1,3,lam=3,190,190,2022-01-02,2022-01-03,1.726785438861359,0.31998542586983075,0.46842105263157896,38
B4,2,2,3,lam=3,380,189,2022-05-22,2022-08-05,1.2306739678416034,0.26258077282319015,0.3968253968253968,38
B4,2,3,3,lam=3,569,191,2023-01-19,2023-01-21,1.1594628532099864,0.22962511189524273,0.49738219895287961,4
B4,2,1,10,lam=10,190,190,2022-01-02,2022-01-03,1.4892050252147118,0.29949372183706835,0.47894736842105262,38
B4,2,2,10,lam=10,380,189,2022-05-22,2022-08-05,1.1646002299498575,0.25233843741481232,0.41269841269841268,38
B4,2,3,10,lam=10,569,191,2023-01-19,2023-01-21,1.099573704294732,0.22034749663856049,0.49738219895287961,4
B4,2,1,30,lam=30,190,190,2022-01-02,2022-01-03,1.2664206476742006,0.26879778552055011,0.5,38
B4,2,2,30,lam=30,380,189,2022-05-22,2022-08-05,1.1104424747114445,0.24133283738044373,0.44444444444444442,38
B4,2,3,30,lam=30,569,191,2023-01-19,2023-01-21,1.049601896431497,0.21267964853550686,0.51832460732984298,4
B4,2,1,100,lam=100,190,190,2022-01-02,2022-01-03,1.0742021318571922,0.23353539050577571,0.53157894736842104,38
B4,2,2,100,lam=100,380,189,2022-05-22,2022-08-05,1.0619734509626355,0.23020984440367698,0.48148148148148145,38
B4,2,3,100,lam=100,569,191,2023-01-19,2023-01-21,1.0076929290496011,0.20543268715712934,0.52356020942408377,4
B4,3,1,0.01,lam=0.01,285,284,2022-03-18,2022-03-19,1.6399850979801995,0.29945364403956803,0.38380281690140844,38
B4,3,2,0.01,lam=0.01,569,286,2023-01-19,2023-01-21,1.49482268864055,0.26146329478063424,0.43706293706293708,4
B4,3,3,0.01,lam=0.01,855,285,2023-10-28,2023-10-29,1.1253972224798445,0.22857495061030092,0.51929824561403504,4
B4,3,1,0.029999999999999999,lam=0.03,285,284,2022-03-18,2022-03-19,1.5771146498919872,0.29276886878172065,0.38380281690140844,38
B4,3,2,0.029999999999999999,lam=0.03,569,286,2023-01-19,2023-01-21,1.4602415910198447,0.25836604858112416,0.45454545454545453,4
B4,3,3,0.029999999999999999,lam=0.03,855,285,2023-10-28,2023-10-29,1.1242048724703548,0.22825540976147582,0.51929824561403504,4
B4,3,1,0.10000000000000001,lam=0.1,285,284,2022-03-18,2022-03-19,1.4676477872464377,0.280247673802268,0.40140845070422537,38
B4,3,2,0.10000000000000001,lam=0.1,569,286,2023-01-19,2023-01-21,1.4043547822187274,0.25245718638341003,0.45454545454545453,4
B4,3,3,0.10000000000000001,lam=0.1,855,285,2023-10-28,2023-10-29,1.1199820532506288,0.22728628690319677,0.52280701754385961,4
B4,3,1,0.29999999999999999,lam=0.3,285,284,2022-03-18,2022-03-19,1.3550654276159875,0.26726239478899966,0.42957746478873238,38
B4,3,2,0.29999999999999999,lam=0.3,569,286,2023-01-19,2023-01-21,1.3412943542953977,0.24593790552027153,0.46503496503496505,4
B4,3,3,0.29999999999999999,lam=0.3,855,285,2023-10-28,2023-10-29,1.1090684391876617,0.22516900961381958,0.52631578947368418,4
B4,3,1,1,lam=1,285,284,2022-03-18,2022-03-19,1.2478101120524419,0.25452764007423845,0.45422535211267606,38
B4,3,2,1,lam=1,569,286,2023-01-19,2023-01-21,1.2672225783932762,0.23835515047159025,0.47552447552447552,4
B4,3,3,1,lam=1,855,285,2023-10-28,2023-10-29,1.0830118800070596,0.2206886700772914,0.52631578947368418,4
B4,3,1,3,lam=3,285,284,2022-03-18,2022-03-19,1.1707691799282538,0.2443888332316948,0.45422535211267606,38
B4,3,2,3,lam=3,569,286,2023-01-19,2023-01-21,1.1993714432090763,0.23082982590095538,0.5,4
B4,3,3,3,lam=3,855,285,2023-10-28,2023-10-29,1.0491007948214053,0.21495414724599848,0.54385964912280704,4
B4,3,1,10,lam=10,285,284,2022-03-18,2022-03-19,1.1032124669967323,0.23375603444800164,0.46830985915492956,38
B4,3,2,10,lam=10,569,286,2023-01-19,2023-01-21,1.1244496148354284,0.22153374125173317,0.50699300699300698,4
B4,3,3,10,lam=10,855,285,2023-10-28,2023-10-29,1.0146634820662728,0.20885985426694192,0.55087719298245619,4
B4,3,1,30,lam=30,285,284,2022-03-18,2022-03-19,1.0531388390525813,0.22429402143387098,0.49295774647887325,38
B4,3,2,30,lam=30,569,286,2023-01-19,2023-01-21,1.0616076558511973,0.21276039195722637,0.52797202797202802,4
B4,3,3,30,lam=30,855,285,2023-10-28,2023-10-29,0.99277444721731845,0.2048187488628713,0.56140350877192979,4
B4,3,1,100,lam=100,285,284,2022-03-18,2022-03-19,1.0148724488515686,0.21609903105555317,0.52464788732394363,38
B4,3,2,100,lam=100,569,286,2023-01-19,2023-01-21,1.0084124864293633,0.204556736050856,0.53846153846153844,4
B4,3,3,100,lam=100,855,285,2023-10-28,2023-10-29,0.97669163630631817,0.20185801956846638,0.57192982456140351,4
B4,4,1,0.01,lam=0.01,380,380,2022-05-22,2022-08-05,1.320519959754161,0.25598979222220503,0.45263157894736844,38
B4,4,2,0.01,lam=0.01,760,380,2023-05-28,2023-08-11,1.2242168780976781,0.23500068125280227,0.48421052631578948,4
B4,4,3,0.01,lam=0.01,1140,380,2024-05-19,2024-08-16,1.0593897482411319,0.21373983061883839,0.46052631578947367,4
B4,4,1,0.029999999999999999,lam=0.03,380,380,2022-05-22,2022-08-05,1.3033230693448237,0.25439773277806982,0.45263157894736844,38
B4,4,2,0.029999999999999999,lam=0.03,760,380,2023-05-28,2023-08-11,1.2203427991503855,0.2344527730852968,0.48684210526315791,4
B4,4,3,0.029999999999999999,lam=0.03,1140,380,2024-05-19,2024-08-16,1.0580885173103045,0.21356417920696935,0.4631578947368421,4
B4,4,1,0.10000000000000001,lam=0.1,380,380,2022-05-22,2022-08-05,1.2709477453088964,0.25108879282654584,0.44736842105263158,38
B4,4,2,0.10000000000000001,lam=0.1,760,380,2023-05-28,2023-08-11,1.2083784199425234,0.23280705759071219,0.49473684210526314,4
B4,4,3,0.10000000000000001,lam=0.1,1140,380,2024-05-19,2024-08-16,1.0546152870603855,0.21309286672581315,0.4631578947368421,4
B4,4,1,0.29999999999999999,lam=0.3,380,380,2022-05-22,2022-08-05,1.2310390566769855,0.2471783849918037,0.44736842105263158,38
B4,4,2,0.29999999999999999,lam=0.3,760,380,2023-05-28,2023-08-11,1.1831776227740696,0.22953871425309677,0.48947368421052634,4
B4,4,3,0.29999999999999999,lam=0.3,1140,380,2024-05-19,2024-08-16,1.0490680545061941,0.21231219527013473,0.46842105263157896,4
B4,4,1,1,lam=1,380,380,2022-05-22,2022-08-05,1.1841334813800015,0.24272669037114961,0.45000000000000001,38
B4,4,2,1,lam=1,760,380,2023-05-28,2023-08-11,1.1382084106989969,0.22422059647559117,0.5,4
B4,4,3,1,lam=1,1140,380,2024-05-19,2024-08-16,1.0424346037881242,0.21137549057447655,0.47631578947368419,4
B4,4,1,3,lam=3,380,380,2022-05-22,2022-08-05,1.141357376235324,0.23802847922252293,0.45789473684210524,38
B4,4,2,3,lam=3,760,380,2023-05-28,2023-08-11,1.0929104136467236,0.21905335718940633,0.52105263157894732,4
B4,4,3,3,lam=3,1140,380,2024-05-19,2024-08-16,1.037405255742379,0.21077006256712708,0.47894736842105262,4
B4,4,1,10,lam=10,380,380,2022-05-22,2022-08-05,1.0944871357863128,0.2309745107265907,0.46842105263157896,38
B4,4,2,10,lam=10,760,380,2023-05-28,2023-08-11,1.0467129281630525,0.21268036353199909,0.52368421052631575,4
B4,4,3,10,lam=10,1140,380,2024-05-19,2024-08-16,1.0315380642336884,0.21018510918233629,0.49473684210526314,4
B4,4,1,30,lam=30,380,380,2022-05-22,2022-08-05,1.0548425125791652,0.22320240361889093,0.48421052631578948,38
B4,4,2,30,lam=30,760,380,2023-05-28,2023-08-11,1.010728959829174,0.20653358092961346,0.55000000000000004,4
B4,4,3,30,lam=30,1140,380,2024-05-19,2024-08-16,1.0247445550409426,0.20951008204936211,0.51315789473684215,4
B4,4,1,100,lam=100,380,380,2022-05-22,2022-08-05,1.0199964459428035,0.21538404320977872,0.50789473684210529,38
B4,4,2,100,lam=100,760,380,2023-05-28,2023-08-11,0.98154993797956658,0.20125642124060014,0.55263157894736847,4
B4,4,3,100,lam=100,1140,380,2024-05-19,2024-08-16,1.01512866610756,0.20826013519480396,0.52368421052631575,4
B5,1,1,0.01,lam=0.01,97,93,2021-10-30,2021-10-31,12.442234794239779,0.43051511097185141,0.33333333333333331,51
B5,1,2,0.01,lam=0.01,190,95,2022-01-02,2022-01-03,3.3518198538165023,0.35488741721675582,0.44210526315789472,47
B5,1,3,0.01,lam=0.01,285,95,2022-03-18,2022-03-19,1.404258377869869,0.27918399763901275,0.44210526315789472,47
B5,1,1,0.029999999999999999,lam=0.03,97,93,2021-10-30,2021-10-31,8.0322466787058708,0.42111121166025633,0.35483870967741937,51
B5,1,2,0.029999999999999999,lam=0.03,190,95,2022-01-02,2022-01-03,3.0756679423046576,0.35077438378748554,0.43157894736842106,47
B5,1,3,0.029999999999999999,lam=0.03,285,95,2022-03-18,2022-03-19,1.3610267441990791,0.27289175810134442,0.45263157894736844,47
B5,1,1,0.10000000000000001,lam=0.1,97,93,2021-10-30,2021-10-31,5.3996265894080571,0.43627875382691755,0.34408602150537637,51
B5,1,2,0.10000000000000001,lam=0.1,190,95,2022-01-02,2022-01-03,2.7299110747325077,0.34499582150744923,0.43157894736842106,47
B5,1,3,0.10000000000000001,lam=0.1,285,95,2022-03-18,2022-03-19,1.2839187370645788,0.26082508992932329,0.48421052631578948,47
B5,1,1,0.29999999999999999,lam=0.3,97,93,2021-10-30,2021-10-31,4.3037311431053276,0.4516202965627818,0.33333333333333331,51
B5,1,2,0.29999999999999999,lam=0.3,190,95,2022-01-02,2022-01-03,2.4306437535655032,0.3444894742887617,0.44210526315789472,47
B5,1,3,0.29999999999999999,lam=0.3,285,95,2022-03-18,2022-03-19,1.2069729654878723,0.24787310748970418,0.51578947368421058,47
B5,1,1,1,lam=1,97,93,2021-10-30,2021-10-31,3.3224701318886409,0.43546925051058288,0.32258064516129031,51
B5,1,2,1,lam=1,190,95,2022-01-02,2022-01-03,2.1208426617507992,0.34519276428822793,0.44210526315789472,47
B5,1,3,1,lam=1,285,95,2022-03-18,2022-03-19,1.1335661947980717,0.23427728361970238,0.5368421052631579,47
B5,1,1,3,lam=3,97,93,2021-10-30,2021-10-31,2.5145534277385941,0.40639779134287962,0.31182795698924731,51
B5,1,2,3,lam=3,190,95,2022-01-02,2022-01-03,1.8437080334370413,0.33473711983237742,0.44210526315789472,47
B5,1,3,3,lam=3,285,95,2022-03-18,2022-03-19,1.0780686301983915,0.22274196442616462,0.5368421052631579,47
B5,1,1,10,lam=10,97,93,2021-10-30,2021-10-31,1.8799211769932078,0.36041846727393112,0.34408602150537637,51
B5,1,2,10,lam=10,190,95,2022-01-02,2022-01-03,1.5594355091437861,0.31009817198739081,0.44210526315789472,47
B5,1,3,10,lam=10,285,95,2022-03-18,2022-03-19,1.0315037255972801,0.21256755560279078,0.55789473684210522,47
B5,1,1,30,lam=30,97,93,2021-10-30,2021-10-31,1.5723752058399483,0.33115572215457595,0.32258064516129031,51
B5,1,2,30,lam=30,190,95,2022-01-02,2022-01-03,1.3258664335545574,0.2797762519083366,0.47368421052631576,47
B5,1,3,30,lam=30,285,95,2022-03-18,2022-03-19,0.99903134073904443,0.20579835482310779,0.56842105263157894,47
B5,1,1,100,lam=100,97,93,2021-10-30,2021-10-31,1.387857637455727,0.30621087055719193,0.29032258064516131,51
B5,1,2,100,lam=100,190,95,2022-01-02,2022-01-03,1.1343808006907683,0.2478829653468185,0.50526315789473686,47
B5,1,3,100,lam=100,285,95,2022-03-18,2022-03-19,0.97262646564653066,0.20037555510113886,0.57894736842105265,47
B5,2,1,0.01,lam=0.01,190,190,2022-01-02,2022-01-03,3.0508279873840509,0.31532425907378814,0.47894736842105262,47
B5,2,2,0.01,lam=0.01,380,189,2022-05-22,2022-08-05,1.5314507744544001,0.29566966786697046,0.35978835978835977,47
B5,2,3,0.01,lam=0.01,569,191,2023-01-19,2023-01-21,1.5468639868311875,0.27155873763193783,0.43979057591623039,4
B5,2,1,0.029999999999999999,lam=0.03,190,190,2022-01-02,2022-01-03,2.7802118483101572,0.31250270493100718,0.48421052631578948,47
B5,2,2,0.029999999999999999,lam=0.03,380,189,2022-05-22,2022-08-05,1.5019763367234227,0.29297507012007284,0.35978835978835977,47
B5,2,3,0.029999999999999999,lam=0.03,569,191,2023-01-19,2023-01-21,1.4876984269770279,0.26857634796319085,0.44502617801047123,4
B5,2,1,0.10000000000000001,lam=0.1,190,190,2022-01-02,2022-01-03,2.4510563672732939,0.31169921204876949,0.47894736842105262,47
B5,2,2,0.10000000000000001,lam=0.1,380,189,2022-05-22,2022-08-05,1.4466620284574094,0.28690032135726579,0.3439153439153439,47
B5,2,3,0.10000000000000001,lam=0.1,569,191,2023-01-19,2023-01-21,1.4191536703709489,0.26446019985306146,0.48167539267015708,4
B5,2,1,0.29999999999999999,lam=0.3,190,190,2022-01-02,2022-01-03,2.18865653969072,0.31391604947230389,0.49473684210526314,47
B5,2,2,0.29999999999999999,lam=0.3,380,189,2022-05-22,2022-08-05,1.3772155809627349,0.27905881045957209,0.34920634920634919,47
B5,2,3,0.29999999999999999,lam=0.3,569,191,2023-01-19,2023-01-21,1.3537641461204089,0.25935714397746329,0.47120418848167539,4
B5,2,1,1,lam=1,190,190,2022-01-02,2022-01-03,1.9413212431220364,0.32207705037449474,0.47894736842105262,47
B5,2,2,1,lam=1,380,189,2022-05-22,2022-08-05,1.2972636561139406,0.2703369507449902,0.35978835978835977,47
B5,2,3,1,lam=1,569,191,2023-01-19,2023-01-21,1.2785269943441631,0.25098493774995045,0.47120418848167539,4
B5,2,1,3,lam=3,190,190,2022-01-02,2022-01-03,1.7267854388613584,0.3199854258698307,0.46842105263157896,47
B5,2,2,3,lam=3,380,189,2022-05-22,2022-08-05,1.2306739678416034,0.26258077282319015,0.3968253968253968,47
B5,2,3,3,lam=3,569,191,2023-01-19,2023-01-21,1.2095839045147561,0.24158745208995289,0.48691099476439792,4
B5,2,1,10,lam=10,190,190,2022-01-02,2022-01-03,1.4892050252147118,0.29949372183706835,0.47894736842105262,47
B5,2,2,10,lam=10,380,189,2022-05-22,2022-08-05,1.1646002299498575,0.25233843741481232,0.41269841269841268,47
B5,2,3,10,lam=10,569,191,2023-01-19,2023-01-21,1.1349971259094154,0.23045164626600181,0.50261780104712039,4
B5,2,1,30,lam=30,190,190,2022-01-02,2022-01-03,1.2664206476742006,0.26879778552055017,0.5,47
B5,2,2,30,lam=30,380,189,2022-05-22,2022-08-05,1.1104424747114447,0.24133283738044373,0.44444444444444442,47
B5,2,3,30,lam=30,569,191,2023-01-19,2023-01-21,1.0698284016029567,0.21900755807871244,0.51832460732984298,4
B5,2,1,100,lam=100,190,190,2022-01-02,2022-01-03,1.0742021318571922,0.23353539050577574,0.53157894736842104,47
B5,2,2,100,lam=100,380,189,2022-05-22,2022-08-05,1.0619734509626355,0.23020984440367698,0.48148148148148145,47
B5,2,3,100,lam=100,569,191,2023-01-19,2023-01-21,1.0141505828045516,0.20754727936505299,0.52356020942408377,4
B5,3,1,0.01,lam=0.01,285,284,2022-03-18,2022-03-19,1.6399850979801955,0.29945364403956803,0.38380281690140844,47
B5,3,2,0.01,lam=0.01,569,286,2023-01-19,2023-01-21,1.6929866245153173,0.28247221426994568,0.43356643356643354,4
B5,3,3,0.01,lam=0.01,855,285,2023-10-28,2023-10-29,1.2437657703551235,0.25018881876224508,0.4631578947368421,4
B5,3,1,0.029999999999999999,lam=0.03,285,284,2022-03-18,2022-03-19,1.5771146498919877,0.29276886878172065,0.38380281690140844,47
B5,3,2,0.029999999999999999,lam=0.03,569,286,2023-01-19,2023-01-21,1.6299600112163617,0.27731725793471701,0.43356643356643354,4
B5,3,3,0.029999999999999999,lam=0.03,855,285,2023-10-28,2023-10-29,1.2380885535379187,0.24887141240646604,0.46666666666666667,4
B5,3,1,0.10000000000000001,lam=0.1,285,284,2022-03-18,2022-03-19,1.4676477872464375,0.280247673802268,0.40140845070422537,47
B5,3,2,0.10000000000000001,lam=0.1,569,286,2023-01-19,2023-01-21,1.5485587712065596,0.27117745800008308,0.46153846153846156,4
B5,3,3,0.10000000000000001,lam=0.1,855,285,2023-10-28,2023-10-29,1.2215357174953942,0.24528148001149072,0.48070175438596491,4
B5,3,1,0.29999999999999999,lam=0.3,285,284,2022-03-18,2022-03-19,1.3550654276159873,0.26726239478899966,0.42957746478873238,47
B5,3,2,0.29999999999999999,lam=0.3,569,286,2023-01-19,2023-01-21,1.4590710054536971,0.26496330902702336,0.45804195804195802,4
B5,3,3,0.29999999999999999,lam=0.3,855,285,2023-10-28,2023-10-29,1.190754125038245,0.23900435984775664,0.49122807017543857,4
B5,3,1,1,lam=1,285,284,2022-03-18,2022-03-19,1.2478101120524419,0.25452764007423845,0.45422535211267606,47
B5,3,2,1,lam=1,569,286,2023-01-19,2023-01-21,1.353151782061617,0.25435852830814532,0.46853146853146854,4
B5,3,3,1,lam=1,855,285,2023-10-28,2023-10-29,1.1422083602880559,0.23001630174839413,0.49473684210526314,4
B5,3,1,3,lam=3,285,284,2022-03-18,2022-03-19,1.1707691799282538,0.2443888332316948,0.45422535211267606,47
B5,3,2,3,lam=3,569,286,2023-01-19,2023-01-21,1.2595372216813063,0.24277354898476691,0.4825174825174825,4
B5,3,3,3,lam=3,855,285,2023-10-28,2023-10-29,1.0948130574060311,0.2223453032861715,0.52631578947368418,4
B5,3,1,10,lam=10,285,284,2022-03-18,2022-03-19,1.1032124669967323,0.23375603444800164,0.46830985915492956,47
B5,3,2,10,lam=10,569,286,2023-01-19,2023-01-21,1.1607106633261433,0.22961144160354324,0.49300699300699302,4
B5,3,3,10,lam=10,855,285,2023-10-28,2023-10-29,1.0489710773732954,0.21517922501531264,0.55087719298245619,4
B5,3,1,30,lam=30,285,284,2022-03-18,2022-03-19,1.0531388390525813,0.22429402143387098,0.49295774647887325,47
B5,3,2,30,lam=30,569,286,2023-01-19,2023-01-21,1.0788759376483701,0.21713377390852392,0.51398601398601396,4
B5,3,3,30,lam=30,855,285,2023-10-28,2023-10-29,1.0150274790955367,0.20921028248466506,0.56491228070175437,4
B5,3,1,100,lam=100,285,284,2022-03-18,2022-03-19,1.0148724488515684,0.21609903105555317,0.52464788732394363,47
B5,3,2,100,lam=100,569,286,2023-01-19,2023-01-21,1.0127308161675623,0.20562106453746126,0.54195804195804198,4
B5,3,3,100,lam=100,855,285,2023-10-28,2023-10-29,0.98590611951901996,0.20359571272758814,0.56140350877192979,4
B5,4,1,0.01,lam=0.01,380,380,2022-05-22,2022-08-05,1.3205199597541628,0.25598979222220503,0.45263157894736844,47
B5,4,2,0.01,lam=0.01,760,380,2023-05-28,2023-08-11,1.43670622067397,0.26974075861480218,0.42368421052631577,4
B5,4,3,0.01,lam=0.01,1140,380,2024-05-19,2024-08-16,1.1450829678716314,0.23006518994703631,0.44210526315789472,4
B5,4,1,0.029999999999999999,lam=0.03,380,380,2022-05-22,2022-08-05,1.3033230693448239,0.25439773277806976,0.45263157894736844,47
B5,4,2,0.029999999999999999,lam=0.03,760,380,2023-05-28,2023-08-11,1.4185911298329139,0.26734815814355356,0.4263157894736842,4
B5,4,3,0.029999999999999999,lam=0.03,1140,380,2024-05-19,2024-08-16,1.1426540543428712,0.22985974494953706,0.43947368421052629,4
B5,4,1,0.10000000000000001,lam=0.1,380,380,2022-05-22,2022-08-05,1.2709477453088962,0.25108879282654584,0.44736842105263158,47
B5,4,2,0.10000000000000001,lam=0.1,760,380,2023-05-28,2023-08-11,1.3750572633278455,0.26138554903115924,0.42894736842105263,4
B5,4,3,0.10000000000000001,lam=0.1,1140,380,2024-05-19,2024-08-16,1.1365562809256686,0.22929313216099725,0.44473684210526315,4
B5,4,1,0.29999999999999999,lam=0.3,380,380,2022-05-22,2022-08-05,1.2310390566769851,0.24717838499180372,0.44736842105263158,47
B5,4,2,0.29999999999999999,lam=0.3,760,380,2023-05-28,2023-08-11,1.3093444227826987,0.25193545724922889,0.45263157894736844,4
B5,4,3,0.29999999999999999,lam=0.3,1140,380,2024-05-19,2024-08-16,1.1268409403549335,0.22824216041705639,0.45263157894736844,4
B5,4,1,1,lam=1,380,380,2022-05-22,2022-08-05,1.1841334813800015,0.24272669037114966,0.45000000000000001,47
B5,4,2,1,lam=1,760,380,2023-05-28,2023-08-11,1.2255045320414151,0.239351601999094,0.46842105263157896,4
B5,4,3,1,lam=1,1140,380,2024-05-19,2024-08-16,1.1105223025001021,0.22625769152898773,0.45000000000000001,4
B5,4,1,3,lam=3,380,380,2022-05-22,2022-08-05,1.1413573762353242,0.23802847922252293,0.45789473684210524,47
B5,4,2,3,lam=3,760,380,2023-05-28,2023-08-11,1.1554085644789722,0.22909093985497062,0.49473684210526314,4
B5,4,3,3,lam=3,1140,380,2024-05-19,2024-08-16,1.0887696293675702,0.22332543902551955,0.4631578947368421,4
B5,4,1,10,lam=10,380,380,2022-05-22,2022-08-05,1.0944871357863128,0.23097451072659067,0.46842105263157896,47
B5,4,2,10,lam=10,760,380,2023-05-28,2023-08-11,1.0878462548518784,0.21899647118884225,0.51578947368421058,4
B5,4,3,10,lam=10,1140,380,2024-05-19,2024-08-16,1.0606980979067953,0.2186876887544921,0.47894736842105262,4
B5,4,1,30,lam=30,380,380,2022-05-22,2022-08-05,1.0548425125791652,0.22320240361889093,0.48421052631578948,47
B5,4,2,30,lam=30,760,380,2023-05-28,2023-08-11,1.0339547730790377,0.21008535952116908,0.5368421052631579,4
B5,4,3,30,lam=30,1140,380,2024-05-19,2024-08-16,1.0382485291154973,0.21411516159443114,0.48947368421052634,4
B5,4,1,100,lam=100,380,380,2022-05-22,2022-08-05,1.0199964459428035,0.21538404320977872,0.50789473684210529,47
B5,4,2,100,lam=100,760,380,2023-05-28,2023-08-11,0.98992685179154893,0.20242635440477472,0.55526315789473679,4
B5,4,3,100,lam=100,1140,380,2024-05-19,2024-08-16,1.0186755628412139,0.20977784568059801,0.50789473684210529,4
B6,1,1,0.01,lam=0.01,97,93,2021-10-30,2021-10-31,12.442234794239797,0.4305151109718513,0.33333333333333331,57
B6,1,2,0.01,lam=0.01,190,95,2022-01-02,2022-01-03,3.3518198538165005,0.35488741721675571,0.44210526315789472,53
B6,1,3,0.01,lam=0.01,285,95,2022-03-18,2022-03-19,1.404258377869869,0.2791839976390128,0.44210526315789472,53
B6,1,1,0.029999999999999999,lam=0.03,97,93,2021-10-30,2021-10-31,8.0322466787058708,0.42111121166025633,0.35483870967741937,57
B6,1,2,0.029999999999999999,lam=0.03,190,95,2022-01-02,2022-01-03,3.0756679423046589,0.3507743837874856,0.43157894736842106,53
B6,1,3,0.029999999999999999,lam=0.03,285,95,2022-03-18,2022-03-19,1.3610267441990791,0.27289175810134442,0.45263157894736844,53
B6,1,1,0.10000000000000001,lam=0.1,97,93,2021-10-30,2021-10-31,5.3996265894080553,0.43627875382691739,0.34408602150537637,57
B6,1,2,0.10000000000000001,lam=0.1,190,95,2022-01-02,2022-01-03,2.7299110747325082,0.34499582150744923,0.43157894736842106,53
B6,1,3,0.10000000000000001,lam=0.1,285,95,2022-03-18,2022-03-19,1.2839187370645788,0.26082508992932329,0.48421052631578948,53
B6,1,1,0.29999999999999999,lam=0.3,97,93,2021-10-30,2021-10-31,4.3037311431053293,0.4516202965627818,0.33333333333333331,57
B6,1,2,0.29999999999999999,lam=0.3,190,95,2022-01-02,2022-01-03,2.4306437535655032,0.34448947428876175,0.44210526315789472,53
B6,1,3,0.29999999999999999,lam=0.3,285,95,2022-03-18,2022-03-19,1.2069729654878723,0.2478731074897042,0.51578947368421058,53
B6,1,1,1,lam=1,97,93,2021-10-30,2021-10-31,3.3224701318886409,0.43546925051058294,0.32258064516129031,57
B6,1,2,1,lam=1,190,95,2022-01-02,2022-01-03,2.1208426617507992,0.34519276428822793,0.44210526315789472,53
B6,1,3,1,lam=1,285,95,2022-03-18,2022-03-19,1.1335661947980717,0.23427728361970238,0.5368421052631579,53
B6,1,1,3,lam=3,97,93,2021-10-30,2021-10-31,2.5145534277385941,0.40639779134287962,0.31182795698924731,57
B6,1,2,3,lam=3,190,95,2022-01-02,2022-01-03,1.8437080334370408,0.33473711983237736,0.44210526315789472,53
B6,1,3,3,lam=3,285,95,2022-03-18,2022-03-19,1.0780686301983915,0.22274196442616462,0.5368421052631579,53
B6,1,1,10,lam=10,97,93,2021-10-30,2021-10-31,1.8799211769932078,0.36041846727393112,0.34408602150537637,57
B6,1,2,10,lam=10,190,95,2022-01-02,2022-01-03,1.5594355091437864,0.31009817198739081,0.44210526315789472,53
B6,1,3,10,lam=10,285,95,2022-03-18,2022-03-19,1.0315037255972799,0.21256755560279078,0.55789473684210522,53
B6,1,1,30,lam=30,97,93,2021-10-30,2021-10-31,1.5723752058399483,0.33115572215457595,0.32258064516129031,57
B6,1,2,30,lam=30,190,95,2022-01-02,2022-01-03,1.3258664335545571,0.27977625190833655,0.47368421052631576,53
B6,1,3,30,lam=30,285,95,2022-03-18,2022-03-19,0.99903134073904443,0.20579835482310779,0.56842105263157894,53
B6,1,1,100,lam=100,97,93,2021-10-30,2021-10-31,1.387857637455727,0.30621087055719193,0.29032258064516131,57
B6,1,2,100,lam=100,190,95,2022-01-02,2022-01-03,1.1343808006907681,0.2478829653468185,0.50526315789473686,53
B6,1,3,100,lam=100,285,95,2022-03-18,2022-03-19,0.97262646564653088,0.20037555510113886,0.57894736842105265,53
B6,2,1,0.01,lam=0.01,190,190,2022-01-02,2022-01-03,3.0508279873840509,0.31532425907378819,0.47894736842105262,53
B6,2,2,0.01,lam=0.01,380,189,2022-05-22,2022-08-05,1.5314507744543995,0.29566966786697041,0.35978835978835977,53
B6,2,3,0.01,lam=0.01,569,191,2023-01-19,2023-01-21,1.6273289898909604,0.28304732201666649,0.47643979057591623,4
B6,2,1,0.029999999999999999,lam=0.03,190,190,2022-01-02,2022-01-03,2.7802118483101572,0.31250270493100712,0.48421052631578948,53
B6,2,2,0.029999999999999999,lam=0.03,380,189,2022-05-22,2022-08-05,1.5019763367234247,0.29297507012007296,0.35978835978835977,53
B6,2,3,0.029999999999999999,lam=0.03,569,191,2023-01-19,2023-01-21,1.5488370956945934,0.27686348456315829,0.46596858638743455,4
B6,2,1,0.10000000000000001,lam=0.1,190,190,2022-01-02,2022-01-03,2.4510563672732939,0.31169921204876944,0.47894736842105262,53
B6,2,2,0.10000000000000001,lam=0.1,380,189,2022-05-22,2022-08-05,1.4466620284574079,0.28690032135726579,0.3439153439153439,53
B6,2,3,0.10000000000000001,lam=0.1,569,191,2023-01-19,2023-01-21,1.4568812941691598,0.26812166164775381,0.47643979057591623,4
B6,2,1,0.29999999999999999,lam=0.3,190,190,2022-01-02,2022-01-03,2.1886565396907192,0.31391604947230395,0.49473684210526314,53
B6,2,2,0.29999999999999999,lam=0.3,380,189,2022-05-22,2022-08-05,1.3772155809627356,0.27905881045957209,0.34920634920634919,53
B6,2,3,0.29999999999999999,lam=0.3,569,191,2023-01-19,2023-01-21,1.3812013791816797,0.26012706906157196,0.48167539267015708,4
B6,2,1,1,lam=1,190,190,2022-01-02,2022-01-03,1.9413212431220364,0.32207705037449463,0.47894736842105262,53
B6,2,2,1,lam=1,380,189,2022-05-22,2022-08-05,1.2972636561139406,0.27033695074499015,0.35978835978835977,53
B6,2,3,1,lam=1,569,191,2023-01-19,2023-01-21,1.3016301493098739,0.25136946444545388,0.48167539267015708,4
B6,2,1,3,lam=3,190,190,2022-01-02,2022-01-03,1.7267854388613584,0.3199854258698307,0.46842105263157896,53
B6,2,2,3,lam=3,380,189,2022-05-22,2022-08-05,1.2306739678416037,0.26258077282319015,0.3968253968253968,53
B6,2,3,3,lam=3,569,191,2023-01-19,2023-01-21,1.2263495619517359,0.24267229256839123,0.49214659685863876,4
B6,2,1,10,lam=10,190,190,2022-01-02,2022-01-03,1.4892050252147118,0.29949372183706835,0.47894736842105262,53
B6,2,2,10,lam=10,380,189,2022-05-22,2022-08-05,1.1646002299498575,0.25233843741481232,0.41269841269841268,53
B6,2,3,10,lam=10,569,191,2023-01-19,2023-01-21,1.1445273204554607,0.231956298203471,0.50785340314136129,4
B6,2,1,30,lam=30,190,190,2022-01-02,2022-01-03,1.2664206476742006,0.26879778552055011,0.5,53
B6,2,2,30,lam=30,380,189,2022-05-22,2022-08-05,1.1104424747114445,0.24133283738044373,0.44444444444444442,53
B6,2,3,30,lam=30,569,191,2023-01-19,2023-01-21,1.0750098570534001,0.22061905172745785,0.51832460732984298,4
B6,2,1,100,lam=100,190,190,2022-01-02,2022-01-03,1.0742021318571922,0.23353539050577574,0.53157894736842104,53
B6,2,2,100,lam=100,380,189,2022-05-22,2022-08-05,1.0619734509626355,0.23020984440367698,0.48148148148148145,53
B6,2,3,100,lam=100,569,191,2023-01-19,2023-01-21,1.0156117815302879,0.20864606148272524,0.52356020942408377,4
B6,3,1,0.01,lam=0.01,285,284,2022-03-18,2022-03-19,1.6399850979802026,0.29945364403956803,0.38380281690140844,53
B6,3,2,0.01,lam=0.01,569,286,2023-01-19,2023-01-21,1.7702601568776137,0.28371831417189736,0.46503496503496505,4
B6,3,3,0.01,lam=0.01,855,285,2023-10-28,2023-10-29,1.4102568126154598,0.26023950146198904,0.47368421052631576,4
B6,3,1,0.029999999999999999,lam=0.03,285,284,2022-03-18,2022-03-19,1.5771146498919877,0.29276886878172065,0.38380281690140844,53
B6,3,2,0.029999999999999999,lam=0.03,569,286,2023-01-19,2023-01-21,1.6670195795145248,0.27581099250883123,0.46153846153846156,4
B6,3,3,0.029999999999999999,lam=0.03,855,285,2023-10-28,2023-10-29,1.3977296590069377,0.25904308183254471,0.47368421052631576,4
B6,3,1,0.10000000000000001,lam=0.1,285,284,2022-03-18,2022-03-19,1.4676477872464375,0.28024767380226789,0.40140845070422537,53
B6,3,2,0.10000000000000001,lam=0.1,569,286,2023-01-19,2023-01-21,1.5344027680841852,0.26348052467260485,0.47202797202797203,4
B6,3,3,0.10000000000000001,lam=0.1,855,285,2023-10-28,2023-10-29,1.366072253622568,0.25555630218103065,0.48070175438596491,4
B6,3,1,0.29999999999999999,lam=0.3,285,284,2022-03-18,2022-03-19,1.3550654276159875,0.26726239478899966,0.42957746478873238,53
B6,3,2,0.29999999999999999,lam=0.3,569,286,2023-01-19,2023-01-21,1.4288750226646207,0.2524345838243402,0.48601398601398599,4
B6,3,3,0.29999999999999999,lam=0.3,855,285,2023-10-28,2023-10-29,1.3129643975631369,0.24896454241360089,0.47368421052631576,4
B6,3,1,1,lam=1,285,284,2022-03-18,2022-03-19,1.2478101120524419,0.25452764007423845,0.45422535211267606,53
B6,3,2,1,lam=1,569,286,2023-01-19,2023-01-21,1.3354120509330241,0.24501522472452386,0.49300699300699302,4
B6,3,3,1,lam=1,855,285,2023-10-28,2023-10-29,1.2309914763897032,0.23889487166513607,0.47368421052631576,4
B6,3,1,3,lam=3,285,284,2022-03-18,2022-03-19,1.1707691799282538,0.2443888332316948,0.45422535211267606,53
B6,3,2,3,lam=3,569,286,2023-01-19,2023-01-21,1.251261445137076,0.2376817705506008,0.50699300699300698,4
B6,3,3,3,lam=3,855,285,2023-10-28,2023-10-29,1.1480588429617324,0.22935076472106664,0.51578947368421058,4
B6,3,1,10,lam=10,285,284,2022-03-18,2022-03-19,1.1032124669967323,0.23375603444800164,0.46830985915492956,53
B6,3,2,10,lam=10,569,286,2023-01-19,2023-01-21,1.1578396659700021,0.22785742294958777,0.51048951048951052,4
B6,3,3,10,lam=10,855,285,2023-10-28,2023-10-29,1.0701077758596631,0.21929057211349007,0.52982456140350875,4
B6,3,1,30,lam=30,285,284,2022-03-18,2022-03-19,1.0531388390525813,0.22429402143387098,0.49295774647887325,53
B6,3,2,30,lam=30,569,286,2023-01-19,2023-01-21,1.078052214321326,0.21705201606791122,0.534965034965035,4
B6,3,3,30,lam=30,855,285,2023-10-28,2023-10-29,1.0214193109915963,0.21125016094383023,0.54385964912280704,4
B6,3,1,100,lam=100,285,284,2022-03-18,2022-03-19,1.0148724488515686,0.21609903105555317,0.52464788732394363,53
B6,3,2,100,lam=100,569,286,2023-01-19,2023-01-21,1.0116315543317811,0.2060113401888595,0.53146853146853146,4
B6,3,3,100,lam=100,855,285,2023-10-28,2023-10-29,0.98777789805895522,0.20458668175997244,0.5859649122807018,4
B6,4,1,0.01,lam=0.01,380,380,2022-05-22,2022-08-05,1.3205199597541621,0.25598979222220503,0.45263157894736844,53
B6,4,2,0.01,lam=0.01,760,380,2023-05-28,2023-08-11,1.7917536664358238,0.28961084648145158,0.41052631578947368,4
B6,4,3,0.01,lam=0.01,1140,380,2024-05-19,2024-08-16,1.1726931242297389,0.23363131111498808,0.44210526315789472,4
B6,4,1,0.029999999999999999,lam=0.03,380,380,2022-05-22,2022-08-05,1.303323069344825,0.25439773277806982,0.45263157894736844,53
B6,4,2,0.029999999999999999,lam=0.03,760,380,2023-05-28,2023-08-11,1.7189647829791068,0.28545834165821804,0.4263157894736842,4
B6,4,3,0.029999999999999999,lam=0.03,1140,380,2024-05-19,2024-08-16,1.1707381426601287,0.2335010129490325,0.44210526315789472,4
B6,4,1,0.10000000000000001,lam=0.1,380,380,2022-05-22,2022-08-05,1.2709477453088955,0.25108879282654584,0.44736842105263158,53
B6,4,2,0.10000000000000001,lam=0.1,760,380,2023-05-28,2023-08-11,1.5724059470666085,0.2753686860889431,0.42105263157894735,4
B6,4,3,0.10000000000000001,lam=0.1,1140,380,2024-05-19,2024-08-16,1.1657799633990416,0.23310366854547834,0.44210526315789472,4
B6,4,1,0.29999999999999999,lam=0.3,380,380,2022-05-22,2022-08-05,1.2310390566769853,0.24717838499180372,0.44736842105263158,53
B6,4,2,0.29999999999999999,lam=0.3,760,380,2023-05-28,2023-08-11,1.4147061851238509,0.26127522799526992,0.45000000000000001,4
B6,4,3,0.29999999999999999,lam=0.3,1140,380,2024-05-19,2024-08-16,1.1575732534814094,0.23228970777224936,0.43684210526315792,4
B6,4,1,1,lam=1,380,380,2022-05-22,2022-08-05,1.1841334813800015,0.24272669037114961,0.45000000000000001,53
B6,4,2,1,lam=1,760,380,2023-05-28,2023-08-11,1.2690465293892377,0.24539377180272004,0.46052631578947367,4
B6,4,3,1,lam=1,1140,380,2024-05-19,2024-08-16,1.1425900953659567,0.23050379524032374,0.44736842105263158,4
B6,4,1,3,lam=3,380,380,2022-05-22,2022-08-05,1.1413573762353242,0.23802847922252293,0.45789473684210524,53
B6,4,2,3,lam=3,760,380,2023-05-28,2023-08-11,1.1672580378117359,0.23228940603146564,0.48947368421052634,4
B6,4,3,3,lam=3,1140,380,2024-05-19,2024-08-16,1.1203790256707165,0.22729152216021709,0.45526315789473687,4
B6,4,1,10,lam=10,380,380,2022-05-22,2022-08-05,1.0944871357863128,0.23097451072659067,0.46842105263157896,53
B6,4,2,10,lam=10,760,380,2023-05-28,2023-08-11,1.0873263081538267,0.22061016774295625,0.51578947368421058,4
B6,4,3,10,lam=10,1140,380,2024-05-19,2024-08-16,1.0879234459636375,0.22161191783670431,0.48684210526315791,4
B6,4,1,30,lam=30,380,380,2022-05-22,2022-08-05,1.0548425125791652,0.22320240361889093,0.48421052631578948,53
B6,4,2,30,lam=30,760,380,2023-05-28,2023-08-11,1.0331147323291514,0.21134907180283161,0.53421052631578947,4
B6,4,3,30,lam=30,1140,380,2024-05-19,2024-08-16,1.0589507674694443,0.21598839639670625,0.49736842105263157,4
B6,4,1,100,lam=100,380,380,2022-05-22,2022-08-05,1.0199964459428035,0.21538404320977872,0.50789473684210529,53
B6,4,2,100,lam=100,760,380,2023-05-28,2023-08-11,0.99112909552925821,0.2034916145684138,0.55000000000000004,4
B6,4,3,100,lam=100,1140,380,2024-05-19,2024-08-16,1.0313561797116235,0.21085870342696819,0.51842105263157889,4
