rung,fold,test_season,lambda,lambda_label,is_selected,is_frozen_lambda,design_columns,train_matches,test_matches,newton_iterations,gradient_norm,constant_columns,coef_l2_norm,accuracy,balanced_accuracy,macro_f1,log_loss,brier_score,rps,train_log_loss,generalisation_gap,source
B0,1,2022-2023,0.01,lam=0.01,False,False,0,380,380,5,2.3314683517128287e-14,0,0,0.48421052631578948,0.33333333333333331,0.21749408983451538,1.0546504846060354,0.63667590027700816,0.23006925207756235,1.068585140698747,-0.013934656092711606,instrument_4
B0,1,2022-2023,0.029999999999999999,lam=0.03,False,False,0,380,380,5,2.3314683517128287e-14,0,0,0.48421052631578948,0.33333333333333331,0.21749408983451538,1.0546504846060354,0.63667590027700816,0.23006925207756235,1.068585140698747,-0.013934656092711606,instrument_4
B0,1,2022-2023,0.10000000000000001,lam=0.1,False,False,0,380,380,5,2.3314683517128287e-14,0,0,0.48421052631578948,0.33333333333333331,0.21749408983451538,1.0546504846060354,0.63667590027700816,0.23006925207756235,1.068585140698747,-0.013934656092711606,instrument_4
B0,1,2022-2023,0.29999999999999999,lam=0.3,False,False,0,380,380,5,2.3314683517128287e-14,0,0,0.48421052631578948,0.33333333333333331,0.21749408983451538,1.0546504846060354,0.63667590027700816,0.23006925207756235,1.068585140698747,-0.013934656092711606,instrument_4
B0,1,2022-2023,1,lam=1,False,True,0,380,380,5,2.3314683517128287e-14,0,0,0.48421052631578948,0.33333333333333331,0.21749408983451538,1.0546504846060354,0.63667590027700816,0.23006925207756235,1.068585140698747,-0.013934656092711606,instrument_4
B0,1,2022-2023,3,lam=3,False,False,0,380,380,5,2.3314683517128287e-14,0,0,0.48421052631578948,0.33333333333333331,0.21749408983451538,1.0546504846060354,0.63667590027700816,0.23006925207756235,1.068585140698747,-0.013934656092711606,instrument_4
B0,1,2022-2023,10,lam=10,False,False,0,380,380,5,2.3314683517128287e-14,0,0,0.48421052631578948,0.33333333333333331,0.21749408983451538,1.0546504846060354,0.63667590027700816,0.23006925207756235,1.068585140698747,-0.013934656092711606,instrument_4
B0,1,2022-2023,30,lam=30,False,False,0,380,380,5,2.3314683517128287e-14,0,0,0.48421052631578948,0.33333333333333331,0.21749408983451538,1.0546504846060354,0.63667590027700816,0.23006925207756235,1.068585140698747,-0.013934656092711606,instrument_4
B0,1,2022-2023,100,lam=100,True,False,0,380,380,5,2.3314683517128287e-14,0,0,0.48421052631578948,0.33333333333333331,0.21749408983451538,1.0546504846060354,0.63667590027700816,0.23006925207756235,1.068585140698747,-0.013934656092711606,instrument_4
B0,1,2022-2023,300,lam=300,False,False,0,380,380,5,2.3314683517128287e-14,0,0,0.48421052631578948,0.33333333333333331,0.21749408983451538,1.0546504846060354,0.63667590027700816,0.23006925207756235,1.068585140698747,-0.013934656092711606,instrument_5
B0,1,2022-2023,1000,lam=1000,False,False,0,380,380,5,2.3314683517128287e-14,0,0,0.48421052631578948,0.33333333333333331,0.21749408983451538,1.0546504846060354,0.63667590027700816,0.23006925207756235,1.068585140698747,-0.013934656092711606,instrument_5
B0,1,2022-2023,3000,lam=3000,False,False,0,380,380,5,2.3314683517128287e-14,0,0,0.48421052631578948,0.33333333333333331,0.21749408983451538,1.0546504846060354,0.63667590027700816,0.23006925207756235,1.068585140698747,-0.013934656092711606,instrument_5
B0,1,2022-2023,10000,lam=10000,True,False,0,380,380,5,2.3314683517128287e-14,0,0,0.48421052631578948,0.33333333333333331,0.21749408983451538,1.0546504846060354,0.63667590027700816,0.23006925207756235,1.068585140698747,-0.013934656092711606,instrument_5
B0,2,2023-2024,0.01,lam=0.01,False,False,0,760,380,5,2.049471703458039e-13,0,0,0.46052631578947367,0.33333333333333331,0.21021021021021022,1.0537563827171668,0.63691481994459831,0.23374047783933521,1.0596951906330268,-0.0059388079158599894,instrument_4
B0,2,2023-2024,0.029999999999999999,lam=0.03,False,False,0,760,380,5,2.049471703458039e-13,0,0,0.46052631578947367,0.33333333333333331,0.21021021021021022,1.0537563827171668,0.63691481994459831,0.23374047783933521,1.0596951906330268,-0.0059388079158599894,instrument_4
B0,2,2023-2024,0.10000000000000001,lam=0.1,False,False,0,760,380,5,2.049471703458039e-13,0,0,0.46052631578947367,0.33333333333333331,0.21021021021021022,1.0537563827171668,0.63691481994459831,0.23374047783933521,1.0596951906330268,-0.0059388079158599894,instrument_4
B0,2,2023-2024,0.29999999999999999,lam=0.3,False,False,0,760,380,5,2.049471703458039e-13,0,0,0.46052631578947367,0.33333333333333331,0.21021021021021022,1.0537563827171668,0.63691481994459831,0.23374047783933521,1.0596951906330268,-0.0059388079158599894,instrument_4
B0,2,2023-2024,1,lam=1,False,True,0,760,380,5,2.049471703458039e-13,0,0,0.46052631578947367,0.33333333333333331,0.21021021021021022,1.0537563827171668,0.63691481994459831,0.23374047783933521,1.0596951906330268,-0.0059388079158599894,instrument_4
B0,2,2023-2024,3,lam=3,False,False,0,760,380,5,2.049471703458039e-13,0,0,0.46052631578947367,0.33333333333333331,0.21021021021021022,1.0537563827171668,0.63691481994459831,0.23374047783933521,1.0596951906330268,-0.0059388079158599894,instrument_4
B0,2,2023-2024,10,lam=10,False,False,0,760,380,5,2.049471703458039e-13,0,0,0.46052631578947367,0.33333333333333331,0.21021021021021022,1.0537563827171668,0.63691481994459831,0.23374047783933521,1.0596951906330268,-0.0059388079158599894,instrument_4
B0,2,2023-2024,30,lam=30,False,False,0,760,380,5,2.049471703458039e-13,0,0,0.46052631578947367,0.33333333333333331,0.21021021021021022,1.0537563827171668,0.63691481994459831,0.23374047783933521,1.0596951906330268,-0.0059388079158599894,instrument_4
B0,2,2023-2024,100,lam=100,True,False,0,760,380,5,2.049471703458039e-13,0,0,0.46052631578947367,0.33333333333333331,0.21021021021021022,1.0537563827171668,0.63691481994459831,0.23374047783933521,1.0596951906330268,-0.0059388079158599894,instrument_4
B0,2,2023-2024,300,lam=300,False,False,0,760,380,5,2.049471703458039e-13,0,0,0.46052631578947367,0.33333333333333331,0.21021021021021022,1.0537563827171668,0.63691481994459831,0.23374047783933521,1.0596951906330268,-0.0059388079158599894,instrument_5
B0,2,2023-2024,1000,lam=1000,False,False,0,760,380,5,2.049471703458039e-13,0,0,0.46052631578947367,0.33333333333333331,0.21021021021021022,1.0537563827171668,0.63691481994459831,0.23374047783933521,1.0596951906330268,-0.0059388079158599894,instrument_5
B0,2,2023-2024,3000,lam=3000,False,False,0,760,380,5,2.049471703458039e-13,0,0,0.46052631578947367,0.33333333333333331,0.21021021021021022,1.0537563827171668,0.63691481994459831,0.23374047783933521,1.0596951906330268,-0.0059388079158599894,instrument_5
B0,2,2023-2024,10000,lam=10000,True,False,0,760,380,5,2.049471703458039e-13,0,0,0.46052631578947367,0.33333333333333331,0.21021021021021022,1.0537563827171668,0.63691481994459831,0.23374047783933521,1.0596951906330268,-0.0059388079158599894,instrument_5
B0,3,2024-2025,0.01,lam=0.01,False,False,0,1140,380,5,1.9806378759312793e-13,0,0,0.40789473684210525,0.33333333333333331,0.19314641744548286,1.0826402716069496,0.65687596183441066,0.2358314096645121,1.0576432101157527,0.024997061491196959,instrument_4
B0,3,2024-2025,0.029999999999999999,lam=0.03,False,False,0,1140,380,5,1.9806378759312793e-13,0,0,0.40789473684210525,0.33333333333333331,0.19314641744548286,1.0826402716069496,0.65687596183441066,0.2358314096645121,1.0576432101157527,0.024997061491196959,instrument_4
B0,3,2024-2025,0.10000000000000001,lam=0.1,False,False,0,1140,380,5,1.9806378759312793e-13,0,0,0.40789473684210525,0.33333333333333331,0.19314641744548286,1.0826402716069496,0.65687596183441066,0.2358314096645121,1.0576432101157527,0.024997061491196959,instrument_4
B0,3,2024-2025,0.29999999999999999,lam=0.3,False,False,0,1140,380,5,1.9806378759312793e-13,0,0,0.40789473684210525,0.33333333333333331,0.19314641744548286,1.0826402716069496,0.65687596183441066,0.2358314096645121,1.0576432101157527,0.024997061491196959,instrument_4
B0,3,2024-2025,1,lam=1,False,True,0,1140,380,5,1.9806378759312793e-13,0,0,0.40789473684210525,0.33333333333333331,0.19314641744548286,1.0826402716069496,0.65687596183441066,0.2358314096645121,1.0576432101157527,0.024997061491196959,instrument_4
B0,3,2024-2025,3,lam=3,False,False,0,1140,380,5,1.9806378759312793e-13,0,0,0.40789473684210525,0.33333333333333331,0.19314641744548286,1.0826402716069496,0.65687596183441066,0.2358314096645121,1.0576432101157527,0.024997061491196959,instrument_4
B0,3,2024-2025,10,lam=10,False,False,0,1140,380,5,1.9806378759312793e-13,0,0,0.40789473684210525,0.33333333333333331,0.19314641744548286,1.0826402716069496,0.65687596183441066,0.2358314096645121,1.0576432101157527,0.024997061491196959,instrument_4
B0,3,2024-2025,30,lam=30,False,False,0,1140,380,5,1.9806378759312793e-13,0,0,0.40789473684210525,0.33333333333333331,0.19314641744548286,1.0826402716069496,0.65687596183441066,0.2358314096645121,1.0576432101157527,0.024997061491196959,instrument_4
B0,3,2024-2025,100,lam=100,True,False,0,1140,380,5,1.9806378759312793e-13,0,0,0.40789473684210525,0.33333333333333331,0.19314641744548286,1.0826402716069496,0.65687596183441066,0.2358314096645121,1.0576432101157527,0.024997061491196959,instrument_4
B0,3,2024-2025,300,lam=300,False,False,0,1140,380,5,1.9806378759312793e-13,0,0,0.40789473684210525,0.33333333333333331,0.19314641744548286,1.0826402716069496,0.65687596183441066,0.2358314096645121,1.0576432101157527,0.024997061491196959,instrument_5
B0,3,2024-2025,1000,lam=1000,False,False,0,1140,380,5,1.9806378759312793e-13,0,0,0.40789473684210525,0.33333333333333331,0.19314641744548286,1.0826402716069496,0.65687596183441066,0.2358314096645121,1.0576432101157527,0.024997061491196959,instrument_5
B0,3,2024-2025,3000,lam=3000,False,False,0,1140,380,5,1.9806378759312793e-13,0,0,0.40789473684210525,0.33333333333333331,0.19314641744548286,1.0826402716069496,0.65687596183441066,0.2358314096645121,1.0576432101157527,0.024997061491196959,instrument_5
B0,3,2024-2025,10000,lam=10000,True,False,0,1140,380,5,1.9806378759312793e-13,0,0,0.40789473684210525,0.33333333333333331,0.19314641744548286,1.0826402716069496,0.65687596183441066,0.2358314096645121,1.0576432101157527,0.024997061491196959,instrument_5
B0,4,2025-2026,0.01,lam=0.01,False,False,0,1520,380,5,1.1579626146840383e-13,0,0,0.4263157894736842,0.33333333333333331,0.19926199261992619,1.0845028766852298,0.65619373268698056,0.22776359072022156,1.063576746318041,0.020926130367188822,instrument_4
B0,4,2025-2026,0.029999999999999999,lam=0.03,False,False,0,1520,380,5,1.1579626146840383e-13,0,0,0.4263157894736842,0.33333333333333331,0.19926199261992619,1.0845028766852298,0.65619373268698056,0.22776359072022156,1.063576746318041,0.020926130367188822,instrument_4
B0,4,2025-2026,0.10000000000000001,lam=0.1,False,False,0,1520,380,5,1.1579626146840383e-13,0,0,0.4263157894736842,0.33333333333333331,0.19926199261992619,1.0845028766852298,0.65619373268698056,0.22776359072022156,1.063576746318041,0.020926130367188822,instrument_4
B0,4,2025-2026,0.29999999999999999,lam=0.3,False,False,0,1520,380,5,1.1579626146840383e-13,0,0,0.4263157894736842,0.33333333333333331,0.19926199261992619,1.0845028766852298,0.65619373268698056,0.22776359072022156,1.063576746318041,0.020926130367188822,instrument_4
B0,4,2025-2026,1,lam=1,False,True,0,1520,380,5,1.1579626146840383e-13,0,0,0.4263157894736842,0.33333333333333331,0.19926199261992619,1.0845028766852298,0.65619373268698056,0.22776359072022156,1.063576746318041,0.020926130367188822,instrument_4
B0,4,2025-2026,3,lam=3,False,False,0,1520,380,5,1.1579626146840383e-13,0,0,0.4263157894736842,0.33333333333333331,0.19926199261992619,1.0845028766852298,0.65619373268698056,0.22776359072022156,1.063576746318041,0.020926130367188822,instrument_4
B0,4,2025-2026,10,lam=10,False,False,0,1520,380,5,1.1579626146840383e-13,0,0,0.4263157894736842,0.33333333333333331,0.19926199261992619,1.0845028766852298,0.65619373268698056,0.22776359072022156,1.063576746318041,0.020926130367188822,instrument_4
B0,4,2025-2026,30,lam=30,False,False,0,1520,380,5,1.1579626146840383e-13,0,0,0.4263157894736842,0.33333333333333331,0.19926199261992619,1.0845028766852298,0.65619373268698056,0.22776359072022156,1.063576746318041,0.020926130367188822,instrument_4
B0,4,2025-2026,100,lam=100,True,False,0,1520,380,5,1.1579626146840383e-13,0,0,0.4263157894736842,0.33333333333333331,0.19926199261992619,1.0845028766852298,0.65619373268698056,0.22776359072022156,1.063576746318041,0.020926130367188822,instrument_4
B0,4,2025-2026,300,lam=300,False,False,0,1520,380,5,1.1579626146840383e-13,0,0,0.4263157894736842,0.33333333333333331,0.19926199261992619,1.0845028766852298,0.65619373268698056,0.22776359072022156,1.063576746318041,0.020926130367188822,instrument_5
B0,4,2025-2026,1000,lam=1000,False,False,0,1520,380,5,1.1579626146840383e-13,0,0,0.4263157894736842,0.33333333333333331,0.19926199261992619,1.0845028766852298,0.65619373268698056,0.22776359072022156,1.063576746318041,0.020926130367188822,instrument_5
B0,4,2025-2026,3000,lam=3000,False,False,0,1520,380,5,1.1579626146840383e-13,0,0,0.4263157894736842,0.33333333333333331,0.19926199261992619,1.0845028766852298,0.65619373268698056,0.22776359072022156,1.063576746318041,0.020926130367188822,instrument_5
B0,4,2025-2026,10000,lam=10000,True,False,0,1520,380,5,1.1579626146840383e-13,0,0,0.4263157894736842,0.33333333333333331,0.19926199261992619,1.0845028766852298,0.65619373268698056,0.22776359072022156,1.063576746318041,0.020926130367188822,instrument_5
B1,1,2022-2023,0.01,lam=0.01,False,False,88,380,380,12,1.7386789230577904e-10,29,5.3232214002265854,0.46052631578947367,0.41059821771071653,0.40078874876694054,1.1985715844943399,0.67319962726328086,0.23256619765646963,0.87246813329246431,0.32610345120187556,instrument_4
B1,1,2022-2023,0.029999999999999999,lam=0.03,False,False,88,380,380,11,7.0916841496404537e-10,29,5.0108414636188776,0.4631578947368421,0.41240981191361509,0.40249403741847506,1.187868571818403,0.6711213352240345,0.23182941546396002,0.87255033153316819,0.31531824028523481,instrument_4
B1,1,2022-2023,0.10000000000000001,lam=0.1,False,False,88,380,380,11,1.2635725799015063e-14,29,4.3408934642941235,0.4631578947368421,0.41240981191361509,0.40239435699321535,1.1679452982095535,0.66544565538202383,0.22988900410264695,0.87304892892220287,0.29489636928735063,instrument_4
B1,1,2022-2023,0.29999999999999999,lam=0.3,False,False,88,380,380,10,1.5265566588595902e-14,29,3.4670189949195138,0.46578947368421053,0.41344809246752767,0.40156077733546408,1.1407254744660924,0.65588467421873498,0.22682049189036796,0.87467550142815309,0.26604997303793931,instrument_4
B1,1,2022-2023,1,lam=1,False,True,88,380,380,9,1.226796442210798e-14,29,2.4815603341130599,0.48421052631578948,0.42660244801146829,0.41214109347442679,1.1061351228428846,0.64255891187473946,0.22295963820990908,0.87896730917347843,0.22716781366940619,instrument_4
B1,1,2022-2023,3,lam=3,False,False,88,380,380,8,1.0380585280245214e-14,29,1.7240925785440848,0.48947368421052634,0.42618598957402032,0.40741747975642539,1.074907571763585,0.63022375998449476,0.21956655711850515,0.88620629726948275,0.18870127449410223,instrument_4
B1,1,2022-2023,10,lam=10,False,False,88,380,380,7,7.7715611723760958e-15,29,1.0876009093810797,0.50526315789473686,0.43830206456404824,0.41826796443832953,1.0434715804913699,0.61693732102412724,0.21541555313532018,0.89886855542639132,0.14460302506497857,instrument_4
B1,1,2022-2023,30,lam=30,False,False,88,380,380,6,6.4392935428259079e-14,29,0.68423240315225342,0.51315789473684215,0.43969720032949883,0.41409676872750328,1.0199005682475597,0.60586768242283795,0.21161897862276,0.91470280945335147,0.10519775879420823,instrument_4
B1,1,2022-2023,100,lam=100,True,False,88,380,380,5,1.9182877508683305e-10,29,0.39642561059081977,0.52105263157894732,0.43425955218109596,0.38641124230546203,1.0011196832756624,0.59606966954269924,0.20846999908575736,0.93623626321705433,0.064883420058608032,instrument_4
B1,1,2022-2023,300,lam=300,False,False,88,380,380,5,1.7979839839199485e-11,29,0.23414164540651236,0.52894736842105261,0.43144196250498607,0.3765478605235198,0.99320139034463117,0.59165543847611324,0.20737505212259238,0.95852505537777055,0.034676334966860622,instrument_5
B1,1,2022-2023,1000,lam=1000,True,False,88,380,380,5,5.6843418860808015e-14,29,0.1334007073435324,0.52894736842105261,0.42520941364180298,0.37183303036961574,0.99702331407554512,0.59424286953137917,0.20914014692326452,0.98385448274603993,0.013168831329505193,instrument_5
B1,1,2022-2023,3000,lam=3000,False,False,88,380,380,5,6.0396132539608516e-14,29,0.073746479099944487,0.53157894736842104,0.41081638080042548,0.35563426472517379,1.0123609624210177,0.60490723522052625,0.21448846361105406,1.0111046920287394,0.0012562703922782692,instrument_5
B1,1,2022-2023,10000,lam=10000,False,False,88,380,380,5,7.815970093361102e-14,29,0.030789913512467491,0.49473684210526314,0.34805876878074721,0.25326595765516974,1.033640415703126,0.62066261106966125,0.22222242887180887,1.040875718087485,-0.0072353023843589881,instrument_5
B1,2,2023-2024,0.01,lam=0.01,False,False,88,760,380,8,2.9791002564144575e-14,4,3.8079425321732159,0.51842105263157889,0.42685249709639955,0.4076367389060887,1.0695213909434131,0.61759980736567588,0.21442447197336928,0.91906876859389341,0.15045262234951973,instrument_4
B1,2,2023-2024,0.029999999999999999,lam=0.03,False,False,88,760,380,8,3.0069696732581974e-14,4,3.7066905209253269,0.51578947368421058,0.42278745644599303,0.40156066821542735,1.0686491614069831,0.61741746608478387,0.21431474287889762,0.91907865053529447,0.1495705108716886,instrument_4
B1,2,2023-2024,0.10000000000000001,lam=0.1,False,False,88,760,380,8,2.3628668466280089e-14,4,3.4314927898578009,0.51052631578947372,0.41601238869531554,0.39185100500368186,1.0659994921996452,0.61685052314912403,0.21399053933633258,0.91915927361010674,0.14684021858953844,instrument_4
B1,2,2023-2024,0.29999999999999999,lam=0.3,False,False,88,760,380,8,3.4080377409040352e-14,4,2.9728908929917011,0.51842105263157889,0.42198219125048392,0.3958912586664905,1.0602563454264422,0.61551610522974642,0.2133279046428998,0.91951920920935626,0.14073713621708595,instrument_4
B1,2,2023-2024,1,lam=1,False,True,88,760,380,7,7.0395356210894988e-12,4,2.3198221944217128,0.51842105263157889,0.42062717770034846,0.39182425263683451,1.0476573676145506,0.61199960305840928,0.21194442345855519,0.92082670787698873,0.12683065973756191,instrument_4
B1,2,2023-2024,3,lam=3,False,False,88,760,380,7,2.9407032364758834e-14,4,1.6932209633011737,0.51842105263157889,0.42062717770034846,0.39117019460057145,1.0294427937753361,0.60553534215768567,0.20975384399928315,0.92374600447297439,0.1056967893023617,instrument_4
B1,2,2023-2024,10,lam=10,False,False,88,760,380,6,2.6114665985232932e-12,4,1.0897620793558809,0.53947368421052633,0.43989159891598911,0.40565931218630658,1.0053213225562754,0.59472956641964314,0.2061592011462357,0.92974383199727684,0.075577490558998539,instrument_4
B1,2,2023-2024,30,lam=30,False,False,88,760,380,6,3.4194869158454821e-14,4,0.69557725337444942,0.55000000000000004,0.44857142857142857,0.40832577326646241,0.9847548735446543,0.58395051277155885,0.20256273983386017,0.93754514748325402,0.047209726061400281,instrument_4
B1,2,2023-2024,100,lam=100,True,False,88,760,380,6,2.8421709430404007e-14,4,0.41863917573478726,0.56315789473684208,0.46051103368176544,0.41615130900845188,0.96799470988445513,0.57394718514670706,0.19946429452211351,0.9482522028643966,0.019742507020058531,instrument_4
B1,2,2023-2024,300,lam=300,True,False,88,760,380,6,2.5757174171303632e-14,4,0.26014833737674331,0.55789473684210522,0.45670150987224156,0.41165260175702495,0.96041741636366496,0.56858891215124785,0.198265159319682,0.96006943181676296,0.00034798454690199154,instrument_5
B1,2,2023-2024,1000,lam=1000,False,False,88,760,380,5,3.8219649667325939e-11,4,0.15958468816376994,0.5736842105263158,0.46677506775067751,0.41383035154554665,0.96192435421216493,0.56901785382780989,0.1994766292138806,0.97456603460994351,-0.012641680397778576,instrument_5
B1,2,2023-2024,3000,lam=3000,False,False,88,760,380,5,1.2789769243681803e-13,4,0.1009878805728614,0.57894736842105265,0.46655826558265584,0.41476719071776585,0.97514152375201202,0.57802592616278481,0.20431490208336942,0.99170412931991037,-0.016562605567898347,instrument_5
B1,2,2023-2024,10000,lam=10000,False,False,88,760,380,5,1.9895196601282805e-13,4,0.050497136944446977,0.52631578947368418,0.40591560201316296,0.34455007530120479,1.0041655234223283,0.59930736966535858,0.21497883773545001,1.0182220777291793,-0.014056554306850932,instrument_5
B1,3,2024-2025,0.01,lam=0.01,False,False,88,1140,380,8,7.4876849512350852e-12,4,9.2118861199694777,0.46052631578947367,0.4062398175301401,0.37757150850860738,1.0542537821871694,0.62837153305417781,0.21655752367747808,0.92329593837220203,0.13095784381496733,instrument_4
B1,3,2024-2025,0.029999999999999999,lam=0.03,False,False,88,1140,380,7,1.4488395379264052e-10,4,7.7417550825395969,0.45789473684210524,0.40265558813945912,0.37184120010666816,1.0530135399773977,0.6278473683770589,0.21639357627118286,0.92349194372850896,0.1295215962488887,instrument_4
B1,3,2024-2025,0.10000000000000001,lam=0.1,False,False,88,1140,380,7,5.5316862201948425e-14,4,6.0650110638048131,0.46052631578947367,0.40518084066471166,0.3744517451998563,1.0497537864508202,0.62643901468103136,0.21596505666571375,0.92407254057446453,0.12568124587635565,instrument_4
B1,3,2024-2025,0.29999999999999999,lam=0.3,False,False,88,1140,380,7,4.0384362520740069e-14,4,4.4323610924507646,0.46842105263157896,0.41238188334962533,0.38064242348282656,1.0443569740972585,0.62401797254991342,0.2152377024761869,0.92540639706391603,0.11895057703334244,instrument_4
B1,3,2024-2025,1,lam=1,False,True,88,1140,380,6,8.5811191485873906e-11,4,2.7698521514168339,0.47368421052631576,0.41599869664385797,0.38045032904721499,1.0371738410610605,0.6206416715970009,0.21420258269584447,0.92825963091981956,0.10891421014124092,instrument_4
B1,3,2024-2025,3,lam=3,False,False,88,1140,380,6,9.9420471855182768e-13,4,1.7024952521005632,0.48684210526315791,0.42750081459758876,0.39018699082686509,1.0314359819657681,0.61775955433589613,0.21324159466705878,0.93174982368897175,0.099686158276796388,instrument_4
B1,3,2024-2025,10,lam=10,False,False,88,1140,380,6,4.929390229335695e-14,4,1.0270510565351501,0.49473684210526314,0.43470185728250249,0.39547854021975187,1.0255452405165131,0.61452766078539867,0.21205840592905992,0.93597059850326592,0.089574642013247163,instrument_4
B1,3,2024-2025,30,lam=30,False,False,88,1140,380,6,4.0856207306205761e-14,4,0.66197069315715551,0.49473684210526314,0.43077549690452921,0.37973265655186145,1.0192592847379411,0.61095394658762181,0.21070030319434127,0.94050358508119514,0.078755699656746003,instrument_4
B1,3,2024-2025,100,lam=100,True,False,88,1140,380,6,3.6415315207705135e-14,4,0.41751161906474171,0.49473684210526314,0.42753339850114047,0.36583789537712891,1.0110872570089848,0.60605280407001105,0.20878966826336315,0.94661129071907069,0.064475966289914144,instrument_4
B1,3,2024-2025,300,lam=300,True,False,88,1140,380,6,3.9968028886505635e-14,4,0.2776705761999736,0.50526315789473686,0.43688497882046268,0.37401363380780001,1.0039641852174856,0.6012756526700257,0.20700988933629375,0.95381511414750786,0.050149071069977791,instrument_5
B1,3,2024-2025,1000,lam=1000,False,False,88,1140,380,5,4.7353676535522027e-10,4,0.18057865631915207,0.50526315789473686,0.43613554903877488,0.3727126335821988,1.001736754926039,0.59919625208911331,0.20658407426386546,0.96414415661041653,0.03759259831562245,instrument_5
B1,3,2024-2025,3000,lam=3000,False,False,88,1140,380,5,1.2949641359227826e-12,4,0.12231061566889689,0.49473684210526314,0.42565982404692088,0.36191414170673775,1.0088330058654231,0.60318076836050183,0.20888987285896968,0.97743992374851008,0.031393082116913051,instrument_5
B1,3,2024-2025,10000,lam=10000,False,False,88,1140,380,5,1.6342482922482304e-13,4,0.068248846411248232,0.49473684210526314,0.41966438579341808,0.3460662195251783,1.0299496433547048,0.61741814583645283,0.21611639206878272,1.0018657338083223,0.028083909546382513,instrument_5
B1,4,2025-2026,0.01,lam=0.01,False,False,88,1520,380,8,1.094301402965181e-10,2,8.3957897704212332,0.47631578947368419,0.42092142750037481,0.36843429923910964,1.085104264095567,0.64935488683388187,0.22014222057578844,0.9362547152160392,0.14884954887952784,instrument_4
B1,4,2025-2026,0.029999999999999999,lam=0.03,False,False,88,1520,380,8,1.1299988722512921e-13,2,6.9455133033744216,0.47631578947368419,0.42092142750037481,0.36843429923910964,1.0847054426141349,0.64915647441273283,0.22007073148361905,0.93638514765221759,0.14832029496191734,instrument_4
B1,4,2025-2026,0.10000000000000001,lam=0.1,False,False,88,1520,380,7,8.7325979780672469e-14,2,5.4138194118116312,0.47368421052631576,0.41771629929524662,0.36191241821308145,1.0835259288775352,0.64859495997654504,0.21985669361048704,0.9367375844925071,0.14678834438502808,instrument_4
B1,4,2025-2026,0.29999999999999999,lam=0.3,False,False,88,1520,380,6,6.1249650398212049e-11,2,4.0385429877582508,0.47894736842105262,0.42183152563269521,0.3648783515267997,1.0810748843034157,0.64750368048410323,0.2194223853152838,0.9374943234874763,0.1435805608159394,instrument_4
B1,4,2025-2026,1,lam=1,False,True,88,1520,380,6,2.7458030640858944e-11,2,2.6534498213874089,0.48684210526315791,0.43060345545725665,0.37224319789044708,1.0764417525508021,0.64563173740436097,0.21867726421582581,0.93916410125009764,0.13727765130070446,instrument_4
B1,4,2025-2026,3,lam=3,False,False,88,1520,380,6,8.2959888958455963e-12,2,1.7154673384809882,0.48947368421052634,0.43352743206544381,0.37487945790739302,1.0710165361255028,0.64354501531780195,0.2179119912146206,0.94143650264360113,0.12958003348190172,instrument_4
B1,4,2025-2026,10,lam=10,False,False,88,1520,380,6,6.244449402004193e-13,2,1.0700763297448148,0.48421052631578948,0.4273983272521284,0.36562654788933896,1.0642518456251733,0.64063517579975882,0.21693316388397296,0.94456213936972144,0.11968970625545183,instrument_4
B1,4,2025-2026,30,lam=30,False,False,88,1520,380,6,6.5281113847959205e-14,2,0.6966179952385404,0.48157894736842105,0.4241931990470002,0.35918982977806513,1.0575283248532463,0.63717636861077309,0.2157316265430386,0.94821415514267704,0.10931416971056929,instrument_4
B1,4,2025-2026,100,lam=100,True,False,88,1520,380,6,6.7057470687359455e-14,2,0.44239921868520904,0.48684210526315791,0.43004115226337447,0.36395582329317272,1.0503002658247012,0.63275484147323813,0.21407848421972989,0.95324476959097104,0.09705549623373011,instrument_4
B1,4,2025-2026,300,lam=300,True,False,88,1520,380,6,4.7961634663806763e-14,2,0.29880132111318131,0.48684210526315791,0.42830842538444874,0.3615533602543059,1.0448348462687427,0.62878062416142921,0.2126211445692151,0.95915810981749472,0.085676736451247959,instrument_5
B1,4,2025-2026,1000,lam=1000,False,False,88,1520,380,6,7.1054273576010019e-14,2,0.19768281333582552,0.49210526315789471,0.43069092484297161,0.36315423138952552,1.0410969477751759,0.62559394401656165,0.21168435725942067,0.96795701950956758,0.073139928265608334,instrument_5
B1,4,2025-2026,3000,lam=3000,False,False,88,1520,380,5,8.8071772097464418e-12,2,0.13630760614642426,0.48684210526315791,0.42224388130820878,0.35511948423769368,1.0412227020954925,0.6251261933429938,0.21192862638785245,0.97951662854848853,0.06170607354700397,instrument_5
B1,4,2025-2026,10000,lam=10000,False,False,88,1520,380,5,3.694822225952521e-13,2,0.080237922811532594,0.49210526315789471,0.41856183669049168,0.34806034482758624,1.0494421127586089,0.63032531053031082,0.21475515305549694,1.001298902205686,0.048143210552922922,instrument_5
B2,1,2022-2023,0.01,lam=0.01,False,False,108,380,380,14,1.7386482878412046e-14,29,5.8741004603787941,0.45263157894736844,0.39738425894086599,0.38666994791025799,1.3205199597541657,0.72333258421563829,0.25598979222220503,0.83368621116228359,0.48683374859188211,instrument_4
B2,1,2022-2023,0.029999999999999999,lam=0.03,False,False,108,380,380,13,2.052091135906764e-14,29,5.4863031838167338,0.45263157894736844,0.39738425894086599,0.38656313072309495,1.3033230693448254,0.71911554942624412,0.25439773277806976,0.83379874928097109,0.46952432006385436,instrument_4
B2,1,2022-2023,0.10000000000000001,lam=0.1,False,False,108,380,380,12,2.1285057050235423e-14,29,4.6472317762487956,0.44736842105263158,0.39578089395669142,0.38618618050696268,1.2709477453088966,0.70989043402363461,0.25108879282654584,0.83447200376579167,0.43647574154310498,instrument_4
B2,1,2022-2023,0.29999999999999999,lam=0.3,False,False,108,380,380,11,1.2129186544029835e-14,29,3.6239663211361801,0.44736842105263158,0.39702740372932799,0.38701257295231467,1.2310390566769853,0.69792284764099932,0.24717838499180372,0.83646783267982261,0.39457122399716271,instrument_4
B2,1,2022-2023,1,lam=1,False,True,108,380,380,10,1.2337353361147052e-14,29,2.5721232806550121,0.45000000000000001,0.39931219405587726,0.38680273386818603,1.1841334813800015,0.68300079317307039,0.24272669037114966,0.8411988973545802,0.34293458402542132,instrument_4
B2,1,2022-2023,3,lam=3,False,False,108,380,380,9,1.0332013022917863e-14,29,1.8085108902839415,0.45789473684210524,0.40272715324295039,0.38819999078174822,1.1413573762353242,0.66773756642294013,0.23802847922252293,0.84877836332708156,0.29257901290824262,instrument_4
B2,1,2022-2023,10,lam=10,False,False,108,380,380,8,1.1213252548714081e-14,29,1.1854095137964515,0.46842105263157896,0.40920021640555865,0.39180640894350577,1.0944871357863128,0.64805251716748147,0.2309745107265907,0.86202004002155741,0.23246709576475544,instrument_4
B2,1,2022-2023,30,lam=30,False,False,108,380,380,7,2.0206059048177849e-14,29,0.78030279010602133,0.48421052631578948,0.42131629139558663,0.40273418604389549,1.0548425125791652,0.62867330807356092,0.22320240361889093,0.87983182401351123,0.17501068856565394,instrument_4
B2,1,2022-2023,100,lam=100,True,False,108,380,380,6,5.0626169922907138e-14,29,0.46477636324257388,0.50789473684210529,0.42752152211356093,0.39241465706232387,1.0199964459428035,0.60971678495730508,0.21538404320977872,0.90740655281932314,0.11258989312348033,instrument_4
B2,1,2022-2023,300,lam=300,False,False,108,380,380,5,1.1646239528317892e-11,29,0.26959955700058913,0.51052631578947372,0.41828760696104544,0.37047524609434007,1.0019052778823843,0.59868823182394204,0.21093881931462546,0.93876563900911014,0.063139638873274118,instrument_5
B2,1,2022-2023,1000,lam=1000,False,False,108,380,380,5,4.0856207306205761e-14,29,0.14528020882416584,0.52894736842105261,0.42645592341443955,0.37269769621138632,0.99993897067164961,0.59681244528410071,0.21050639335862528,0.97373266123864644,0.026206309433003172,instrument_5
B2,1,2022-2023,3000,lam=3000,True,False,108,380,380,5,4.6185277824406512e-14,29,0.077217957415563726,0.51578947368421058,0.3962072862651243,0.34107625941361408,1.013298528374986,0.60575843570098376,0.21497158023400856,1.0067211041473383,0.0065774242276477324,instrument_5
B2,1,2022-2023,10000,lam=10000,False,False,108,380,380,5,9.9475983006414026e-14,29,0.031671297321464155,0.49473684210526314,0.34805876878074721,0.2534111922141119,1.0339160881911271,0.62091090785423353,0.22237047549960196,1.0394000443451805,-0.0054839561540533932,instrument_5
B2,2,2023-2024,0.01,lam=0.01,False,False,108,760,380,8,6.5449598865563452e-14,4,4.0713156910226589,0.51578947368421058,0.42846302748741771,0.41529279017665721,1.0967129915042249,0.63145817521258185,0.21996626383648515,0.90265272015459008,0.19406027134963477,instrument_4
B2,2,2023-2024,0.029999999999999999,lam=0.03,False,False,108,760,380,8,5.1835705866531967e-14,4,3.9283614668009768,0.51578947368421058,0.42981804103755322,0.41759392419888375,1.0956143795321167,0.63114729549369175,0.2197963915241832,0.90266753075567918,0.19294684877643753,instrument_4
B2,2,2023-2024,0.10000000000000001,lam=0.1,False,False,108,760,380,8,2.7850985406807638e-14,4,3.5580159328146386,0.51315789473684215,0.42791327913279131,0.41617113088377672,1.0924405359768656,0.63025982033330619,0.21931846273784536,0.90278031785732027,0.18966021811954537,instrument_4
B2,2,2023-2024,0.29999999999999999,lam=0.3,False,False,108,760,380,8,3.1780134079895106e-14,4,3.0010975107110611,0.51578947368421058,0.43062330623306239,0.41912104172832199,1.0859312619251991,0.62840542930828425,0.21840116581756175,0.90322168050917806,0.18270958141602101,instrument_4
B2,2,2023-2024,1,lam=1,False,True,108,760,380,7,1.9192925027056162e-11,4,2.3133879512567588,0.51578947368421058,0.4271080139372822,0.41269049994666057,1.0715608896349988,0.62379550633571157,0.21651886284249147,0.90458449951069486,0.16697639012430399,instrument_4
B2,2,2023-2024,3,lam=3,False,False,108,760,380,7,3.0198066269804258e-14,4,1.703965742378329,0.5368421052631579,0.44476190476190475,0.42826872781314695,1.0499743084306885,0.61546232707934867,0.21355032738536101,0.90742113462058416,0.14255317381010435,instrument_4
B2,2,2023-2024,10,lam=10,False,False,108,760,380,6,8.0918827194409459e-11,4,1.1265534626603115,0.55526315789473679,0.4615718157181572,0.44249786570799748,1.0213126305766131,0.6020898244202405,0.20894169763254361,0.91326811840927524,0.1080445121673379,instrument_4
B2,2,2023-2024,30,lam=30,False,False,108,760,380,6,4.3520742565306136e-14,4,0.75174295598892149,0.56052631578947365,0.46402632597754551,0.43979406462835535,0.99715609423645957,0.58945002504525712,0.20461475850586178,0.92110682711743919,0.076049267119020381,instrument_4
B2,2,2023-2024,100,lam=100,True,False,108,760,380,6,2.6645352591003757e-14,4,0.47519196986473822,0.55263157894736847,0.45128145567169958,0.41171177384063301,0.97629512149069375,0.57783165038316353,0.20082098397734521,0.93306828271705089,0.043226838773642862,instrument_4
B2,2,2023-2024,300,lam=300,False,False,108,760,380,6,3.1974423109204508e-14,4,0.29545156106333115,0.56842105263157894,0.46512582268679831,0.42114802568274462,0.96484332460037969,0.57084457637859409,0.19893149917430286,0.9484566785268097,0.016386646073569988,instrument_5
B2,2,2023-2024,1000,lam=1000,True,False,108,760,380,5,3.7795988561128979e-11,4,0.17184032124765344,0.58157894736842108,0.4740998838559814,0.42049213134175423,0.96352722794834478,0.56992126819053701,0.19968327450728413,0.9682108998836324,-0.0046836719352876255,instrument_5
B2,2,2023-2024,3000,lam=3000,False,False,108,760,380,5,1.3500311979441904e-13,4,0.10426630114887907,0.57631578947368423,0.46384823848238482,0.41200719733591146,0.9755993078995181,0.57831607665296636,0.20436931602137343,0.98885587574003497,-0.013256567840516875,instrument_5
B2,2,2023-2024,10000,lam=10000,False,False,108,760,380,5,1.6342482922482304e-13,4,0.051212140347233412,0.53157894736842104,0.41053039101819588,0.34986822289156622,1.0042402474810104,0.59936256128426835,0.21498248480712573,1.0172410192703023,-0.013000771789291932,instrument_5
B2,3,2024-2025,0.01,lam=0.01,False,False,108,1140,380,8,1.5924757172658399e-11,4,9.3152956684269004,0.47105263157894739,0.41559139784946236,0.38833025266453408,1.0679101670287259,0.63317144204049869,0.21645976828277713,0.91254269640169605,0.15536747062702982,instrument_4
B2,3,2024-2025,0.029999999999999999,lam=0.03,False,False,108,1140,380,7,2.9036047568056778e-10,4,7.8452597761763609,0.47105263157894739,0.41521668295861841,0.38775563007120378,1.0667618056301322,0.63275333633305253,0.21634163256711203,0.91274122380541289,0.15402058182471934,instrument_4
B2,3,2024-2025,0.10000000000000001,lam=0.1,False,False,108,1140,380,7,8.3238971271271112e-14,4,6.149844576902125,0.47105263157894739,0.41521668295861841,0.38742329629052635,1.0637127183543484,0.63160116850548897,0.21603632883929491,0.91333732005027302,0.15037539830407542,instrument_4
B2,3,2024-2025,0.29999999999999999,lam=0.3,False,False,108,1140,380,7,5.5677684684951601e-14,4,4.4715255535688323,0.47631578947368419,0.42026718800912349,0.39278092380309926,1.0586468578598676,0.62957470637202051,0.21552629916316113,0.91472570222025829,0.14392115563960928,instrument_4
B2,3,2024-2025,1,lam=1,False,True,108,1140,380,6,1.2472098354088246e-10,4,2.7567651348507662,0.48157894736842105,0.42743564679048546,0.40384294068504595,1.0519055968324085,0.62669193063611961,0.21481258170737236,0.91767258731174262,0.13423300952066586,instrument_4
B2,3,2024-2025,3,lam=3,False,False,108,1140,380,6,1.964872708981602e-12,4,1.6839686731282646,0.47894736842105262,0.42422613229064843,0.39897460369901316,1.0462191428037113,0.62398731379729644,0.21408292330054898,0.92113863339071977,0.12508050941299154,instrument_4
B2,3,2024-2025,10,lam=10,False,False,108,1140,380,6,6.4281913125796564e-14,4,1.0486389497143296,0.50263157894736843,0.44582926034538933,0.41763639967156491,1.0390580801455356,0.62011332391901086,0.21289491602246949,0.925096590703955,0.11396148944158058,instrument_4
B2,3,2024-2025,30,lam=30,False,False,108,1140,380,6,4.4561576650892221e-14,4,0.71489692547838446,0.50526315789473686,0.44330400782013685,0.40358900788284169,1.0300149275016961,0.61517004954366072,0.21129600821322425,0.92945720151134492,0.10055772599035118,instrument_4
B2,3,2024-2025,100,lam=100,True,False,108,1140,380,6,4.5186077102243871e-14,4,0.47168423466714832,0.50526315789473686,0.43862821766047572,0.38549330843448493,1.0176515215555422,0.60856570393517118,0.20907569270054341,0.93626577441782499,0.081385747137717179,instrument_4
B2,3,2024-2025,300,lam=300,False,False,108,1140,380,6,5.3290705182007514e-14,4,0.31069729617576941,0.50789473684210529,0.43941023134571527,0.37684729064039413,1.0069677712146496,0.60247863783050493,0.20708132878257349,0.94568879403399675,0.061278977180652894,instrument_5
B2,3,2024-2025,1000,lam=1000,True,False,108,1140,380,5,4.4236614371584437e-10,4,0.19210037289800405,0.51052631578947372,0.44081133919843601,0.37695798565363786,1.0026951846650169,0.5996085007708315,0.20658499074485384,0.95945288753451008,0.043242297130506868,instrument_5
B2,3,2024-2025,3000,lam=3000,False,False,108,1140,380,5,1.2665424264923786e-12,4,0.12537087117505266,0.49736842105263157,0.42781036168132941,0.36377552997713442,1.0092308817678657,0.60338013597367535,0.20892225790163227,0.97520122416868071,0.03402965759918497,instrument_5
B2,3,2024-2025,10000,lam=10000,False,False,108,1140,380,5,2.4158453015843406e-13,4,0.068904398006879489,0.49473684210526314,0.42003910068426192,0.34770114942528735,1.030126260416159,0.61752438464232673,0.21615051355397397,1.0010226724657949,0.029103587950364052,instrument_5
B2,4,2025-2026,0.01,lam=0.01,False,False,108,1520,380,8,2.491044627923834e-10,2,8.7135805482296433,0.46052631578947367,0.41349277752786523,0.36385627272812382,1.1116504357681225,0.66539993762743666,0.2248837531761908,0.92804347427147704,0.18360696149664546,instrument_4
B2,4,2025-2026,0.029999999999999999,lam=0.03,False,False,108,1520,380,8,8.5961558780444508e-14,2,7.2613746366337919,0.46052631578947367,0.41262641408840245,0.36314272421586163,1.1109198035291641,0.66500957249472381,0.22474786577640501,0.92817972756724088,0.18274007596192321,instrument_4
B2,4,2025-2026,0.10000000000000001,lam=0.1,False,False,108,1520,380,7,1.0229924546356628e-13,2,5.691094885530914,0.46578947368421053,0.41674164042585099,0.36571923411671331,1.1088683165831679,0.66394622285357707,0.22436465005854725,0.92855993305752083,0.18030838352564704,instrument_4
B2,4,2025-2026,0.29999999999999999,lam=0.3,False,False,108,1520,380,6,7.648143121423423e-11,2,4.2255471763641497,0.4631578947368421,0.4126701487812599,0.3587744608827701,1.1049753842934993,0.66202306646911491,0.22365952368542769,0.92940836186264708,0.1755670224308522,instrument_4
B2,4,2025-2026,1,lam=1,False,True,108,1520,380,6,3.474253827337459e-11,2,2.7179344676537824,0.46052631578947367,0.40801344529414701,0.35448937409721726,1.0986421496690832,0.65912886415034944,0.22263071585630997,0.93129063003910939,0.16735151962997385,instrument_4
B2,4,2025-2026,3,lam=3,False,False,108,1520,380,6,1.0874301459296021e-11,2,1.7129586730615745,0.46052631578947367,0.40714708185468423,0.35317705886172895,1.0925463103319395,0.65652956375294791,0.22181025560510231,0.93374577653255064,0.15880053379938885,instrument_4
B2,4,2025-2026,10,lam=10,False,False,108,1520,380,6,8.5981222142095248e-13,2,1.0692279360875288,0.4631578947368421,0.40833833158394556,0.35345863159255736,1.0857321397470538,0.65346514909584696,0.22092302840982922,0.93682640229335101,0.14890573745370284,instrument_4
B2,4,2025-2026,30,lam=30,False,False,108,1520,380,6,5.2569060216001162e-14,2,0.7255845035144588,0.46052631578947367,0.40599956681828031,0.34760883610320698,1.0780087563731604,0.64950192948621654,0.21965546025874608,0.94024425204495166,0.13776450432820875,instrument_4
B2,4,2025-2026,100,lam=100,True,False,108,1520,380,6,8.149037000748649e-14,2,0.48373885976972641,0.47105263157894739,0.41336365605371456,0.34925662004046804,1.0670222318825602,0.64316783979546022,0.21745634326274949,0.94540447005845274,0.12161776182410744,instrument_4
B2,4,2025-2026,300,lam=300,False,False,108,1520,380,6,7.815970093361102e-14,2,0.32841649628388536,0.47368421052631576,0.41542126922243883,0.35084015131521068,1.055824610011215,0.63599469997452496,0.21498836309665054,0.95249638279564575,0.10332822721556922,instrument_5
B2,4,2025-2026,1000,lam=1000,True,False,108,1520,380,5,9.7565799883625459e-10,2,0.20979913925997618,0.48421052631578948,0.42365172189733591,0.35713097360156182,1.0461090547083203,0.62908070454526399,0.21281349126603977,0.96367295453015522,0.08243610017816505,instrument_5
B2,4,2025-2026,3000,lam=3000,False,False,108,1520,380,5,8.8045126744873414e-12,2,0.13985968480544095,0.48947368421052634,0.42430149447693305,0.35683465292614464,1.0430969916082433,0.62645469481614824,0.21233608072550628,0.97732317494588694,0.065773816662356377,instrument_5
B2,4,2025-2026,10000,lam=10000,False,False,108,1520,380,5,3.2684965844964609e-13,2,0.08097837542217555,0.48947368421052634,0.41563786008230452,0.34506437768240344,1.0499876256311407,0.63069935001266442,0.21485747296300656,1.0004653841451649,0.049522241485975727,instrument_5
B3,1,2022-2023,0.01,lam=0.01,False,False,114,380,380,14,2.3448040384344004e-14,35,5.8741004603787745,0.45263157894736844,0.39738425894086599,0.38666994791025799,1.3205199597541606,0.72333258421563817,0.25598979222220497,0.83368621116228359,0.486833748591877,instrument_4
B3,1,2022-2023,0.029999999999999999,lam=0.03,False,False,114,380,380,13,1.6711024924953577e-14,35,5.48630318381674,0.45263157894736844,0.39738425894086599,0.38656313072309495,1.3033230693448254,0.71911554942624423,0.25439773277806982,0.83379874928097109,0.46952432006385436,instrument_4
B3,1,2022-2023,0.10000000000000001,lam=0.1,False,False,114,380,380,12,1.2181228248309139e-14,35,4.647231776248792,0.44736842105263158,0.39578089395669142,0.38618618050696268,1.270947745308896,0.70989043402363483,0.25108879282654584,0.83447200376579167,0.43647574154310431,instrument_4
B3,1,2022-2023,0.29999999999999999,lam=0.3,False,False,114,380,380,11,1.3836154444391013e-14,35,3.6239663211361806,0.44736842105263158,0.39702740372932799,0.38701257295231467,1.2310390566769853,0.69792284764099921,0.24717838499180364,0.83646783267982261,0.39457122399716271,instrument_4
B3,1,2022-2023,1,lam=1,False,True,114,380,380,10,1.1133455268819148e-14,35,2.5721232806550125,0.45000000000000001,0.39931219405587726,0.38680273386818603,1.1841334813800015,0.68300079317307039,0.24272669037114961,0.8411988973545802,0.34293458402542132,instrument_4
B3,1,2022-2023,3,lam=3,False,False,114,380,380,9,1.4307999229856705e-14,35,1.8085108902839417,0.45789473684210524,0.40272715324295039,0.38819999078174822,1.141357376235324,0.66773756642294013,0.23802847922252293,0.84877836332708156,0.2925790129082424,instrument_4
B3,1,2022-2023,10,lam=10,False,False,114,380,380,8,1.4876988529977098e-14,35,1.1854095137964515,0.46842105263157896,0.40920021640555865,0.39180640894350577,1.0944871357863128,0.64805251716748147,0.2309745107265907,0.86202004002155741,0.23246709576475544,instrument_4
B3,1,2022-2023,30,lam=30,False,False,114,380,380,7,1.9095836023552692e-14,35,0.78030279010602122,0.48421052631578948,0.42131629139558663,0.40273418604389549,1.0548425125791652,0.62867330807356081,0.22320240361889093,0.87983182401351123,0.17501068856565394,instrument_4
B3,1,2022-2023,100,lam=100,True,False,114,380,380,6,4.8849813083506888e-14,35,0.46477636324257388,0.50789473684210529,0.42752152211356093,0.39241465706232387,1.0199964459428035,0.60971678495730519,0.21538404320977872,0.90740655281932314,0.11258989312348033,instrument_4
B3,1,2022-2023,300,lam=300,False,False,114,380,380,5,1.1650680420416393e-11,35,0.26959955700058907,0.51052631578947372,0.41828760696104544,0.37047524609434007,1.0019052778823845,0.59868823182394193,0.21093881931462546,0.93876563900911014,0.06313963887327434,instrument_5
B3,1,2022-2023,1000,lam=1000,False,False,114,380,380,5,4.2632564145606011e-14,35,0.14528020882416584,0.52894736842105261,0.42645592341443955,0.37269769621138632,0.99993897067164961,0.59681244528410071,0.21050639335862528,0.97373266123864644,0.026206309433003172,instrument_5
B3,1,2022-2023,3000,lam=3000,True,False,114,380,380,5,4.2632564145606011e-14,35,0.077217957415563726,0.51578947368421058,0.3962072862651243,0.34107625941361408,1.013298528374986,0.60575843570098376,0.21497158023400856,1.0067211041473385,0.0065774242276475103,instrument_5
B3,1,2022-2023,10000,lam=10000,False,False,114,380,380,5,9.2370555648813024e-14,35,0.031671297321464155,0.49473684210526314,0.34805876878074721,0.2534111922141119,1.0339160881911271,0.62091090785423353,0.22237047549960196,1.0394000443451805,-0.0054839561540533932,instrument_5
B3,2,2023-2024,0.01,lam=0.01,False,False,114,760,380,8,6.1632773537545482e-14,4,5.1170540811916787,0.50526315789473686,0.44244676732481608,0.44213335909076279,1.1976927891840481,0.67730809686444848,0.23087572133001524,0.89088432779723159,0.3068084613868165,instrument_4
B3,2,2023-2024,0.029999999999999999,lam=0.03,False,False,114,760,380,8,3.528774494832021e-14,4,4.9767360670482992,0.50789473684210529,0.4451567944250871,0.44491076292095233,1.1941415748841528,0.675836901751101,0.23037627712408087,0.89090273245691942,0.30323884242723342,instrument_4
B3,2,2023-2024,0.10000000000000001,lam=0.1,False,False,114,760,380,8,5.5018489764080414e-14,4,4.5889023132238762,0.50789473684210529,0.4451567944250871,0.44491076292095233,1.1831119239648202,0.67122370183064695,0.22885712291391966,0.89105533463349529,0.29205658933132495,instrument_4
B3,2,2023-2024,0.29999999999999999,lam=0.3,False,False,114,760,380,8,3.397282455352979e-14,4,3.9134878970696514,0.51052631578947372,0.4457065427797135,0.44490531255237142,1.1593579862454853,0.6611071492124716,0.22571829301571208,0.89176173849786367,0.26759624774762159,instrument_4
B3,2,2023-2024,1,lam=1,False,True,114,760,380,7,5.6567195372281276e-11,4,2.9066694450215298,0.52368421052631575,0.45197057684862568,0.44889029803424224,1.1149520662707553,0.64183307366897802,0.22017535787816234,0.89434945463083149,0.22060261163992378,instrument_4
B3,2,2023-2024,3,lam=3,False,False,114,760,380,7,3.8372083288606973e-14,4,1.9970154170983196,0.53421052631578947,0.45200929152148661,0.44067562543535671,1.0699778629775103,0.6223908984740889,0.21472196650300401,0.89944040953244941,0.17053745344506088,instrument_4
B3,2,2023-2024,10,lam=10,False,False,114,760,380,6,1.4792389535500661e-10,4,1.237624146948703,0.53421052631578947,0.44120789779326364,0.41829860241720979,1.0288039587434046,0.60420966454607627,0.20917797664596524,0.90805994091303788,0.1207440178303667,instrument_4
B3,2,2023-2024,30,lam=30,False,False,114,760,380,6,2.7977620220553945e-14,4,0.78949706701651134,0.54736842105263162,0.45450251645373596,0.43079112261615976,0.99999593663841368,0.59021208767632594,0.20453675264361859,0.91806955613056707,0.081926380507846619,instrument_4
B3,2,2023-2024,100,lam=100,True,False,114,760,380,6,3.8413716652030416e-14,4,0.48367703779786902,0.55526315789473679,0.45560201316298876,0.41661229805600941,0.97715393463174294,0.57792227199876089,0.20057984746075927,0.93163939385324812,0.045514540778494816,instrument_4
B3,2,2023-2024,300,lam=300,False,False,114,760,380,6,3.3750779948604759e-14,4,0.29665490654715382,0.56578947368421051,0.46106078203639184,0.41242777674582304,0.96477146258414781,0.57049887483734429,0.19861060681990911,0.94778141893529877,0.01699004364884904,instrument_5
B3,2,2023-2024,1000,lam=1000,True,False,114,760,380,5,8.5174312047797684e-11,4,0.17121919749841061,0.57894736842105265,0.47138985675571038,0.41765525190913017,0.96251074405391324,0.56904099074308345,0.1992029930270468,0.96779867557226595,-0.0052879315183527176,instrument_5
B3,2,2023-2024,3000,lam=3000,False,False,114,760,380,5,1.1368683772161603e-13,4,0.10391348953557276,0.57631578947368423,0.46545876887340304,0.41358522099859735,0.97345865181879754,0.57669996983599114,0.20357898019019557,0.98825915163100075,-0.014800499812203216,instrument_5
B3,2,2023-2024,10000,lam=10000,False,False,114,760,380,5,1.7763568394002505e-13,4,0.051497994655409489,0.53157894736842104,0.41214092140921404,0.35312681925422068,1.0015159774068991,0.59730697318430637,0.21397913709006472,1.0163235122427507,-0.014807534835851621,instrument_5
B3,3,2024-2025,0.01,lam=0.01,False,False,114,1140,380,8,2.2734305947123487e-11,4,9.6765373966835764,0.4631578947368421,0.41842619745845555,0.40675403260374887,1.0555372456694105,0.62762593902748476,0.21331557785113278,0.90781878324949405,0.14771846241991649,instrument_4
B3,3,2024-2025,0.029999999999999999,lam=0.03,False,False,114,1140,380,7,4.3732197087275639e-10,4,8.2349064166461066,0.45789473684210524,0.41375040729879436,0.40253219106532584,1.0541705854453709,0.6270813137619049,0.21312348625926614,0.9080223920725975,0.14614819337277341,instrument_4
B3,3,2024-2025,0.10000000000000001,lam=0.1,False,False,114,1140,380,7,9.5104479846952472e-14,4,6.533927134717989,0.46052631578947367,0.4173346366894754,0.40735156404748424,1.0505121824852643,0.62552673372439571,0.21260750696053413,0.908656453179993,0.14185572930527135,instrument_4
B3,3,2024-2025,0.29999999999999999,lam=0.3,False,False,114,1140,380,7,5.1278425949874418e-14,4,4.7868583045517425,0.4631578947368421,0.42129358097100028,0.4121041427616608,1.0446226766921805,0.62278791790780486,0.21174531144483846,0.9102026733109273,0.13442000338125315,instrument_4
B3,3,2024-2025,1,lam=1,False,True,114,1140,380,6,2.6580163070555329e-10,4,2.9606862197681187,0.47105263157894739,0.42743564679048546,0.41756111169229698,1.0375157884041524,0.61913948097014859,0.21067131403711414,0.91357085767472934,0.12394493072942303,instrument_4
B3,3,2024-2025,3,lam=3,False,False,114,1140,380,6,4.677480625048247e-12,4,1.8089520914390718,0.46578947368421053,0.419208211143695,0.40641959666349914,1.0322705659519853,0.61616502018198249,0.20994180229164147,0.9175726365789012,0.1146979293730841,instrument_4
B3,3,2024-2025,10,lam=10,False,False,114,1140,380,6,8.9872553843406422e-14,4,1.113898855129239,0.48684210526315791,0.43685239491691102,0.41907259304773431,1.0266975276056818,0.61277046814377145,0.20932205018100802,0.92220671870053084,0.10449080890515094,instrument_4
B3,3,2024-2025,30,lam=30,False,False,114,1140,380,6,4.6407322429331543e-14,4,0.74608392175134741,0.51842105263157889,0.45842293906810044,0.42663938618925829,1.0206752319036538,0.609403751460181,0.20872414949985577,0.92726705628718964,0.093408175616464195,instrument_4
B3,3,2024-2025,100,lam=100,True,False,114,1140,380,6,8.0158102377936302e-14,4,0.48112946735718909,0.51842105263157889,0.4533724340175953,0.40769934752357923,1.0121668015216585,0.60505646249588185,0.20760700377781444,0.93489842190540573,0.077268379616252769,instrument_4
B3,3,2024-2025,300,lam=300,False,False,114,1140,380,6,4.5741188614556449e-14,4,0.31196010374671573,0.50526315789473686,0.43613554903877488,0.37284044715447151,1.0040547620999722,0.60052983458558074,0.20625258124689735,0.94489000349109686,0.059164758608875379,instrument_5
B3,3,2024-2025,1000,lam=1000,True,False,114,1140,380,5,7.1285199965132051e-10,4,0.1908055415735615,0.51052631578947372,0.44081133919843601,0.37695798565363786,1.0012938203786799,0.59863830230293313,0.20612573652973046,0.95890107135947689,0.04239274901920298,instrument_5
B3,3,2024-2025,3000,lam=3000,False,False,114,1140,380,5,3.2702729413358611e-12,4,0.12440595914537714,0.49736842105263157,0.42781036168132941,0.36377552997713442,1.0081639770567878,0.60266514529822479,0.20855056112853171,0.97442052588826999,0.033743451168517846,instrument_5
B3,3,2024-2025,10000,lam=10000,False,False,114,1140,380,5,2.2737367544323206e-13,4,0.069133823977957851,0.48947368421052634,0.41536331052460085,0.34277022544078828,1.0285841152234485,0.61642418240984265,0.21559380763449465,0.99962701226781381,0.028957102955634695,instrument_5
B3,4,2025-2026,0.01,lam=0.01,False,False,114,1520,380,8,2.4757205201099853e-10,2,8.9018176192475504,0.43947368421052629,0.39759417537195318,0.35582088339554568,1.1347799674250278,0.67594205404584795,0.2275471688561769,0.92181228346942834,0.21296768395559951,instrument_4
B3,4,2025-2026,0.029999999999999999,lam=0.03,False,False,114,1520,380,8,1.1203429677031362e-13,2,7.4638928271563856,0.44473684210526315,0.40170940170940167,0.35909409475492393,1.1338435513597167,0.67549357736092952,0.22740503023918096,0.92195056891344673,0.21189298244626997,instrument_4
B3,4,2025-2026,0.10000000000000001,lam=0.1,False,False,114,1520,380,7,1.2083476580437846e-13,2,5.9102223382676646,0.44736842105263158,0.4029006514386631,0.35989669631864935,1.13121007951779,0.67426930323202838,0.22700314613885361,0.92233934523513228,0.20887073428265768,instrument_4
B3,4,2025-2026,0.29999999999999999,lam=0.3,False,False,114,1520,380,6,1.7128840587663646e-10,2,4.4604417950114366,0.45526315789473687,0.40907349094483597,0.36461955662070372,1.1260964166514633,0.67197911179519632,0.22623990515581394,0.923218571604567,0.20287784504689632,instrument_4
B3,4,2025-2026,1,lam=1,False,True,114,1520,380,6,6.4237518949961103e-11,2,2.9494309949258581,0.4631578947368421,0.41524633045100878,0.36983355787083522,1.1172280584097398,0.66817189626463069,0.22500323964367105,0.92524293269843894,0.19198512571130089,instrument_4
B3,4,2025-2026,3,lam=3,False,False,114,1520,380,6,1.7828759302229713e-11,2,1.8993547317149633,0.46578947368421053,0.41730394361973305,0.37188797970358811,1.1076806292405981,0.66410321751070778,0.22376463688914783,0.92806996014974685,0.17961066909085122,instrument_4
B3,4,2025-2026,10,lam=10,False,False,114,1520,380,6,1.6051049378518201e-12,2,1.187039054184071,0.45526315789473687,0.40532688559004343,0.35682581901727722,1.095705143988414,0.65856205645562138,0.22209333079538446,0.93187119738964275,0.16383394659877126,instrument_4
B3,4,2025-2026,30,lam=30,False,False,114,1520,380,6,6.616929226765933e-14,2,0.79100435480696429,0.45526315789473687,0.40188434048083171,0.34256570620206989,1.0827323903633377,0.65184816278154145,0.21993633933774262,0.93621907521161285,0.14651331515172483,instrument_4
B3,4,2025-2026,100,lam=100,True,False,114,1520,380,6,1.056932319443149e-13,2,0.50739886289106784,0.4631578947368421,0.40719081654754169,0.34400651040358471,1.0679611469648036,0.643437257124993,0.21714548871436154,0.94267796194579001,0.12528318501901359,instrument_4
B3,4,2025-2026,300,lam=300,False,False,114,1520,380,6,5.5067062021407764e-14,2,0.33463032651907776,0.47368421052631576,0.41455490578297599,0.34895638550563501,1.0554719912372583,0.63559853462802962,0.21458097017532254,0.95078292784152174,0.10468906339573658,instrument_5
B3,4,2025-2026,1000,lam=1000,True,False,114,1520,380,6,9.4146912488213275e-14,2,0.21009417752712123,0.48421052631578948,0.42365172189733591,0.35713097360156182,1.0452506146083391,0.62845966888440452,0.21242862556888342,0.96259084302365738,0.08265977158468174,instrument_5
B3,4,2025-2026,3000,lam=3000,False,False,114,1520,380,5,2.1121770998888678e-11,2,0.1391373690882709,0.49473684210526314,0.43014944769330737,0.36232381546783171,1.0418896247773408,0.62561652664057921,0.2119087348733534,0.97637321403151567,0.065516410745825149,instrument_5
B3,4,2025-2026,10000,lam=10000,False,False,114,1520,380,5,3.5527136788005009e-13,2,0.081068680525298781,0.49210526315789471,0.42029456356941736,0.35080307738812766,1.0484197615607773,0.62956702553618915,0.21430793184184005,0.99910974805560526,0.049310013505172057,instrument_5
B4,1,2022-2023,0.01,lam=0.01,False,False,117,380,380,14,1.5181866180880021e-14,38,5.8741004603787781,0.45263157894736844,0.39738425894086599,0.38666994791025799,1.320519959754161,0.72333258421563829,0.25598979222220503,0.83368621116228381,0.48683374859187722,instrument_4
B4,1,2022-2023,0.029999999999999999,lam=0.03,False,False,117,380,380,13,1.4168570830475069e-14,38,5.4863031838167364,0.45263157894736844,0.39738425894086599,0.38656313072309495,1.3033230693448237,0.71911554942624412,0.25439773277806982,0.83379874928097109,0.46952432006385258,instrument_4
B4,1,2022-2023,0.10000000000000001,lam=0.1,False,False,117,380,380,12,1.3771969675779872e-14,38,4.6472317762487956,0.44736842105263158,0.39578089395669142,0.38618618050696268,1.2709477453088964,0.7098904340236345,0.25108879282654584,0.83447200376579167,0.43647574154310476,instrument_4
B4,1,2022-2023,0.29999999999999999,lam=0.3,False,False,117,380,380,11,1.6981208106336965e-14,38,3.6239663211361823,0.44736842105263158,0.39702740372932799,0.38701257295231467,1.2310390566769855,0.69792284764099932,0.2471783849918037,0.83646783267982261,0.39457122399716293,instrument_4
B4,1,2022-2023,1,lam=1,False,True,117,380,380,10,1.3766765505351941e-14,38,2.5721232806550107,0.45000000000000001,0.39931219405587726,0.38680273386818603,1.1841334813800015,0.68300079317307039,0.24272669037114961,0.8411988973545802,0.34293458402542132,instrument_4
B4,1,2022-2023,3,lam=3,False,False,117,380,380,9,1.2108369862318114e-14,38,1.8085108902839411,0.45789473684210524,0.40272715324295039,0.38819999078174822,1.141357376235324,0.66773756642294013,0.23802847922252293,0.84877836332708156,0.2925790129082424,instrument_4
B4,1,2022-2023,10,lam=10,False,False,117,380,380,8,1.1102230246251565e-14,38,1.1854095137964515,0.46842105263157896,0.40920021640555865,0.39180640894350577,1.0944871357863128,0.64805251716748147,0.2309745107265907,0.86202004002155741,0.23246709576475544,instrument_4
B4,1,2022-2023,30,lam=30,False,False,117,380,380,7,2.1760371282653068e-14,38,0.78030279010602133,0.48421052631578948,0.42131629139558663,0.40273418604389549,1.0548425125791652,0.62867330807356081,0.22320240361889093,0.87983182401351123,0.17501068856565394,instrument_4
B4,1,2022-2023,100,lam=100,True,False,117,380,380,6,4.8849813083506888e-14,38,0.46477636324257388,0.50789473684210529,0.42752152211356093,0.39241465706232387,1.0199964459428035,0.60971678495730508,0.21538404320977872,0.90740655281932314,0.11258989312348033,instrument_4
B4,1,2022-2023,300,lam=300,False,False,117,380,380,5,1.1650236331206543e-11,38,0.26959955700058907,0.51052631578947372,0.41828760696104544,0.37047524609434007,1.0019052778823843,0.59868823182394204,0.21093881931462546,0.93876563900911014,0.063139638873274118,instrument_5
B4,1,2022-2023,1000,lam=1000,False,False,117,380,380,5,4.4408920985006262e-14,38,0.14528020882416584,0.52894736842105261,0.42645592341443955,0.37269769621138632,0.99993897067164961,0.59681244528410071,0.21050639335862528,0.97373266123864644,0.026206309433003172,instrument_5
B4,1,2022-2023,3000,lam=3000,True,False,117,380,380,5,4.2632564145606011e-14,38,0.077217957415563712,0.51578947368421058,0.3962072862651243,0.34107625941361408,1.013298528374986,0.60575843570098364,0.2149715802340085,1.0067211041473385,0.0065774242276475103,instrument_5
B4,1,2022-2023,10000,lam=10000,False,False,117,380,380,5,9.2370555648813024e-14,38,0.031671297321464155,0.49473684210526314,0.34805876878074721,0.2534111922141119,1.0339160881911271,0.62091090785423353,0.22237047549960196,1.0394000443451805,-0.0054839561540533932,instrument_5
B4,2,2023-2024,0.01,lam=0.01,False,False,117,760,380,8,3.5166314305001833e-14,4,5.1386311345438305,0.48421052631578948,0.42047231900890436,0.41777284542192678,1.2242168780976781,0.69065787178006188,0.23500068125280227,0.88745112653255021,0.33676575156512789,instrument_4
B4,2,2023-2024,0.029999999999999999,lam=0.03,False,False,117,760,380,8,4.7978195851991479e-14,4,4.9994115392936473,0.48684210526315791,0.42318234610917543,0.42080229796928564,1.2203427991503855,0.68897840175159741,0.2344527730852968,0.88746947276303167,0.33287332638735379,instrument_4
B4,2,2023-2024,0.10000000000000001,lam=0.1,False,False,117,760,380,8,3.6953079485257945e-14,4,4.6120705912189992,0.49473684210526314,0.42889663182346105,0.42624179444599791,1.2083784199425234,0.6837596888475227,0.23280705759071219,0.88762276031103082,0.32075565963149255,instrument_4
B4,2,2023-2024,0.29999999999999999,lam=0.3,False,False,117,760,380,8,4.100886297209172e-14,4,3.9292952828440186,0.48947368421052634,0.41860627177700344,0.41371870806844385,1.1831776227740696,0.67267076030300377,0.22953871425309677,0.88834085010806685,0.29483677266600272,instrument_4
B4,2,2023-2024,1,lam=1,False,True,117,760,380,7,6.226136273213001e-11,4,2.9094149806014906,0.5,0.42648083623693384,0.42062119781911028,1.1382084106989969,0.65298607336047843,0.22422059647559117,0.89096524602133242,0.2472431646776645,instrument_4
B4,2,2023-2024,3,lam=3,False,False,117,760,380,7,3.7941871866564725e-14,4,2.0055885557286097,0.52105263157894732,0.44142469996128536,0.43156381193048637,1.0929104136467236,0.63390784863964744,0.21905335718940633,0.89602780434528817,0.19688260930143542,instrument_4
B4,2,2023-2024,10,lam=10,False,False,117,760,380,6,1.9246737537059744e-10,4,1.2567581208162695,0.52368421052631575,0.43549361207897791,0.41712505495136659,1.0467129281630525,0.61376229372635582,0.21268036353199909,0.90461536478506621,0.14209756337798629,instrument_4
B4,2,2023-2024,30,lam=30,False,False,117,760,380,6,3.3306690738754696e-14,4,0.80809093087717021,0.55000000000000004,0.45505226480836242,0.42797788631121958,1.010728959829174,0.5960555027666038,0.20653358092961346,0.91485098036258505,0.095877979466588936,instrument_4
B4,2,2023-2024,100,lam=100,True,False,117,760,380,6,3.5527136788005009e-14,4,0.49519739613336783,0.55263157894736847,0.45640727835849787,0.4241273286308555,0.98154993797956658,0.58024845599492114,0.20125642124060014,0.92908977440286711,0.05246016357669947,instrument_4
B4,2,2023-2024,300,lam=300,False,False,117,760,380,6,3.730349362740526e-14,4,0.30200462147528589,0.57105263157894737,0.46783584978706932,0.42330318039014231,0.9662100004749965,0.57120775690621928,0.19875807786282829,0.94611762678006928,0.020092373694927224,instrument_5
B4,2,2023-2024,1000,lam=1000,True,False,117,760,380,5,8.436518150745087e-11,4,0.17279285529822719,0.57631578947368423,0.46867982965543947,0.41559713416834182,0.9628508344190535,0.56918524135302095,0.19920954818208572,0.96700935038056024,-0.0041585159615067369,instrument_5
B4,2,2023-2024,3000,lam=3000,False,False,117,760,380,5,9.5923269327613525e-14,4,0.10428652812380423,0.57631578947368423,0.46545876887340304,0.41325922985311631,0.97352183291937366,0.57671116205892492,0.20356470080244848,0.98794336525735316,-0.014421532337979492,instrument_5
B4,2,2023-2024,10000,lam=10000,False,False,117,760,380,5,1.9184653865522705e-13,4,0.051568638312010001,0.5368421052631579,0.41675571041424703,0.3583203113031222,1.0014953026910602,0.59728330003325758,0.21396235439391023,1.0162231472006429,-0.014727844509582644,instrument_5
B4,3,2024-2025,0.01,lam=0.01,False,False,117,1140,380,8,2.8021764921469516e-11,4,9.6705031282986962,0.46052631578947367,0.41658520690778755,0.40508797637912092,1.0593897482411319,0.62913237667360011,0.21373983061883839,0.90711701961674207,0.15227272862438979,instrument_4
B4,3,2024-2025,0.029999999999999999,lam=0.03,False,False,117,1140,380,7,5.4501816512046546e-10,4,8.2165801604095439,0.4631578947368421,0.42054415118931249,0.41071813987301642,1.0580885173103045,0.62859866958123489,0.21356417920696935,0.90732211239090932,0.15076640491939519,instrument_4
B4,3,2024-2025,0.10000000000000001,lam=0.1,False,False,117,1140,380,7,4.8116892414906687e-14,4,6.4984380439938052,0.4631578947368421,0.42054415118931249,0.41107815493043459,1.0546152870603855,0.62708297517834855,0.21309286672581315,0.90795996355676944,0.1466553235036161,instrument_4
B4,3,2024-2025,0.29999999999999999,lam=0.3,False,False,117,1140,380,7,6.4268035337988749e-14,4,4.7432086954504715,0.46842105263157896,0.42596937113066152,0.41666955667302469,1.0490680545061941,0.62444838245720924,0.21231219527013473,0.90950067351228669,0.13956738099390742,instrument_4
B4,3,2024-2025,1,lam=1,False,True,117,1140,380,6,3.0012095586506859e-10,4,2.93261584746854,0.47631578947368419,0.43497882046269143,0.42638418550926471,1.0424346037881242,0.62106647869928244,0.21137549057447655,0.9128036679414715,0.12963093584665275,instrument_4
B4,3,2024-2025,3,lam=3,False,False,117,1140,380,6,5.7922555640743667e-12,4,1.8062073620302115,0.47894736842105262,0.43320299771912674,0.42029049677336899,1.037405255742379,0.6183997168171439,0.21077006256712708,0.91669192669637556,0.1207133290460034,instrument_4
B4,3,2024-2025,10,lam=10,False,False,117,1140,380,6,1.1157741397482823e-13,4,1.1237827738722277,0.49473684210526314,0.442554578038449,0.42250786195910406,1.0315380642336884,0.61512955448946061,0.21018510918233629,0.92126734241704333,0.1102707218166451,instrument_4
B4,3,2024-2025,30,lam=30,False,False,117,1140,380,6,4.1577852272212112e-14,4,0.75297722535950851,0.51315789473684215,0.4540566959921799,0.42429054014524387,1.0247445550409426,0.61157293654770051,0.20951008204936211,0.92642561679054325,0.09831893825039939,instrument_4
B4,3,2024-2025,100,lam=100,True,False,117,1140,380,6,4.6185277824406512e-14,4,0.48418673541597523,0.52368421052631575,0.46054089279895732,0.42079393726140074,1.01512866610756,0.60682841787839914,0.20826013519480396,0.93421911595535656,0.080909550152203469,instrument_4
B4,3,2024-2025,300,lam=300,False,False,117,1140,380,6,6.0396132539608516e-14,4,0.31401833154977016,0.50789473684210529,0.43866080156402737,0.3754446138211382,1.0058481697838677,0.60173550324575897,0.20670792445536676,0.94433502960009963,0.061513140183768078,instrument_5
B4,3,2024-2025,1000,lam=1000,True,False,117,1140,380,5,7.1103212206935495e-10,4,0.19159589082429554,0.50789473684210529,0.43828608667318347,0.37446293108943712,1.0020993960735469,0.59923271980863824,0.20635343744000564,0.95857629416180778,0.043523101911739137,instrument_5
B4,3,2024-2025,3000,lam=3000,False,False,117,1140,380,5,3.3590907833058736e-12,4,0.12458499184727688,0.49736842105263157,0.42781036168132941,0.36363284650353034,1.0085289629927217,0.60294151839395682,0.20865780176191615,0.97427300349550106,0.034255959497220601,instrument_5
B4,3,2024-2025,10000,lam=10000,False,False,117,1140,380,5,2.4158453015843406e-13,4,0.069169534901905638,0.48947368421052634,0.41536331052460085,0.34277022544078828,1.0287311737465752,0.61653454709199595,0.2156380603683869,0.99955944259281693,0.029171731153758262,instrument_5
B4,4,2025-2026,0.01,lam=0.01,False,False,117,1520,380,8,2.6807001656989869e-10,2,8.8934941268229561,0.44473684210526315,0.40285691674580565,0.36303851867572162,1.1361737278605664,0.67622763795139285,0.22763562547256347,0.92137724451013159,0.21479648335043477,instrument_4
B4,4,2025-2026,0.029999999999999999,lam=0.03,False,False,117,1520,380,8,2.6047350040747652e-13,2,7.4585007276918844,0.44473684210526315,0.40285691674580565,0.36303851867572162,1.1353163447505792,0.67581775122999044,0.22749627024678737,0.9215151488339266,0.21380119591665259,instrument_4
B4,4,2025-2026,0.10000000000000001,lam=0.1,False,False,117,1520,380,7,1.1811948988360577e-13,2,5.9057281311542758,0.45000000000000001,0.40697214308325425,0.36680954906266999,1.1328347778667924,0.67467453056283544,0.22709923156263767,0.9219034648196297,0.21093131304716273,instrument_4
B4,4,2025-2026,0.29999999999999999,lam=0.3,False,False,117,1520,380,6,1.6028568316367453e-10,2,4.4577033389631806,0.46052631578947367,0.41520259575815133,0.37398503203872729,1.1278570869386897,0.67247407331903186,0.22633629118973833,0.92278077192848007,0.20507631501020962,instrument_4
B4,4,2025-2026,1,lam=1,False,True,117,1520,380,6,6.0002511639845046e-11,2,2.9552020443194,0.46578947368421053,0.41817030705919594,0.37284530566973312,1.1188278230186774,0.66863561498342239,0.22506929410792628,0.92479420672791668,0.19403361629076077,instrument_4
B4,4,2025-2026,3,lam=3,False,False,117,1520,380,6,1.6624250587238265e-11,2,1.911182163622331,0.4631578947368421,0.41437996701154595,0.36862005754109922,1.1085773268463137,0.66426573661364019,0.22375175286665633,0.92761753683965964,0.18095979000665408,instrument_4
B4,4,2025-2026,10,lam=10,False,False,117,1520,380,6,1.489253165232185e-12,2,1.1959915250601936,0.46578947368421053,0.41442370170440346,0.36386706517259393,1.0954660162788405,0.65820296402809775,0.22196158240254391,0.93146541544705819,0.16400060083178236,instrument_4
B4,4,2025-2026,30,lam=30,False,False,117,1520,380,6,6.8278716014447127e-14,2,0.79486281528770153,0.45263157894736844,0.40010787890904848,0.3436439806810177,1.0816448690166733,0.65111602611803976,0.21973115280173233,0.93589762083773653,0.14574724817893681,instrument_4
B4,4,2025-2026,100,lam=100,True,False,117,1520,380,6,7.4495964952348004e-14,2,0.50852794886250852,0.46842105263157896,0.41303876976391596,0.3485647917703667,1.0664768773742239,0.64257810965675743,0.21694067537110345,0.9424360241949189,0.12404085317930502,instrument_4
B4,4,2025-2026,300,lam=300,False,False,117,1520,380,6,6.7501559897209518e-14,2,0.3354767442329189,0.47631578947368419,0.4174788823911631,0.35165456012913637,1.0541721238848059,0.63488885558059771,0.21443355880409457,0.95057107740659785,0.103601046478208,instrument_5
B4,4,2025-2026,1000,lam=1000,True,False,117,1520,380,6,7.815970093361102e-14,2,0.21053111431628832,0.48421052631578948,0.42365172189733591,0.35713097360156182,1.0445259099662569,0.62808263172070022,0.2123629135615322,0.9624507703441596,0.082075139622097337,instrument_5
B4,4,2025-2026,3000,lam=3000,False,False,117,1520,380,5,2.1752377676875767e-11,2,0.13923562853975971,0.49473684210526314,0.43014944769330737,0.36232381546783171,1.0416449717143808,0.62550691096788769,0.21190411802411779,0.97631543060370418,0.06532954111067657,instrument_5
B4,4,2025-2026,10000,lam=10000,False,False,117,1520,380,5,4.2632564145606011e-13,2,0.081076332511353627,0.49210526315789471,0.42029456356941736,0.35080307738812766,1.0484450660216966,0.6296099080176456,0.21434197244362416,0.99909057856632155,0.049354487455375073,instrument_5
B5,1,2022-2023,0.01,lam=0.01,False,False,126,380,380,14,2.7895871376748538e-14,47,5.8741004603787941,0.45263157894736844,0.39738425894086599,0.38666994791025799,1.3205199597541628,0.7233325842156384,0.25598979222220503,0.83368621116228359,0.48683374859187922,instrument_4
B5,1,2022-2023,0.029999999999999999,lam=0.03,False,False,126,380,380,13,1.8463529316559146e-14,47,5.4863031838167311,0.45263157894736844,0.39738425894086599,0.38656313072309495,1.3033230693448239,0.71911554942624412,0.25439773277806976,0.83379874928097109,0.46952432006385281,instrument_4
B5,1,2022-2023,0.10000000000000001,lam=0.1,False,False,126,380,380,12,1.8242352073372103e-14,47,4.647231776248792,0.44736842105263158,0.39578089395669142,0.38618618050696268,1.2709477453088962,0.70989043402363461,0.25108879282654584,0.83447200376579167,0.43647574154310453,instrument_4
B5,1,2022-2023,0.29999999999999999,lam=0.3,False,False,126,380,380,11,2.0886070650760757e-14,47,3.6239663211361783,0.44736842105263158,0.39702740372932799,0.38701257295231467,1.2310390566769851,0.69792284764099921,0.24717838499180372,0.83646783267982261,0.39457122399716249,instrument_4
B5,1,2022-2023,1,lam=1,False,True,126,380,380,10,1.482147737874584e-14,47,2.5721232806550116,0.45000000000000001,0.39931219405587726,0.38680273386818603,1.1841334813800015,0.68300079317307039,0.24272669037114966,0.8411988973545802,0.34293458402542132,instrument_4
B5,1,2022-2023,3,lam=3,False,False,126,380,380,9,1.4002687898084787e-14,47,1.8085108902839413,0.45789473684210524,0.40272715324295039,0.38819999078174822,1.1413573762353242,0.66773756642294013,0.23802847922252293,0.84877836332708156,0.29257901290824262,instrument_4
B5,1,2022-2023,10,lam=10,False,False,126,380,380,8,1.2045919817182948e-14,47,1.1854095137964515,0.46842105263157896,0.40920021640555865,0.39180640894350577,1.0944871357863128,0.64805251716748158,0.23097451072659067,0.86202004002155741,0.23246709576475544,instrument_4
B5,1,2022-2023,30,lam=30,False,False,126,380,380,7,1.9539925233402755e-14,47,0.78030279010602133,0.48421052631578948,0.42131629139558663,0.40273418604389549,1.0548425125791652,0.62867330807356081,0.22320240361889093,0.87983182401351123,0.17501068856565394,instrument_4
B5,1,2022-2023,100,lam=100,True,False,126,380,380,6,5.0626169922907138e-14,47,0.46477636324257388,0.50789473684210529,0.42752152211356093,0.39241465706232387,1.0199964459428035,0.60971678495730508,0.21538404320977872,0.90740655281932325,0.11258989312348022,instrument_4
B5,1,2022-2023,300,lam=300,False,False,126,380,380,5,1.1650680420416393e-11,47,0.26959955700058913,0.51052631578947372,0.41828760696104544,0.37047524609434007,1.0019052778823845,0.59868823182394204,0.21093881931462546,0.93876563900911014,0.06313963887327434,instrument_5
B5,1,2022-2023,1000,lam=1000,False,False,126,380,380,5,4.4408920985006262e-14,47,0.14528020882416584,0.52894736842105261,0.42645592341443955,0.37269769621138632,0.99993897067164961,0.59681244528410071,0.21050639335862528,0.97373266123864644,0.026206309433003172,instrument_5
B5,1,2022-2023,3000,lam=3000,True,False,126,380,380,5,4.9737991503207013e-14,47,0.077217957415563726,0.51578947368421058,0.3962072862651243,0.34107625941361408,1.013298528374986,0.60575843570098376,0.2149715802340085,1.0067211041473385,0.0065774242276475103,instrument_5
B5,1,2022-2023,10000,lam=10000,False,False,126,380,380,5,1.0658141036401503e-13,47,0.031671297321464155,0.49473684210526314,0.34805876878074721,0.2534111922141119,1.0339160881911271,0.62091090785423353,0.22237047549960196,1.0394000443451805,-0.0054839561540533932,instrument_5
B5,2,2023-2024,0.01,lam=0.01,False,False,126,760,380,8,6.111083861171096e-14,4,8.0807152227012367,0.42368421052631577,0.37890050329074715,0.37144922432155908,1.43670622067397,0.78138787000802368,0.26974075861480218,0.86910638750900049,0.56759983316496954,instrument_4
B5,2,2023-2024,0.029999999999999999,lam=0.03,False,False,126,760,380,8,4.4785355979293229e-14,4,7.580817710687092,0.4263157894736842,0.38080526519550911,0.37319152530590061,1.4185911298329139,0.77468814907995309,0.26734815814355356,0.86920617338832984,0.54938495644458407,instrument_4
B5,2,2023-2024,0.10000000000000001,lam=0.1,False,False,126,760,380,8,6.4295790913604378e-14,4,6.5025160475047352,0.42894736842105263,0.37838946960898179,0.37075487831173398,1.3750572633278455,0.75766346543029295,0.26138554903115924,0.86981045245801258,0.50524681086983292,instrument_4
B5,2,2023-2024,0.29999999999999999,lam=0.3,False,False,126,760,380,8,4.4391573750246494e-14,4,5.0631805339299962,0.45263157894736844,0.39875338753387535,0.39307675183448393,1.3093444227826987,0.72993777452057163,0.25193545724922889,0.87179521452217501,0.43754920826052368,instrument_4
B5,2,2023-2024,1,lam=1,False,True,126,760,380,7,1.1461892546194008e-10,4,3.4355844179960853,0.46842105263157896,0.40908246225319395,0.40531011448345899,1.2255045320414151,0.6921686064277035,0.239351601999094,0.87681485412229643,0.34868967791911865,instrument_4
B5,2,2023-2024,3,lam=3,False,False,126,760,380,7,3.6248781754011361e-14,4,2.2606677115242801,0.49473684210526314,0.4269918699186992,0.42445190215715806,1.1554085644789722,0.66092528186266108,0.22909093985497062,0.88432318042887625,0.27108538405009597,instrument_4
B5,2,2023-2024,10,lam=10,False,False,126,760,380,6,2.6372104500183013e-10,4,1.3727526345036793,0.51578947368421058,0.44435152922957805,0.44004315537503502,1.0878462548518784,0.63130606754499918,0.21899647118884225,0.89554899479883798,0.19229726005304038,instrument_4
B5,2,2023-2024,30,lam=30,False,False,126,760,380,6,1.0100253966527362e-13,4,0.86671672913916298,0.5368421052631579,0.46200542005420053,0.45532172311455116,1.0339547730790377,0.60633222268023801,0.21008535952116908,0.90802480132348906,0.12592997175554865,instrument_4
B5,2,2023-2024,100,lam=100,True,False,126,760,380,6,3.6859404417555197e-14,4,0.51869639921718103,0.55526315789473679,0.4691134339914827,0.45230725705596225,0.98992685179154893,0.58402767620655016,0.20242635440477472,0.92478709278276694,0.065139759008781994,instrument_4
B5,2,2023-2024,300,lam=300,False,False,126,760,380,6,3.1974423109204508e-14,4,0.31014326786969837,0.57105263157894737,0.47135114208284939,0.43584557466597768,0.96842832938021028,0.57215940189829084,0.19899379754526919,0.94380904588581382,0.02461928349439646,instrument_5
B5,2,2023-2024,1000,lam=1000,True,False,126,760,380,5,1.0275147399596563e-10,4,0.17442515602294015,0.5736842105263158,0.46677506775067751,0.41489850458460326,0.96321753350006534,0.56929913857007219,0.19922123349079798,0.96611158034762135,-0.0028940468475560088,instrument_5
B5,2,2023-2024,3000,lam=3000,False,False,126,760,380,5,1.2789769243681803e-13,4,0.10436467834677933,0.57894736842105265,0.46736353077816489,0.41537029650312457,0.97329928481396466,0.57649648742711634,0.20346553145743282,0.98758264078814961,-0.014283355974184953,instrument_5
B5,2,2023-2024,10000,lam=10000,False,False,126,760,380,5,2.9842794901924208e-13,4,0.051630952240321257,0.53157894736842104,0.41214092140921404,0.35312681925422068,1.0006797404324599,0.59666667955353814,0.21366932794138072,1.0158605581869828,-0.015180817754522957,instrument_5
B5,3,2024-2025,0.01,lam=0.01,False,False,126,1140,380,8,1.9543347212628345e-11,4,10.17098846516785,0.44210526315789472,0.40669599217986319,0.39612786549753265,1.1450829678716314,0.6696956058787088,0.23006518994703631,0.89856681943254513,0.24651614843908631,instrument_4
B5,3,2024-2025,0.029999999999999999,lam=0.03,False,False,126,1140,380,7,3.3592168944499706e-10,4,8.7202292883615584,0.43947368421052629,0.40454545454545454,0.39442987958756942,1.1426540543428712,0.66903238702290024,0.22985974494953706,0.89878428221392337,0.24386977212894778,instrument_4
B5,3,2024-2025,0.10000000000000001,lam=0.1,False,False,126,1140,380,7,7.9287271192995945e-14,4,6.8993271515528765,0.44473684210526315,0.40816226783968723,0.39887745015268045,1.1365562809256686,0.66715111205892252,0.22929313216099725,0.89950491123322418,0.23705136969244445,instrument_4
B5,3,2024-2025,0.29999999999999999,lam=0.3,False,False,126,1140,380,7,6.0049187844413154e-14,4,5.0499149752630101,0.45263157894736844,0.41785597914630174,0.40944721275169743,1.1268409403549335,0.66355292605713734,0.22824216041705639,0.90122305775754252,0.22561788259739102,instrument_4
B5,3,2024-2025,1,lam=1,False,True,126,1140,380,6,5.3620705098289534e-10,4,3.2325488256721093,0.45000000000000001,0.41645487129358094,0.40967426532263262,1.1105223025001021,0.65628025917005528,0.22625769152898773,0.90480341259544894,0.20571888990465315,instrument_4
B5,3,2024-2025,3,lam=3,False,False,126,1140,380,6,1.4258094704899804e-11,4,2.0699457870881139,0.4631578947368421,0.42259693711306617,0.41332662495537181,1.0887696293675702,0.64562881443080422,0.22332543902551955,0.90934735795116783,0.17942227141640232,instrument_4
B5,3,2024-2025,10,lam=10,False,False,126,1140,380,6,8.2858719885336996e-13,4,1.2633324930220058,0.47894736842105262,0.42596937113066141,0.40551518824900112,1.0606980979067953,0.63156074503010928,0.2186876887544921,0.91558148791889937,0.14511660998789588,instrument_4
B5,3,2024-2025,30,lam=30,False,False,126,1140,380,6,4.0856207306205761e-14,4,0.80200512189387885,0.48947368421052634,0.42965135223199735,0.39541590771098972,1.0382485291154973,0.62004093536653737,0.21411516159443114,0.92256607399364421,0.11568245512185305,instrument_4
B5,3,2024-2025,100,lam=100,True,False,126,1140,380,6,4.8849813083506888e-14,4,0.50096717918430433,0.50789473684210529,0.44227761485825995,0.3917573001971979,1.0186755628412139,0.60954424141474928,0.20977784568059801,0.93163488880788481,0.087040674033329046,instrument_4
B5,3,2024-2025,300,lam=300,False,False,126,1140,380,6,4.9737991503207013e-14,4,0.32136586606713596,0.51315789473684215,0.44408602150537635,0.38105342932929137,1.0060319581827017,0.60218801219659501,0.20701023627345722,0.94260791229424989,0.063424045888451852,instrument_5
B5,3,2024-2025,1000,lam=1000,True,False,126,1140,380,5,8.7846174778860586e-10,4,0.19322396373742731,0.51315789473684215,0.4433365917236885,0.37902628831735785,1.0020073533703342,0.59931538933105988,0.20643349204453271,0.95774531181423062,0.044262041556103582,instrument_5
B5,3,2024-2025,3000,lam=3000,False,False,126,1140,380,5,5.4294346796268655e-12,4,0.12438316558562176,0.5,0.43033561420658195,0.36606901870059766,1.0087665486096924,0.60316305457315522,0.20879230936905577,0.97388349095096016,0.034883057658732231,instrument_5
B5,3,2024-2025,10000,lam=10000,False,False,126,1140,380,5,1.8474111129762605e-13,4,0.069113869236991712,0.48684210526315791,0.41283805799934831,0.33931651004821739,1.0287555715263244,0.6165796096215983,0.21567749980628434,0.99902039627948735,0.029735175246836998,instrument_5
B5,4,2025-2026,0.01,lam=0.01,False,False,126,1520,380,8,1.6691639902395063e-10,2,9.0582164948347206,0.43421052631578949,0.39202737375251995,0.35668107134305554,1.137551499277047,0.67570353120526394,0.22637276550210855,0.91709739902600718,0.22045410025103984,instrument_4
B5,4,2025-2026,0.029999999999999999,lam=0.03,False,False,126,1520,380,8,1.0886777590535246e-13,2,7.6565247042113711,0.43421052631578949,0.39202737375251995,0.35636424394319133,1.1362508118462056,0.67506226268302105,0.2261883094775331,0.91723530065400793,0.21901551119219764,instrument_4
B5,4,2025-2026,0.10000000000000001,lam=0.1,False,False,126,1520,380,7,7.0303138310912061e-14,2,6.1142899016614676,0.43947368421052629,0.39614260008996854,0.35966025243398508,1.1328862446390506,0.67346285386594662,0.2257218292424312,0.91763400163200148,0.21525224300704915,instrument_4
B5,4,2025-2026,0.29999999999999999,lam=0.3,False,False,126,1520,380,6,4.6350811066359597e-10,2,4.643244843597591,0.43947368421052629,0.39700896352943138,0.36008914090948679,1.1271536980771062,0.67087915674847587,0.22496693376056687,0.91856116089993489,0.2085925371771713,instrument_4
B5,4,2025-2026,1,lam=1,False,True,126,1520,380,6,1.3055629667635404e-10,2,3.0992698892071107,0.43947368421052629,0.39527623665050565,0.35902861700623823,1.1187065762356092,0.66740607051725331,0.22398774662359489,0.92072465953197202,0.19798191670363718,instrument_4
B5,4,2025-2026,3,lam=3,False,False,126,1520,380,6,2.5984436824444401e-11,2,2.0221260375470269,0.45000000000000001,0.40177396244647712,0.36419850598847442,1.1102252232462588,0.66416966993161886,0.22310701846046099,0.92379507946827344,0.18643014377798539,instrument_4
B5,4,2025-2026,10,lam=10,False,False,126,1520,380,6,1.9330093081748601e-12,2,1.2596110538826282,0.44736842105263158,0.39742131920494495,0.35318273699618058,1.0992126623882086,0.65954745409779758,0.22172628764149135,0.9281532985954144,0.17105936379279418,instrument_4
B5,4,2025-2026,30,lam=30,False,False,126,1520,380,6,7.3274719625260332e-14,2,0.816981644966422,0.45263157894736844,0.40125539394545245,0.35143210501166483,1.087500410426157,0.65383895626153177,0.21994831499289472,0.93323295513498727,0.1542674552911697,instrument_4
B5,4,2025-2026,100,lam=100,True,False,126,1520,380,6,5.4178883601707639e-14,2,0.51990153484564949,0.46052631578947367,0.40686593025774309,0.3458605664488017,1.0726031277906389,0.64558959125632198,0.21740265103809886,0.94013657000250161,0.13246655778813732,instrument_4
B5,4,2025-2026,300,lam=300,False,False,126,1520,380,6,8.7735374521002996e-14,2,0.3441776681950211,0.47105263157894739,0.41423001949317739,0.34902098018630534,1.0579577584981004,0.6366737846752768,0.21467821246505714,0.9486196090535669,0.10933814944453346,instrument_5
B5,4,2025-2026,1000,lam=1000,True,False,126,1520,380,6,9.9475983006414026e-14,2,0.21356479140359952,0.48947368421052634,0.42863331167424734,0.36158560393854505,1.0458264119372711,0.62861594242564645,0.21235913406299012,0.96130804495516242,0.084518366982108684,instrument_5
B5,4,2025-2026,3000,lam=3000,False,False,126,1520,380,5,2.9343638630052737e-11,2,0.13954133507912542,0.49736842105263157,0.43220706086203164,0.36405337781484565,1.0417550173110657,0.62545498863313842,0.21178014627281214,0.97579110486699672,0.065963912444068962,instrument_5
B5,4,2025-2026,10000,lam=10000,False,False,126,1520,380,5,3.694822225952521e-13,2,0.080973962463197657,0.49210526315789471,0.42029456356941736,0.35080307738812766,1.0478402491718719,0.62914238589025895,0.21408341593813454,0.99867462126880047,0.04916562790307144,instrument_5
B6,1,2022-2023,0.01,lam=0.01,False,False,132,380,380,14,1.3745081461902231e-14,53,5.8741004603787879,0.45263157894736844,0.39738425894086599,0.38666994791025799,1.3205199597541621,0.72333258421563829,0.25598979222220503,0.83368621116228347,0.48683374859187867,instrument_4
B6,1,2022-2023,0.029999999999999999,lam=0.03,False,False,132,380,380,13,1.3418086086680603e-14,53,5.4863031838167409,0.45263157894736844,0.39738425894086599,0.38656313072309495,1.303323069344825,0.71911554942624412,0.25439773277806982,0.83379874928097109,0.46952432006385392,instrument_4
B6,1,2022-2023,0.10000000000000001,lam=0.1,False,False,132,380,380,12,2.4863791581175576e-14,53,4.6472317762487894,0.44736842105263158,0.39578089395669142,0.38618618050696268,1.2709477453088955,0.70989043402363461,0.25108879282654584,0.83447200376579167,0.43647574154310387,instrument_4
B6,1,2022-2023,0.29999999999999999,lam=0.3,False,False,132,380,380,11,1.6750489884032049e-14,53,3.6239663211361797,0.44736842105263158,0.39702740372932799,0.38701257295231467,1.2310390566769853,0.69792284764099932,0.24717838499180372,0.83646783267982261,0.39457122399716271,instrument_4
B6,1,2022-2023,1,lam=1,False,True,132,380,380,10,1.4377388168895777e-14,53,2.5721232806550116,0.45000000000000001,0.39931219405587726,0.38680273386818603,1.1841334813800015,0.68300079317307039,0.24272669037114961,0.8411988973545802,0.34293458402542132,instrument_4
B6,1,2022-2023,3,lam=3,False,False,132,380,380,9,1.5244749906884181e-14,53,1.8085108902839415,0.45789473684210524,0.40272715324295039,0.38819999078174822,1.1413573762353242,0.66773756642294024,0.23802847922252293,0.84877836332708156,0.29257901290824262,instrument_4
B6,1,2022-2023,10,lam=10,False,False,132,380,380,8,1.2545520178264269e-14,53,1.1854095137964515,0.46842105263157896,0.40920021640555865,0.39180640894350577,1.0944871357863128,0.64805251716748147,0.23097451072659067,0.86202004002155741,0.23246709576475544,instrument_4
B6,1,2022-2023,30,lam=30,False,False,132,380,380,7,2.1760371282653068e-14,53,0.78030279010602133,0.48421052631578948,0.42131629139558663,0.40273418604389549,1.0548425125791652,0.62867330807356092,0.22320240361889093,0.87983182401351123,0.17501068856565394,instrument_4
B6,1,2022-2023,100,lam=100,True,False,132,380,380,6,4.9737991503207013e-14,53,0.46477636324257388,0.50789473684210529,0.42752152211356093,0.39241465706232387,1.0199964459428035,0.60971678495730519,0.21538404320977872,0.90740655281932325,0.11258989312348022,instrument_4
B6,1,2022-2023,300,lam=300,False,False,132,380,380,5,1.1648904063576992e-11,53,0.26959955700058907,0.51052631578947372,0.41828760696104544,0.37047524609434007,1.0019052778823843,0.59868823182394204,0.21093881931462546,0.93876563900911014,0.063139638873274118,instrument_5
B6,1,2022-2023,1000,lam=1000,False,False,132,380,380,5,4.0856207306205761e-14,53,0.14528020882416584,0.52894736842105261,0.42645592341443955,0.37269769621138632,0.99993897067164961,0.59681244528410071,0.21050639335862528,0.97373266123864644,0.026206309433003172,instrument_5
B6,1,2022-2023,3000,lam=3000,True,False,132,380,380,5,4.2632564145606011e-14,53,0.077217957415563726,0.51578947368421058,0.3962072862651243,0.34107625941361408,1.013298528374986,0.60575843570098364,0.21497158023400856,1.0067211041473383,0.0065774242276477324,instrument_5
B6,1,2022-2023,10000,lam=10000,False,False,132,380,380,5,9.2370555648813024e-14,53,0.031671297321464155,0.49473684210526314,0.34805876878074721,0.2534111922141119,1.0339160881911271,0.62091090785423353,0.22237047549960196,1.0394000443451805,-0.0054839561540533932,instrument_5
B6,2,2023-2024,0.01,lam=0.01,False,False,132,760,380,8,5.2402526762307389e-14,4,10.935838055866574,0.41052631578947368,0.37344173441734413,0.3641958987014513,1.7917536664358238,0.86405037989829192,0.28961084648145158,0.85622813957093047,0.93552552686489332,instrument_4
B6,2,2023-2024,0.029999999999999999,lam=0.03,False,False,132,760,380,8,4.3711562147663585e-14,4,9.8967576723225328,0.4263157894736842,0.38703058459156026,0.3759476207500298,1.7189647829791068,0.84906702063737216,0.28545834165821804,0.85650215957157061,0.86246262340753621,instrument_4
B6,2,2023-2024,0.10000000000000001,lam=0.1,False,False,132,760,380,8,3.3334446314370325e-14,4,7.8573249440171624,0.42105263157894735,0.37945025164537355,0.36686617574546793,1.5724059470666085,0.81375620025502993,0.2753686860889431,0.85791069467320091,0.71449525239340761,instrument_4
B6,2,2023-2024,0.29999999999999999,lam=0.3,False,False,132,760,380,8,4.2688075296837269e-14,4,5.6601734781822008,0.45000000000000001,0.40468447541618269,0.39817398935410903,1.4147061851238509,0.76599457744106203,0.26127522799526992,0.86134522011981951,0.55336096500403142,instrument_4
B6,2,2023-2024,1,lam=1,False,True,132,760,380,7,2.6874291680911711e-10,4,3.6952695591846236,0.46052631578947367,0.41497483546264036,0.41251364744916769,1.2690465293892377,0.71283914642247537,0.24539377180272004,0.86787612417007309,0.40117040521916458,instrument_4
B6,2,2023-2024,3,lam=3,False,False,132,760,380,7,7.2386541205560206e-14,4,2.3946131010894929,0.48947368421052634,0.43859852884243128,0.43907326878554126,1.1672580378117359,0.66984282901209891,0.23228940603146564,0.87673167805454144,0.29052635975719443,instrument_4
B6,2,2023-2024,10,lam=10,False,False,132,760,380,6,5.4422777395757294e-10,4,1.4326672598393881,0.51578947368421058,0.45680216802168022,0.45769087905466388,1.0873263081538267,0.63338816156552191,0.22061016774295625,0.88949496768454217,0.19783134046928452,instrument_4
B6,2,2023-2024,30,lam=30,False,False,132,760,380,6,4.7295500849031669e-14,4,0.89512283130781989,0.53421052631578947,0.46391018195896244,0.46159778794900674,1.0331147323291514,0.60716002907934186,0.21134907180283161,0.90323326366079515,0.12988146866835626,instrument_4
B6,2,2023-2024,100,lam=100,True,False,132,760,380,6,2.6423307986078726e-14,4,0.53285869264936025,0.55000000000000004,0.46233836624080521,0.44379477595336625,0.99112909552925821,0.58508199450917542,0.2034916145684138,0.92117766707548943,0.069951428453768782,instrument_4
B6,2,2023-2024,300,lam=300,False,False,132,760,380,5,6.02326855059232e-10,4,0.3174195799810321,0.57105263157894737,0.47296167247386761,0.43657487012927937,0.96926179016332947,0.5726585908866052,0.19957349110825182,0.94133165299400545,0.027930137169324021,instrument_5
B6,2,2023-2024,1000,lam=1000,True,False,132,760,380,5,8.2245099619626671e-11,4,0.1768775884173813,0.57631578947368423,0.46867982965543947,0.41585147379138793,0.96315082162714527,0.56921930903056805,0.19936076032808381,0.96487007850646178,-0.0017192568793165108,instrument_5
B6,2,2023-2024,3000,lam=3000,False,False,132,760,380,5,1.3500311979441904e-13,4,0.1049307767181499,0.57894736842105265,0.46736353077816489,0.41471483392880776,0.97307802673309429,0.5763559416910875,0.20347407656047009,0.98710630599047,-0.014028279257375709,instrument_5
B6,2,2023-2024,10000,lam=10000,False,False,132,760,380,5,1.8474111129762605e-13,4,0.051706787092787955,0.53947368421052633,0.41946573751451804,0.36183063393044507,1.0004235978290934,0.59650507208761228,0.21361142762822669,1.0157131993432744,-0.015289601514181017,instrument_5
B6,3,2024-2025,0.01,lam=0.01,False,False,132,1140,380,8,4.2940647368980896e-11,4,9.595510479742666,0.44210526315789472,0.40887911371782337,0.40069455755170114,1.1726931242297389,0.68301731762265705,0.23363131111498808,0.89188949077969459,0.28080363345004433,instrument_4
B6,3,2024-2025,0.029999999999999999,lam=0.03,False,False,132,1140,380,7,8.1553974691343529e-10,4,8.2144614829086411,0.44210526315789472,0.40744542196155104,0.39888712054229297,1.1707381426601287,0.68254542763370052,0.2335010129490325,0.89208416823658498,0.27865397442354367,instrument_4
B6,3,2024-2025,0.10000000000000001,lam=0.1,False,False,132,1140,380,7,5.3818061118704463e-14,4,6.5356446180775025,0.44210526315789472,0.40676115998696644,0.39934281908963259,1.1657799633990416,0.68112196705772887,0.23310366854547834,0.89270973421214217,0.27307022918689938,instrument_4
B6,3,2024-2025,0.29999999999999999,lam=0.3,False,False,132,1140,380,7,4.9377169020203837e-14,4,4.8745461922520237,0.43684210526315792,0.40208536982730531,0.39426981475005718,1.1575732534814094,0.67819388212553888,0.23228970777224936,0.89418417163975128,0.2633890818416581,instrument_4
B6,3,2024-2025,1,lam=1,False,True,132,1140,380,6,8.3146808882439416e-10,4,3.2330325362694485,0.44736842105263158,0.41287064190289996,0.40606595420459346,1.1425900953659567,0.67162081551481412,0.23050379524032374,0.89736849721655021,0.24522159814940647,instrument_4
B6,3,2024-2025,3,lam=3,False,False,132,1140,380,6,2.1849300146925543e-11,4,2.141065225720832,0.45526315789473687,0.4150863473444118,0.40825967462064305,1.1203790256707165,0.66061788977256242,0.22729152216021709,0.90173044099682786,0.21864858467388859,instrument_4
B6,3,2024-2025,10,lam=10,False,False,132,1140,380,6,8.2878148788267936e-13,4,1.3300729998215912,0.48684210526315791,0.4402737047898338,0.42829819510231876,1.0879234459636375,0.64398904546205649,0.22161191783670431,0.90831152316189556,0.17961192280174199,instrument_4
B6,3,2024-2025,30,lam=30,False,False,132,1140,380,6,6.0840221749458578e-14,4,0.84745045430262755,0.49736842105263157,0.4414630172694689,0.41737624356081632,1.0589507674694443,0.62913294695916677,0.21598839639670625,0.91602822898874869,0.14292253848069558,instrument_4
B6,3,2024-2025,100,lam=100,True,False,132,1140,380,6,4.8627768478581856e-14,4,0.5295589204751816,0.51842105263157889,0.45661453242098404,0.4213351535376007,1.0313561797116235,0.61513481922893876,0.21085870342696819,0.92616063616591693,0.10519554354570659,instrument_4
B6,3,2024-2025,300,lam=300,False,False,132,1140,380,6,5.1514348342607263e-14,4,0.33698768516979555,0.51315789473684215,0.44514499837080485,0.38660029076695746,1.0122330856392694,0.60517495037956215,0.20760679948106031,0.93856605540895621,0.07366703023031318,instrument_5
B6,3,2024-2025,1000,lam=1000,True,False,132,1140,380,6,1.0125233984581428e-13,4,0.19860122327923033,0.50789473684210529,0.43866080156402737,0.374930302108678,1.0042672293116419,0.60053040071089681,0.2066750701844095,0.95554228053770518,0.048724948773936738,instrument_5
B6,3,2024-2025,3000,lam=3000,False,False,132,1140,380,5,7.7173822887743881e-12,4,0.12567100930119382,0.49736842105263157,0.42781036168132941,0.36363284650353034,1.0097053611218658,0.60366189022135097,0.20888963178535447,0.97291217535238173,0.036793185769484094,instrument_5
B6,3,2024-2025,10000,lam=10000,False,False,132,1140,380,5,1.9895196601282805e-13,4,0.06931549402548845,0.48684210526315791,0.41283805799934831,0.33913891989413752,1.0291659207271726,0.61679629963626637,0.21573142426489136,0.99864362661103356,0.030522294116139048,instrument_5
B6,4,2025-2026,0.01,lam=0.01,False,False,132,1520,380,8,3.8033719858450443e-10,2,8.9209806190232896,0.44210526315789472,0.4013616067709635,0.37070169413919413,1.1462374604044663,0.68005496369519625,0.2264991843728606,0.91375525971915195,0.23248220068531433,instrument_4
B6,4,2025-2026,0.029999999999999999,lam=0.03,False,False,132,1520,380,8,1.021405182655144e-13,2,7.5850749290179147,0.44473684210526315,0.4042855833791506,0.37301378075621699,1.1449874740691948,0.67941415544872019,0.22630389592334668,0.91388496456853874,0.23110250950065603,instrument_4
B6,4,2025-2026,0.10000000000000001,lam=0.1,False,False,132,1520,380,7,9.9817289850312463e-14,2,6.1281163937555654,0.44473684210526315,0.40341921993968777,0.3722988525440456,1.1416284068777385,0.67776029505404922,0.22579209598787534,0.91426045432964564,0.22736795254809283,instrument_4
B6,4,2025-2026,0.29999999999999999,lam=0.3,False,False,132,1520,380,6,8.1453888675208502e-10,2,4.7179617299666052,0.45000000000000001,0.40753444627713636,0.3756725973056832,1.1356730008218117,0.67500050453690896,0.2249450170381746,0.91516013398089391,0.22051286684091775,instrument_4
B6,4,2025-2026,1,lam=1,False,True,132,1520,380,6,2.3708355591234298e-10,2,3.1802539702185144,0.44210526315789472,0.39962887989203777,0.36897655568267762,1.1267001328574371,0.67129358712018361,0.2238963715959468,0.9173690802137564,0.20933105264368068,instrument_4
B6,4,2025-2026,3,lam=3,False,False,132,1520,380,6,4.6453771385124298e-11,2,2.0799552793787881,0.45000000000000001,0.4055205678012696,0.37245177516523365,1.1175556136745537,0.66791846260265597,0.22306158252372085,0.92059436709743425,0.19696124657711944,instrument_4
B6,4,2025-2026,10,lam=10,False,False,132,1520,380,6,3.2445712783157887e-12,2,1.2960388039272752,0.45789473684210524,0.40881316539211277,0.37131811439113099,1.1049367613845782,0.66275185332566811,0.22165795369005806,0.92520568422756488,0.17973107715701331,instrument_4
B6,4,2025-2026,30,lam=30,False,False,132,1520,380,6,1.0436096431476471e-13,2,0.83959242610914087,0.45263157894736844,0.40181769713933457,0.36047298256447385,1.0910319017017749,0.65602229388565647,0.21970788238111708,0.93059309387706224,0.16043880782471265,instrument_4
B6,4,2025-2026,100,lam=100,True,False,132,1520,380,6,5.595524044110789e-14,2,0.53269572627391992,0.46052631578947367,0.40599956681828031,0.34622770919067219,1.0739995635850954,0.64648237128468677,0.21696165882418025,0.93791276050112093,0.13608680308397447,instrument_4
B6,4,2025-2026,300,lam=300,False,False,132,1520,380,6,7.2830630415410269e-14,2,0.35139549036082751,0.46578947368421053,0.4101147931557288,0.34545599236033747,1.0579823837150157,0.63657978333626797,0.21418128914344714,0.94686143227332731,0.11112095144168843,instrument_5
B6,4,2025-2026,1000,lam=1000,True,False,132,1520,380,6,1.0302869668521453e-13,2,0.21672556652294328,0.48947368421052634,0.42863331167424734,0.36158560393854505,1.0452428921335761,0.62811610362710801,0.21201240429385215,0.96018559975548123,0.085057292378094895,instrument_5
B6,4,2025-2026,3000,lam=3000,False,False,132,1520,380,5,3.9270808827041037e-11,2,0.14040533252607013,0.49473684210526314,0.43014944769330737,0.36232381546783171,1.0414107252922633,0.62517104466406537,0.21164539222594486,0.97526246268714267,0.066148262605120633,instrument_5
B6,4,2025-2026,10000,lam=10000,False,False,132,1520,380,5,3.2684965844964609e-13,2,0.081069633246247524,0.49473684210526314,0.42235217673814168,0.35249926057379471,1.0477891622091133,0.62910179793631016,0.21407473413652905,0.99849091361014586,0.049298248598967476,instrument_5
