fold,test_season,cutoff,window_matches,c_pooled,c_home,c_away,rho,goals_home_multiplier,sot_home_multiplier,goals_degenerate,sot_degenerate,goals_converged,sot_converged
1,2022-2023,2022-08-05,380,0.32221903812714231,0.32549032543860196,0.31854526489810797,-0.014992741164636749,1.141282944711639,1.1181913852859613,0,0,True,True
1,2022-2023,2022-08-06,381,0.32292253908122059,0.32427261124395917,0.32140705709113276,-0.014919255107231409,1.1294320918426044,1.1197287493989203,0,0,True,True
1,2022-2023,2022-08-07,387,0.32311947770786548,0.32715515421502378,0.31851120707569702,-0.003782504434404586,1.1410333054417388,1.1238905978916034,2,1,True,True
1,2022-2023,2022-08-13,390,0.325492211727751,0.32610571983118425,0.32479076821437325,-0.0063448949498275788,1.1287032866956745,1.1338094301808728,2,1,True,True
1,2022-2023,2022-08-14,397,0.32774597125985805,0.3328219870418222,0.32179890603861228,-0.043941641189833847,1.1906844053149876,1.1505651354424749,1,1,True,True
1,2022-2023,2022-08-15,399,0.32662802756484222,0.33282977439795469,0.31939529510290415,-0.026306134358623591,1.2106154329732344,1.1637819172181754,0,0,True,True
1,2022-2023,2022-08-20,400,0.32636710236510036,0.33226931564423151,0.31947785647087923,-0.041968294936508936,1.2009703042425006,1.1596798671945501,0,0,True,True
1,2022-2023,2022-08-21,406,0.32524761315600598,0.32956771957102826,0.32020100308360533,-0.064397979658938606,1.1856275942089891,1.1530249904049987,0,0,True,True
1,2022-2023,2022-08-22,409,0.32633340395847799,0.33128442437176719,0.32057339005830859,-0.061767744275455332,1.209052039900731,1.1662042715299057,0,0,True,True
1,2022-2023,2022-08-27,410,0.32638837704529577,0.33238097648104925,0.31943711337634711,-0.059962883792225204,1.2261332236892128,1.1702215318957152,0,0,True,True
1,2022-2023,2022-08-28,417,0.32849210673202545,0.34028282288810724,0.3145822473778932,-0.038032419310224906,1.2489046002082835,1.1654373669383231,0,0,True,True
1,2022-2023,2022-08-30,420,0.32635174065655204,0.33759894598398599,0.31328057750437355,-0.032902232187827334,1.2355492691894676,1.161634909513779,0,0,True,True
1,2022-2023,2022-08-31,424,0.32598556548242924,0.33696382896260579,0.3131503977005014,-0.065070751136545091,1.2460621677713291,1.1696181945660249,0,0,True,True
1,2022-2023,2022-09-01,429,0.32571014326415704,0.33827766084535188,0.31071552856518159,-0.085488087612418065,1.2677268351835176,1.1751716039082365,0,0,True,True
1,2022-2023,2022-09-03,430,0.32546643498231936,0.3372766236805832,0.31138345641342241,-0.057348256609751472,1.2611438745009715,1.1763431819600993,0,0,True,True
1,2022-2023,2022-09-04,438,0.32334350075887497,0.33849689833469693,0.30548023009822706,-0.10023758239849119,1.2896419131895624,1.1747621709469873,0,0,True,True
1,2022-2023,2022-09-16,440,0.32580672915333386,0.34163483629566088,0.30691717114484801,-0.10229737670177981,1.3117804778649671,1.1904141570691897,0,0,True,True
1,2022-2023,2022-09-17,442,0.32697557376617575,0.34305708138938562,0.30788496770536466,-0.091536499219422376,1.3177035328958826,1.1914421156263635,0,0,True,True
1,2022-2023,2022-09-18,445,0.32795170322516493,0.34376289673944133,0.30921440005534978,-0.10271460209550218,1.3042237037461426,1.183742675381833,0,0,True,True
1,2022-2023,2022-10-01,447,0.32722546344078929,0.34321326560597798,0.30852647352803825,-0.089649252159779771,1.2928510488163893,1.176231447635868,0,0,True,True
1,2022-2023,2022-10-02,454,0.32809976990908912,0.34323931839647442,0.31062966039949663,-0.10877234893102911,1.2731533169627154,1.1595132253419169,0,0,True,True
1,2022-2023,2022-10-03,456,0.32847570895826855,0.34657920580829549,0.30778142364575206,-0.12286059505554403,1.2749940236585362,1.1446090002473646,0,0,True,True
1,2022-2023,2022-10-08,457,0.3290476470019213,0.34893294409139619,0.30619453918222284,-0.12080474647949298,1.2891209428104431,1.1440396829672723,0,0,True,True
1,2022-2023,2022-10-09,462,0.33158615602406039,0.35467069230359849,0.30449316312902103,-0.10841226274899515,1.3271092076693449,1.1585110139541779,0,0,True,True
1,2022-2023,2022-10-10,466,0.33423889583681132,0.35639577761901742,0.30797951886310043,-0.10515726342621774,1.3355597249907905,1.1675925625206818,0,0,True,True
1,2022-2023,2022-10-14,467,0.33449650934579161,0.35629587377857763,0.30863733417732681,-0.11931979664799924,1.3403173821040444,1.1756201811808455,0,0,True,True
1,2022-2023,2022-10-15,468,0.33342371611990879,0.35766955111221488,0.30488574693373022,-0.11881931002967298,1.3549244199618042,1.1708588898156842,0,0,True,True
1,2022-2023,2022-10-16,472,0.3318502235246184,0.3555897820975743,0.30360559908306928,-0.13560499288102973,1.3565349035984566,1.1752015827055231,0,0,True,True
1,2022-2023,2022-10-18,477,0.32552498693881787,0.3468873716159388,0.3001370962281325,-0.12683928783807558,1.3618916394334977,1.1878747359733843,0,0,True,True
1,2022-2023,2022-10-19,479,0.32408279209871527,0.34433658629252056,0.29979931236324114,-0.14189998168206422,1.353017747907624,1.188040141494497,0,0,True,True
1,2022-2023,2022-10-20,484,0.31765215055585266,0.336206492986384,0.2949934306588291,-0.12932012431899861,1.3662366227981422,1.2094177798676098,0,0,True,True
1,2022-2023,2022-10-22,486,0.31735523700966811,0.3388724738931253,0.29110548929025598,-0.13176395314737083,1.3886384768929367,1.2117315142184997,0,0,True,True
1,2022-2023,2022-10-23,490,0.31631230659515697,0.34095447797878353,0.28631987040130868,-0.10651068863619589,1.427075763645516,1.2213616838275367,0,0,True,True
1,2022-2023,2022-10-24,495,0.31809049359974623,0.33851598997298987,0.29307976763440768,-0.11711792518701054,1.4130365289403997,1.2306821730163382,0,0,True,True
1,2022-2023,2022-10-29,496,0.31792910107560207,0.33935148209683824,0.29168662017594288,-0.11733349681353906,1.4188621738218843,1.2277500747373002,0,0,True,True
1,2022-2023,2022-10-30,504,0.31397613144738395,0.33564363425549792,0.28737737174974615,-0.11806687919238718,1.4324561384922037,1.2338890812858003,0,0,True,True
1,2022-2023,2022-11-05,506,0.31378390900917541,0.33768091000594042,0.2842864310799661,-0.10663494203277729,1.4507424751266109,1.2295711400128686,0,0,True,True
1,2022-2023,2022-11-06,511,0.31766902798619057,0.34048760538716211,0.2898209549373772,-0.10705731337613196,1.4138251151922774,1.2121012081445113,0,0,True,True
1,2022-2023,2022-11-12,516,0.32032998382204969,0.34074975974342425,0.29567288842389705,-0.08771630209399213,1.3848772248080243,1.2067516806374905,0,0,True,True
1,2022-2023,2022-11-13,524,0.31943092411142648,0.3387343256714328,0.29603189199579155,-0.057550025903341101,1.367577935152235,1.2015959255343753,0,0,True,True
1,2022-2023,2022-12-26,526,0.31917295176275223,0.33746096933699932,0.29712079441123407,-0.057601600501100921,1.3497527215816632,1.197665148780126,0,0,True,True
1,2022-2023,2022-12-27,533,0.32057452977455542,0.33523629051168019,0.30358027129562637,-0.057284851185375074,1.2824077384569494,1.1637013953745889,0,0,True,True
1,2022-2023,2022-12-28,535,0.3194226236964226,0.33620878700297346,0.29982089190834021,-0.055653797080153784,1.2978926639537411,1.1632977451506681,0,0,True,True
1,2022-2023,2022-12-30,536,0.32007909064023082,0.33721939964145042,0.3003494613855443,-0.055843541663562375,1.297734862731887,1.1560664082107857,0,0,True,True
1,2022-2023,2022-12-31,538,0.31945986570068613,0.33513515686490009,0.30139485155589774,-0.057149899479569902,1.2820852533345339,1.150422067591313,0,0,True,True
1,2022-2023,2023-01-01,544,0.31941543645669662,0.33260932056444908,0.30438093572120867,-0.076132944914436854,1.2343622454389054,1.1308480746236333,0,0,True,True
1,2022-2023,2023-01-02,546,0.31929548572051442,0.33064664292569018,0.30635766653469632,-0.089966459528248055,1.2221459458093145,1.1318289041614336,0,0,True,True
1,2022-2023,2023-01-03,547,0.31917720880044237,0.33165559446668025,0.30495121947645309,-0.08911938023006731,1.2388273131217278,1.1397283732099197,0,0,True,True
1,2022-2023,2023-01-04,551,0.3175097319968565,0.32786697158468853,0.30565249325824728,-0.078149839091570111,1.22532327049564,1.1435662075829112,0,0,True,True
1,2022-2023,2023-01-05,555,0.31958958873711918,0.32560991193033545,0.31269480038695407,-0.077967493933765425,1.1900798561598458,1.1446551026365055,0,0,True,True
1,2022-2023,2023-01-12,556,0.31913527606343611,0.32468220632908878,0.31279560871419781,-0.066650556344728759,1.1888415727649251,1.1478659855379756,0,0,True,True
1,2022-2023,2023-01-13,557,0.31823131813766647,0.32620473657522869,0.30923096733087119,-0.067471822646201718,1.1932693947482689,1.1369763644359838,0,0,True,True
1,2022-2023,2023-01-14,558,0.31833820528782131,0.32675177617884554,0.30883418140956881,-0.06752954736026956,1.1958334112413269,1.1349866321912534,0,0,True,True
1,2022-2023,2023-01-15,564,0.31808964145609891,0.32846206920315907,0.30615023993705698,-0.055006481287845403,1.2393206582613796,1.1638189411749194,0,0,True,True
1,2022-2023,2023-01-18,567,0.31463175824819967,0.32343294683829504,0.30442232174671641,-0.031202737292016884,1.2344310692191356,1.1686639829167025,0,0,True,True
1,2022-2023,2023-01-19,568,0.31399708023964468,0.32255617408793791,0.30406339518635411,-0.045010538519512165,1.2382193564700206,1.1725594588709065,0,0,True,True
1,2022-2023,2023-01-21,569,0.31641825534129275,0.32548327997088977,0.3058596919341654,-0.041400149343577899,1.2404743735041932,1.1731838051777554,0,0,True,True
1,2022-2023,2023-01-22,575,0.31273952014775624,0.32382772956035538,0.30000459437170912,-0.067252531422292247,1.2549498539846256,1.1612742056122085,0,0,True,True
1,2022-2023,2023-01-23,578,0.31356807287382704,0.32450789277600023,0.30080613770231701,-0.087480151817830643,1.2610857388284462,1.1711363325551354,0,0,True,True
1,2022-2023,2023-02-03,579,0.31245121417837307,0.32227901635152062,0.3009628348030785,-0.064565014753971875,1.2571638844658459,1.1778236160531297,0,0,True,True
1,2022-2023,2023-02-04,580,0.31072196695708904,0.32085906554118637,0.29890112453486251,-0.078792285618623101,1.2567921830729631,1.1720088564073863,0,0,True,True
1,2022-2023,2023-02-05,587,0.31217838513792834,0.32517479262021853,0.29695847969946609,-0.041638711085421568,1.274749306204557,1.1761186933021652,0,0,True,True
1,2022-2023,2023-02-08,589,0.3103786920158097,0.32570327163184548,0.29257164343540742,-0.004882879993251067,1.2949694402072598,1.1715416897983326,0,0,True,True
1,2022-2023,2023-02-11,590,0.31130625672944057,0.32530412571532974,0.29493165694495083,-0.0042983648388107906,1.285832248914248,1.1747194690393543,0,0,True,True
1,2022-2023,2023-02-12,597,0.31220073661310016,0.32840536609533511,0.29336548462464201,-0.042099956108067119,1.3099704868315007,1.1717057334866889,0,0,True,True
1,2022-2023,2023-02-13,599,0.31155420600415551,0.32574940498355981,0.29489693675127909,-0.042070271054705566,1.2995713221801741,1.1814852540173681,0,0,True,True
1,2022-2023,2023-02-15,600,0.31141937440588835,0.32581203817282217,0.29441743908706708,-0.042119024595936951,1.3042455100579942,1.1834839041929406,0,0,True,True
1,2022-2023,2023-02-18,601,0.31278655635902192,0.32675081340060502,0.296429352894024,-0.041276068540892788,1.2906797387363795,1.1760795164291902,0,0,True,True
1,2022-2023,2023-02-19,609,0.30917546167493459,0.31718728280700165,0.29976712250008336,0.002026510063306571,1.2516278579620614,1.1823020827805348,0,0,True,True
1,2022-2023,2023-02-24,611,0.30876645052235357,0.31793257547514042,0.29786751574003772,-0.0031922191607517106,1.2700721596551099,1.1915212297944768,0,0,True,True
1,2022-2023,2023-02-25,612,0.30864645225328113,0.31712661479732174,0.2985268924738475,-0.014839592760357364,1.2641447941265791,1.1953997495593223,0,0,True,True
1,2022-2023,2023-02-26,618,0.30979723763934081,0.31837304123184068,0.29968684421931052,0.0093183707688925064,1.2736342623740982,1.2005279440386343,0,0,True,True
1,2022-2023,2023-03-01,619,0.3101266419301133,0.31978293481499998,0.29873253987083248,0.0067868823759398315,1.2821271298350778,1.2001170081562473,0,0,True,True
1,2022-2023,2023-03-04,621,0.3106618911734379,0.32314732151309072,0.29585080956156024,0.0077709105650554822,1.3000911024488571,1.1959436934438419,0,0,True,True
1,2022-2023,2023-03-05,628,0.31005252961931667,0.32537478098900613,0.29148411877046765,0.061648549603645041,1.3424410943950664,1.205127368078126,0,0,True,True
1,2022-2023,2023-03-06,630,0.31371564316057837,0.33202910455755913,0.29141990478956964,0.061775437621441748,1.3727604633314576,1.210117780408134,0,0,True,True
1,2022-2023,2023-03-11,631,0.31482476962603412,0.33334343307459269,0.29228177301965874,0.057527675563155307,1.3727035142563915,1.2110562311826782,0,0,True,True
1,2022-2023,2023-03-12,637,0.31362514071915032,0.33247544241642535,0.29088171254301676,0.10085617318643712,1.3938817040320994,1.2174888706309082,0,0,True,True
1,2022-2023,2023-03-15,641,0.31067669368638884,0.3278168830642908,0.29007346669877626,0.064445282684768318,1.3697658645223958,1.2126952265048043,0,0,True,True
1,2022-2023,2023-03-17,643,0.30972736344609064,0.32656817443022806,0.28957810556791935,0.0729719918706878,1.3612767920077025,1.1993855788738577,0,0,True,True
1,2022-2023,2023-03-18,644,0.31031728467342218,0.32659462309408965,0.29088741385941513,0.0713138682754626,1.3590071790277269,1.2007961283136399,0,0,True,True
1,2022-2023,2023-03-19,649,0.31474729756225106,0.32687420292490876,0.29996906441484,0.066760382633910278,1.3413078587082021,1.2226009003313754,0,0,True,True
1,2022-2023,2023-04-01,650,0.31624429619377087,0.32984885367866057,0.29966273294697759,0.065677824214592784,1.3485204852649721,1.2188619805484742,0,0,True,True
1,2022-2023,2023-04-02,657,0.31719044017448,0.3250564723350669,0.307118511472047,0.0470995113748547,1.3536689529165384,1.2655881659247787,0,0,True,True
1,2022-2023,2023-04-03,659,0.31661930391160892,0.32555972914063619,0.30513003387738746,0.053714097095828625,1.3649211339613143,1.2704642841378591,0,0,True,True
1,2022-2023,2023-04-04,660,0.31624148437551036,0.32436023247942708,0.30576292674587702,0.040742025520311129,1.3696307244940435,1.278567145193187,0,0,True,True
1,2022-2023,2023-04-05,664,0.31476277400585517,0.32164227982222099,0.30593461818145251,0.029630024108209564,1.3603085383516154,1.2829195554695245,0,0,True,True
1,2022-2023,2023-04-08,666,0.31656589376460076,0.32212869314715742,0.30948498261298157,0.04273927907630503,1.3427352184428887,1.2736624587097336,0,0,True,True
1,2022-2023,2023-04-09,674,0.31439345111757716,0.31937159152604777,0.30810048678868662,0.079566112409051648,1.3337542704376075,1.2769269090579431,0,0,True,True
1,2022-2023,2023-04-15,676,0.31561550360046009,0.31798823582591262,0.31262840449898832,0.074986819359536758,1.3056925005391897,1.2710748424190306,0,0,True,True
1,2022-2023,2023-04-16,683,0.31538020762060215,0.3171325630122121,0.31318144900383832,0.075050865472351402,1.2905218995904382,1.2602850960610601,0,0,True,True
1,2022-2023,2023-04-17,685,0.31600889829344642,0.31838318674032179,0.31307633074402763,0.076031402789010771,1.2888992833169404,1.2482370894854993,0,0,True,True
1,2022-2023,2023-04-21,686,0.31853930155898519,0.31843683241858078,0.31866501585029544,0.07046302952740191,1.268647319967187,1.2451847826257472,0,0,True,True
1,2022-2023,2023-04-22,687,0.32000005078635013,0.31976426855533907,0.32028884130746282,0.07343820863754412,1.2527582470786054,1.240371054834309,0,0,True,True
1,2022-2023,2023-04-23,692,0.31950138371174774,0.31939121877590437,0.31963715136761733,0.054881418170419818,1.2441476254929085,1.242995906795918,0,0,True,True
1,2022-2023,2023-04-25,694,0.32124980473522446,0.32156797013772176,0.32085908708636968,0.05538907771465082,1.2426230725835623,1.2366437668733954,0,0,True,True
1,2022-2023,2023-04-26,697,0.32115868465299496,0.32287361674428938,0.31905168685372698,0.051065218890693348,1.2558589881393543,1.2365959635587036,0,0,True,True
1,2022-2023,2023-04-27,701,0.3231328249186099,0.3246640575972875,0.32124539093878857,0.049649360594120055,1.2672033628553412,1.2443703550059138,0,0,True,True
1,2022-2023,2023-04-29,704,0.32291780359146266,0.32288779744643153,0.32295444505312654,0.055027674229702853,1.2519254119537351,1.237372205877366,0,0,True,True
1,2022-2023,2023-04-30,707,0.32667764145854283,0.32844708002820028,0.32448957230689635,0.055941630461567429,1.2790436595623842,1.2465729551680069,0,0,True,True
1,2022-2023,2023-05-01,712,0.32912458629667324,0.33451077081834835,0.32253127170111301,0.061236522951081958,1.2910910049156952,1.2341629860296839,0,0,True,True
1,2022-2023,2023-05-02,713,0.32875292525556565,0.33450290626812323,0.32174387656564679,0.060912010352901509,1.2859069085522403,1.2282238957773524,0,0,True,True
1,2022-2023,2023-05-03,714,0.32838522006276205,0.33412059705117658,0.32135405178487797,0.059825564170271954,1.2886206994375899,1.2338549465717277,0,0,True,True
1,2022-2023,2023-05-04,716,0.32782177631341175,0.33484721387085714,0.31917216111279806,0.066727107906056085,1.2924271931218287,1.2276009401655221,0,0,True,True
1,2022-2023,2023-05-06,717,0.32623607514225617,0.33373442429051903,0.31700580531636147,0.076685048881301884,1.2955560972105835,1.225985706048651,0,0,True,True
1,2022-2023,2023-05-07,722,0.32577344755571169,0.33299716643154881,0.31684222833644471,0.11097073216245731,1.2846079181693943,1.2222414636560868,0,0,True,True
1,2022-2023,2023-05-08,724,0.32385612322765933,0.3308223418015388,0.31527470715765676,0.12308908424915242,1.279373810917209,1.221057312902549,0,0,True,True
1,2022-2023,2023-05-13,727,0.32958227584449967,0.3358927629619255,0.32187015270875252,0.12640345912304385,1.2559671429406187,1.2096047448239218,0,0,True,True
1,2022-2023,2023-05-14,733,0.3314661605844571,0.3361720639441983,0.32563256479701463,0.12180861808747742,1.2668514362663259,1.2232222324886,0,0,True,True
1,2022-2023,2023-05-15,736,0.33051440603677573,0.33292393537466108,0.32753496277380229,0.1236431794019692,1.2491790843396351,1.2291009596681426,0,0,True,True
1,2022-2023,2023-05-18,737,0.33052939750458205,0.3314991585101531,0.32933305745105712,0.12333363150902921,1.2408522375699207,1.2294833523432207,0,0,True,True
1,2022-2023,2023-05-20,738,0.33134590405594094,0.33259727758111235,0.32979118236830463,0.11966103810948803,1.2499391952436603,1.2394038796629419,0,0,True,True
1,2022-2023,2023-05-21,744,0.32944729801431516,0.32907970765473232,0.3299031168792233,0.12153256782964174,1.2446064855193668,1.244880221015096,0,0,True,True
1,2022-2023,2023-05-22,747,0.32912508214951852,0.32986267426419941,0.32820408732507877,0.1260725420944645,1.2460883571466643,1.2447342159733883,0,0,True,True
1,2022-2023,2023-05-24,748,0.32816450035041178,0.32847745233962583,0.32777260066533709,0.10924347581137984,1.2398922648625208,1.2445069249300726,0,0,True,True
1,2022-2023,2023-05-25,749,0.32721872322422335,0.32710576475766945,0.32736047540160584,0.09905206541249989,1.2453302011174292,1.2492271889861766,0,0,True,True
1,2022-2023,2023-05-28,750,0.32746441847913282,0.32821722871167175,0.3265169952589792,0.097438205997552929,1.2546701511608211,1.2505360605948106,0,0,True,True
2,2023-2024,2023-08-11,760,0.32872034984031562,0.3298569790558763,0.32727794584982062,0.099309869191709227,1.2819966456311171,1.265864959327057,0,0,True,True
2,2023-2024,2023-08-12,761,0.3287582447807913,0.32931507693793954,0.32806208140903098,0.099696132248280653,1.2765356536649326,1.2617964087129463,0,0,True,True
2,2023-2024,2023-08-13,767,0.32415124227029957,0.32397914629526942,0.32437216066836,0.10158280023832122,1.288048569218327,1.2834362634589875,1,0,True,True
2,2023-2024,2023-08-14,769,0.32456990949649023,0.32361447948484556,0.32579828281238782,0.088460040446313185,1.2865003133791857,1.2895885140696812,1,0,True,True
2,2023-2024,2023-08-18,770,0.32292857533048652,0.32365890397967262,0.32199630551417618,0.093423194011007835,1.2872988241831094,1.2748018705602413,1,0,True,True
2,2023-2024,2023-08-19,771,0.32357300380462506,0.32475499166252625,0.32206378792482454,0.087054560756456664,1.2837503465379421,1.2603208505691683,0,0,True,True
2,2023-2024,2023-08-20,776,0.32123305617943843,0.32210124888229297,0.32013887837504618,0.10374093839756146,1.2616313724026438,1.246686078583267,0,0,True,True
2,2023-2024,2023-08-21,778,0.32280514601889559,0.32626774942840547,0.31840580852700623,0.1041357337607741,1.2915459160075613,1.2604799923644563,0,0,True,True
2,2023-2024,2023-08-25,779,0.32229499343749518,0.32529774225516389,0.31849016072839642,0.11747232513790914,1.2888832221014996,1.2601199957880815,0,0,True,True
2,2023-2024,2023-08-26,780,0.32237905419303936,0.32589701174933428,0.3178756943220884,0.11760938654584895,1.2881117497886769,1.2599624019231248,0,0,True,True
2,2023-2024,2023-08-27,786,0.32025316694338046,0.31681161744240238,0.32473265296415921,0.11455954520327291,1.2391303366022028,1.2624882008296221,0,0,True,True
2,2023-2024,2023-09-01,789,0.32031037589110395,0.31567873538509461,0.32623234691098779,0.11656797862170998,1.2350999559814462,1.264890951565419,0,0,True,True
2,2023-2024,2023-09-02,790,0.32171344123931184,0.31667607923288582,0.32812765449595427,0.1158783933238222,1.24474545893892,1.2684585697696944,0,0,True,True
2,2023-2024,2023-09-03,796,0.32644630186549378,0.3220933322688006,0.33194132542755994,0.13015691339068847,1.2514335995133989,1.2635822836392789,0,0,True,True
2,2023-2024,2023-09-16,799,0.32839505728652063,0.32560192719562708,0.33196327644318496,0.13268564784771997,1.2696111167423803,1.2734279202079277,0,0,True,True
2,2023-2024,2023-09-17,806,0.32708219817158751,0.3268667840117786,0.32734810557939625,0.15557183033675326,1.2471704661725393,1.2288572007212883,0,0,True,True
2,2023-2024,2023-09-18,808,0.32400809607903197,0.32452770983678592,0.32337335608269269,0.15131865434010228,1.2531950023505547,1.2246243354889887,0,0,True,True
2,2023-2024,2023-09-23,809,0.32379694233507195,0.32410073813787038,0.32342565886247648,0.13843768693587044,1.2396419933197009,1.2193086986239083,0,0,True,True
2,2023-2024,2023-09-24,814,0.32118903671425364,0.32192205026581283,0.32030424961007581,0.11702220914470296,1.2239949804418089,1.2041764259756145,0,0,True,True
2,2023-2024,2023-09-30,819,0.32323504198652231,0.32321374889531274,0.32326003174805246,0.12069107341942018,1.1882289306826521,1.1705431049659762,0,0,True,True
2,2023-2024,2023-10-01,827,0.32355861866019192,0.32383894074088437,0.3232256910358029,0.13739063247315378,1.2014357040291332,1.1838166294454993,0,0,True,True
2,2023-2024,2023-10-02,828,0.32360241813460755,0.32477198432347021,0.32222277140462213,0.12253246485428247,1.2044965978877229,1.1772463610533133,0,0,True,True
2,2023-2024,2023-10-03,829,0.32340410611742848,0.3234243900358284,0.32338023548602068,0.1244856367037822,1.1895648611242422,1.1778640969922016,0,0,True,True
2,2023-2024,2023-10-07,830,0.32395524123729658,0.32346560086318271,0.32453010187501746,0.12507419413521162,1.1817689481893114,1.1765477386604541,0,0,True,True
2,2023-2024,2023-10-08,836,0.32333046900471857,0.32294570659098198,0.32378343392815201,0.12425990329356493,1.1956977584632495,1.1791868277975279,0,0,True,True
2,2023-2024,2023-10-21,840,0.32593561815458594,0.32626152226393018,0.32555356320830026,0.11970157961113359,1.2126658912175661,1.1851766316875589,0,0,True,True
2,2023-2024,2023-10-22,848,0.32612350687972291,0.32630861183369192,0.32590029242805324,0.11950298440065034,1.22673314871218,1.2176865704314874,0,0,True,True
2,2023-2024,2023-10-23,849,0.32717871955743816,0.32865002127078785,0.32539922043971753,0.12136313553330368,1.2366029619734444,1.2176323697851208,0,0,True,True
2,2023-2024,2023-10-27,850,0.32671729078441314,0.3291366588487995,0.32378564640800639,0.12074027827217347,1.2431177159809277,1.2151494375433305,0,0,True,True
2,2023-2024,2023-10-28,851,0.32801187644846264,0.32915420984235222,0.32662420637271211,0.12012516855796773,1.2395625313958205,1.2199207786200081,0,0,True,True
2,2023-2024,2023-10-29,855,0.32990003933495815,0.33154782476727318,0.32788130470632559,0.11501602772380981,1.2428588041674642,1.2208402125634932,0,0,True,True
2,2023-2024,2023-11-04,860,0.32807507382817636,0.32940454260059437,0.32644572796609755,0.1199066047182822,1.2246971424173769,1.2122628450263211,0,0,True,True
2,2023-2024,2023-11-05,867,0.33264248862333823,0.33440580090927524,0.33046073851598506,0.13724291865417534,1.2431399459378205,1.2281138319157616,0,0,True,True
2,2023-2024,2023-11-06,869,0.33143771977441217,0.33483408402304055,0.32725269754765873,0.12119453532074421,1.2726256018033517,1.2359485125623748,0,0,True,True
2,2023-2024,2023-11-11,870,0.33193947840608956,0.33394511376462138,0.3294838506031999,0.12419886862863937,1.2490254676290355,1.2272254602602621,0,0,True,True
2,2023-2024,2023-11-12,875,0.33126423378650399,0.33479729823025628,0.32691844856097252,0.12860702150461156,1.2619589577804251,1.2295348533804635,0,0,True,True
2,2023-2024,2023-11-25,880,0.33251455288494736,0.33682743732610704,0.32715913505486788,0.1140376288924244,1.2681641499497225,1.2299771947172684,0,0,True,True
2,2023-2024,2023-11-26,887,0.33327607260570924,0.3388967813652391,0.32646895991245378,0.10166083184366227,1.2631339808160824,1.2134969050905959,0,0,True,True
2,2023-2024,2023-11-27,889,0.33208499633496413,0.33401619522437326,0.32973667594644956,0.10099282075460546,1.2418458325788007,1.2192815524516749,0,0,True,True
2,2023-2024,2023-12-02,890,0.33280938149714551,0.33531247010729964,0.32977077394196269,0.10231768701378491,1.2454275447986234,1.2171581345721312,0,0,True,True
2,2023-2024,2023-12-03,895,0.33425918847073827,0.33871674499516619,0.32876473112111054,0.12915182195953098,1.2572739128593937,1.2200659454535219,0,0,True,True
2,2023-2024,2023-12-05,900,0.33839828507090164,0.3418617941804451,0.33411482660027103,0.109100564195595,1.2439601888317577,1.2165459740194522,0,0,True,True
2,2023-2024,2023-12-06,902,0.33925445403717197,0.34345794251427281,0.33410031888971703,0.12774441548827417,1.2443191517332739,1.2116187419431377,0,0,True,True
2,2023-2024,2023-12-07,908,0.3379187395132493,0.34183193067734885,0.33307046397986295,0.1414675565299911,1.2721449495613206,1.2404392374400992,0,0,True,True
2,2023-2024,2023-12-09,910,0.33718501198553713,0.34129604071658493,0.33207255958068038,0.14073084757628607,1.2830129366196468,1.2436786144401719,0,0,True,True
2,2023-2024,2023-12-10,916,0.33421760071080853,0.33551050626823004,0.33260187138049024,0.13997707419986816,1.272767302118724,1.2510895302497569,0,0,True,True
2,2023-2024,2023-12-15,920,0.33419207777074583,0.33889878395855272,0.32827947162722565,0.13773326505897765,1.318152476246272,1.2657446986205501,0,0,True,True
2,2023-2024,2023-12-16,921,0.33396829181869803,0.33849599979160527,0.32832439554252379,0.13760999227597079,1.3124519078849559,1.2602833115277747,0,0,True,True
2,2023-2024,2023-12-17,925,0.33244317284236041,0.33601686064247943,0.3279320535730415,0.13716028408301714,1.3041950157140285,1.26290195687581,0,0,True,True
2,2023-2024,2023-12-21,929,0.33034011461063856,0.33367463374795386,0.3260758588362066,0.11820585633486434,1.3139840076306162,1.278078874895916,0,0,True,True
2,2023-2024,2023-12-22,930,0.32970802178887965,0.33367344570736335,0.32466429848442629,0.1056058796741418,1.3153422579582084,1.2740905555690301,0,0,True,True
2,2023-2024,2023-12-23,931,0.32972218789115704,0.33328439144215505,0.32518364862301663,0.091496525138495793,1.3018794362769452,1.2675757368912066,0,0,True,True
2,2023-2024,2023-12-24,937,0.32815414082109834,0.33140003159288606,0.3240259811791581,0.098665029929451795,1.2990595559464857,1.2738560126022433,0,0,True,True
2,2023-2024,2023-12-26,938,0.32776810596403566,0.33141315333945626,0.32313417669328526,0.097605970026871991,1.3045246630062901,1.2754064612765459,0,0,True,True
2,2023-2024,2023-12-27,943,0.32918658859864192,0.33257983161765337,0.32492188589534682,0.10426170639700638,1.2973883855519484,1.2677128657309933,0,0,True,True
2,2023-2024,2023-12-28,946,0.3306931029936836,0.33332824180784987,0.32743145566371246,0.10457424990011922,1.2751778612224158,1.2520013857073253,0,0,True,True
2,2023-2024,2023-12-30,948,0.3309332162517406,0.33150090807502858,0.33022310075198752,0.10510610173811619,1.2681725031383007,1.2584326072022043,0,0,True,True
2,2023-2024,2023-12-31,954,0.33320106584185538,0.33657288414825659,0.32897888118673324,0.10228304056077828,1.2809032738067854,1.2522523566264054,0,0,True,True
2,2023-2024,2024-01-01,956,0.33399548979916616,0.33832025403584298,0.32857286986161988,0.10240493259676429,1.29250611220293,1.2573069869471929,0,0,True,True
2,2023-2024,2024-01-02,957,0.33398843030995634,0.33718197493227509,0.3299359607049398,0.098651302307419697,1.2956909557116938,1.2691603286598068,0,0,True,True
2,2023-2024,2024-01-12,958,0.33200916693293697,0.33646467234501565,0.32640392514601158,0.062285376324610509,1.2972361450421559,1.2632492073176029,0,0,True,True
2,2023-2024,2024-01-13,959,0.33076411096614988,0.33493877410764616,0.32550798205912113,0.04908877568328418,1.2965939749054682,1.2646279428105589,0,0,True,True
2,2023-2024,2024-01-14,961,0.3297633181688373,0.33529870022771474,0.32287814329636705,0.064944718111694458,1.2969264911322973,1.2542260742874762,0,0,True,True
2,2023-2024,2024-01-20,963,0.32917580020387277,0.33604002810867434,0.32072976368143286,0.045145176584772004,1.2993774514176466,1.2428282850812238,0,0,True,True
2,2023-2024,2024-01-21,965,0.33156382707748183,0.34101062210731742,0.31992454397826509,0.045565529328761664,1.3155707004584203,1.2393874505718498,0,0,True,True
2,2023-2024,2024-01-22,967,0.33264173984656381,0.34056427939682288,0.32296732184909122,0.045193856252928918,1.3040357905017315,1.2368528312778446,0,0,True,True
2,2023-2024,2024-01-30,968,0.33116258385740155,0.33899053218936032,0.32159995490039889,0.022341630608853628,1.3026952553457902,1.2332807621232262,0,0,True,True
2,2023-2024,2024-01-31,973,0.33166009887474168,0.33881059936312641,0.32288587156805248,0.0079232631394017226,1.3062546491726268,1.2451914237282582,0,0,True,True
2,2023-2024,2024-02-01,976,0.33361387319462388,0.34175273246041088,0.32352776243828713,0.0081482764652331726,1.3077548345516299,1.239366475786555,0,0,True,True
2,2023-2024,2024-02-03,978,0.33466771811056417,0.34242237429697014,0.32511124875920422,-0.0019837050684920442,1.2955358359750799,1.2352117699887031,0,0,True,True
2,2023-2024,2024-02-04,983,0.33791409786691728,0.34592329213635054,0.32824468234193249,-0.00075812332521156978,1.2781631471657371,1.2137660098882792,0,0,True,True
2,2023-2024,2024-02-05,987,0.33943312950791049,0.3482388910794873,0.32880821926434367,-0.015210513555550554,1.2824849065850912,1.2097727045595605,0,0,True,True
2,2023-2024,2024-02-10,988,0.33815548165407749,0.34818899041992446,0.32624978987070763,-0.014768900548838147,1.2778475307886223,1.1957595257223637,0,0,True,True
2,2023-2024,2024-02-11,995,0.33957370040878765,0.34793369729921425,0.32957485375172246,-0.011375328335257052,1.2562154747559118,1.1907974917598718,0,0,True,True
2,2023-2024,2024-02-12,997,0.33927127216059988,0.34482921667530403,0.33269120759099563,-0.0087738253934681078,1.2251225054889525,1.183368410473032,0,0,True,True
2,2023-2024,2024-02-17,998,0.33983533778054376,0.34441184649870649,0.33442861695654108,-0.0084928097697051716,1.2164667499169468,1.1806604462326189,0,0,True,True
2,2023-2024,2024-02-18,1005,0.33935938849890973,0.34109864406237678,0.33734100377998122,-0.01949523198361252,1.1816926051174907,1.1662227275138053,0,0,True,True
2,2023-2024,2024-02-19,1007,0.3392748446945163,0.34032420462609919,0.33807944777625909,-0.020287337965641139,1.1650057330478003,1.1554488591603314,0,0,True,True
2,2023-2024,2024-02-20,1008,0.33885659995760198,0.33992677795921616,0.33763823381875618,-0.030732302362858802,1.163381824335787,1.154439000114122,0,0,True,True
2,2023-2024,2024-02-21,1009,0.33686480734753521,0.3369305700780475,0.33678921716981958,-0.023262503143123218,1.1617491892107141,1.1597014614539713,0,0,True,True
2,2023-2024,2024-02-24,1010,0.336637436815939,0.33651801142790955,0.33677614695507874,-0.023292333568794531,1.1648428698250197,1.1650519424373158,0,0,True,True
2,2023-2024,2024-02-25,1016,0.336716947064923,0.33602974556158749,0.33753057979151529,-0.023419204768600092,1.1749627471183293,1.1806715654798905,0,0,True,True
2,2023-2024,2024-02-26,1017,0.33612898094887206,0.33637880692723326,0.33583405089992102,-0.014440717038191435,1.1725577579583153,1.17322792379701,0,0,True,True
2,2023-2024,2024-03-02,1018,0.33687358300006914,0.33848831533643342,0.33497428735658513,-0.015452457498857874,1.180109979637135,1.1710013650821305,0,0,True,True
2,2023-2024,2024-03-03,1025,0.33692032719481729,0.3386166487740323,0.33491299836024002,-0.0023942733894580406,1.1953501648705851,1.1868780724719985,0,0,True,True
2,2023-2024,2024-03-04,1027,0.33688365000917708,0.33680036405767144,0.33698316806437556,-0.0013528032184855988,1.1925122432060971,1.1957131592002885,0,0,True,True
2,2023-2024,2024-03-09,1028,0.33837946560762672,0.33680036405767144,0.3402429424589275,0.00049035843202048729,1.181335919209163,1.1894605993449423,0,0,True,True
2,2023-2024,2024-03-10,1033,0.33480434828111733,0.33458588787088428,0.33506245805842977,-0.011064478595962315,1.1793274216136709,1.1801829578069756,0,0,True,True
2,2023-2024,2024-03-11,1037,0.33477714650353679,0.33387513772378574,0.33583359334226676,-0.0055444941745862002,1.1566332389452023,1.1668398809452565,0,0,True,True
2,2023-2024,2024-03-13,1038,0.33551560855218604,0.33421626986613701,0.3370445266437358,-0.0052777031936061449,1.1610071148527463,1.1725155680322998,0,0,True,True
2,2023-2024,2024-03-16,1039,0.33681288996953634,0.33490007976516462,0.33907612635421031,-0.0035056860752770615,1.1634761221105632,1.1771939561447606,0,0,True,True
2,2023-2024,2024-03-17,1042,0.33505698890146068,0.33521939040648274,0.33486522106591959,-0.016232862642370165,1.1810437342147997,1.1807943310757552,0,0,True,True
2,2023-2024,2024-03-30,1043,0.33429501587258448,0.33451460912825681,0.33403595871828468,-0.027014908659654127,1.182935709009302,1.1834443331294973,0,0,True,True
2,2023-2024,2024-03-31,1051,0.33444112860634917,0.3351686377360989,0.33357791420688182,-0.051200831446538274,1.1872438918331853,1.1833551430360254,0,0,True,True
2,2023-2024,2024-04-02,1053,0.33346211429527106,0.33408006930226342,0.33272647320879556,-0.070978705297759251,1.1867528028969201,1.1845846708399568,0,0,True,True
2,2023-2024,2024-04-03,1058,0.33211515115917062,0.33230110993582984,0.33189157581831852,-0.087998132541671728,1.1985027934864452,1.2016485822132268,0,0,True,True
2,2023-2024,2024-04-04,1061,0.33099231176367638,0.33266711776296742,0.3289682100185391,-0.10624249878666629,1.2042336592683731,1.1998783697741764,0,0,True,True
2,2023-2024,2024-04-06,1063,0.33215955253992774,0.33336638499554155,0.33068687867822433,-0.10242371155724425,1.2000330561019119,1.200682720046875,0,0,True,True
2,2023-2024,2024-04-07,1070,0.33367589200620973,0.33168347333976816,0.33609891695805699,-0.069058525113714311,1.1823895071978276,1.2021216849283725,0,0,True,True
2,2023-2024,2024-04-13,1073,0.33403418256550227,0.3327105243586102,0.33564157545990492,-0.069579454286516421,1.1943853583974771,1.2093675336070795,0,0,True,True
2,2023-2024,2024-04-14,1079,0.33511087470668577,0.33539042936984725,0.33476600023080982,-0.079299843795754998,1.217840298701679,1.2222960793313296,0,0,True,True
2,2023-2024,2024-04-15,1082,0.33217878032178977,0.33075004898071175,0.3339292826696138,-0.049595451509126753,1.1867118319602594,1.2099966176235888,0,0,True,True
2,2023-2024,2024-04-20,1083,0.33327453084322317,0.33340187686904654,0.33311733581812264,-0.04766683715867532,1.2042933223230421,1.2172509208478344,0,0,True,True
2,2023-2024,2024-04-21,1086,0.33236185726174255,0.32973396160412216,0.33555359508216281,-0.042133511483556672,1.1739352007651547,1.2058118378707114,0,0,True,True
2,2023-2024,2024-04-23,1090,0.33490583269267366,0.33408051545790424,0.33590759025619027,-0.043766711088125416,1.1910031414968323,1.2061452547583305,0,0,True,True
2,2023-2024,2024-04-24,1091,0.33562273188141023,0.33572251227115313,0.33550055763247966,-0.04398318468944689,1.202447364560677,1.2123660694188849,0,0,True,True
2,2023-2024,2024-04-25,1095,0.33271517035442277,0.33371885921699629,0.33147816347933934,-0.030949050519496771,1.2201076536452296,1.223224235099007,0,0,True,True
2,2023-2024,2024-04-27,1096,0.33325296617608013,0.33274711996739059,0.33387375359665106,-0.031594350610116027,1.2062795407692957,1.2211040213110038,0,0,True,True
2,2023-2024,2024-04-28,1103,0.33152158543781285,0.33434895999276582,0.32808715153536777,-0.040538750299157718,1.2121553230156215,1.210023322639467,0,0,True,True
2,2023-2024,2024-05-02,1106,0.33344092998462865,0.33591583733651487,0.330437289710515,-0.041885981786734909,1.2207214023351425,1.2181214951430177,0,0,True,True
2,2023-2024,2024-05-03,1107,0.33308717647513592,0.33622537408483194,0.32927353528305875,-0.041729136268409302,1.2287150514068255,1.2202833210061097,0,0,True,True
2,2023-2024,2024-05-04,1108,0.33273413986702999,0.33556631151672905,0.32928787542158111,-0.052304925220157242,1.2288234331894101,1.2232104845780125,0,0,True,True
2,2023-2024,2024-05-05,1113,0.33257815160025261,0.33423783502607629,0.33054239345915698,-0.06819147322966905,1.2230421398700289,1.2264752151671015,0,0,True,True
2,2023-2024,2024-05-06,1116,0.33123264436060734,0.33267824473098262,0.32941958592822063,-0.047849162722387553,1.2455720987306955,1.2463152762132645,0,0,True,True
2,2023-2024,2024-05-11,1117,0.33124552826190085,0.33329478728508616,0.32865761127651405,-0.048108236209814928,1.2589207774703035,1.2539919036957285,0,0,True,True
2,2023-2024,2024-05-12,1125,0.33149618323840441,0.32936815359644278,0.33420037180283912,-0.049411082627998912,1.2342511232988906,1.266194487143619,0,0,True,True
2,2023-2024,2024-05-13,1126,0.3308243523530584,0.32876821167232984,0.33342686881756151,-0.041469094611896018,1.2366598031762126,1.2668082217566166,0,0,True,True
2,2023-2024,2024-05-14,1127,0.3318575947375158,0.3300056842974492,0.33419338380524699,-0.040120645429283799,1.2364054068130499,1.266217022083858,0,0,True,True
2,2023-2024,2024-05-15,1128,0.33118557417149264,0.32849720257304094,0.33457233513846363,-0.040318284779671983,1.2354140770134989,1.2694903617222679,0,0,True,True
2,2023-2024,2024-05-19,1130,0.33121169419355934,0.32914914179171079,0.33379209206981986,-0.038292500201770156,1.236426775298276,1.2604233878601929,0,0,True,True
3,2024-2025,2024-08-16,1140,0.33132747924477468,0.32732560935025717,0.33635718819806831,-0.037767853441729012,1.2168767694505982,1.2515217192273955,0,0,True,True
3,2024-2025,2024-08-17,1141,0.33018002257180035,0.32633305282628544,0.3350338622068314,-0.015955536153499386,1.2202946823354726,1.2551325176307637,0,0,True,True
3,2024-2025,2024-08-18,1147,0.32861508121010896,0.32351806777181086,0.3349567215844968,-0.029303354889062293,1.1967166620050462,1.2465140620739192,1,0,True,True
3,2024-2025,2024-08-19,1149,0.32757751957444725,0.32262964571578123,0.3336811775141913,-0.028635942496264492,1.2007863358568647,1.2456914495291052,1,0,True,True
3,2024-2025,2024-08-24,1150,0.32651519064434165,0.32267824467264389,0.33120839037183297,-0.046264591103287359,1.2019651928364583,1.2417966949982548,1,0,True,True
3,2024-2025,2024-08-25,1157,0.32846166926235359,0.32662982351411102,0.33069703157837083,-0.039245453060253593,1.2011317466884437,1.2185768959223857,0,0,True,True
3,2024-2025,2024-08-31,1160,0.32992779256567772,0.32629753278184992,0.33434276894864218,-0.056268452788397372,1.1869401091176006,1.2132430506180962,0,0,True,True
3,2024-2025,2024-09-01,1167,0.32828047361347362,0.3237676168716952,0.33369822234520696,-0.099065902360950087,1.1726127263481221,1.206659958913233,0,0,True,True
3,2024-2025,2024-09-14,1170,0.32811904284169063,0.32203794534227481,0.33540482943510297,-0.11376943657730994,1.160234344656832,1.211264861177727,0,0,True,True
3,2024-2025,2024-09-15,1178,0.32313000475349285,0.31214161333104751,0.33646683838866431,-0.06872312103191687,1.111414826703526,1.2067724189657731,0,0,True,True
3,2024-2025,2024-09-21,1180,0.32118739736978102,0.30908511037239339,0.33583109707893494,-0.056984932716012952,1.1138799379119766,1.2098769919525827,0,0,True,True
3,2024-2025,2024-09-22,1188,0.31447132580984166,0.30535649343310195,0.32554904333359619,-0.10982105324406637,1.1321265241503247,1.209631945231062,0,0,True,True
3,2024-2025,2024-09-28,1190,0.3157605173748872,0.30498028185965886,0.32898363205660386,-0.10622257172265821,1.1284638101209126,1.2172001913469792,0,0,True,True
3,2024-2025,2024-09-29,1197,0.31736958157618977,0.30771436248452072,0.32919996605185248,-0.11709496310226945,1.1424950238503013,1.2248042227857521,0,0,True,True
3,2024-2025,2024-09-30,1199,0.31785170689412062,0.30750662132979745,0.33037651879401364,-0.11867114712702925,1.1330793458589352,1.2141725092488178,0,0,True,True
3,2024-2025,2024-10-05,1200,0.31869324793278625,0.30906207513641809,0.33039102853664404,-0.11498785746747592,1.1350848577388704,1.2132244409313016,0,0,True,True
3,2024-2025,2024-10-06,1207,0.31991831558402456,0.31098682160897478,0.33104322010033249,-0.10359391186249718,1.1484000217286439,1.2341552656980748,0,0,True,True
3,2024-2025,2024-10-19,1210,0.31829236802992061,0.31093148116047348,0.32737958989229804,-0.14381898705621821,1.1458662323899871,1.2264952985740198,0,0,True,True
3,2024-2025,2024-10-20,1217,0.31808578863074399,0.30860801773162871,0.32986776981225813,-0.10566302269378144,1.1482773832906024,1.2353899798600301,0,0,True,True
3,2024-2025,2024-10-21,1219,0.31875296421544902,0.30972092622001807,0.32991887173643908,-0.10591732157800154,1.1562712598383116,1.2347332014058001,0,0,True,True
3,2024-2025,2024-10-25,1220,0.31645669590377262,0.30858508925134881,0.32615395878763187,-0.09288342464228945,1.1620962629711948,1.2296946036634238,0,0,True,True
3,2024-2025,2024-10-26,1221,0.31802472330869558,0.30952279538924288,0.32842571563900474,-0.089400129685271848,1.1524364704517154,1.2275475622808105,0,0,True,True
3,2024-2025,2024-10-27,1226,0.31672058048877283,0.30673479167887524,0.32912297964991533,-0.11698242156452758,1.1348384836005674,1.2272476783329411,0,0,True,True
3,2024-2025,2024-11-02,1230,0.316884479792437,0.3082323692812331,0.32763552564178433,-0.091991918423151617,1.1472472926155379,1.2310745220034429,0,0,True,True
3,2024-2025,2024-11-03,1237,0.31457842885395276,0.31016440178443222,0.32004050976991738,-0.058985472344888441,1.192353687524381,1.2376972758518945,0,0,True,True
3,2024-2025,2024-11-04,1239,0.31639702323993624,0.31256220184323025,0.32117283818324177,-0.069693253258372223,1.207045012489347,1.2422700611387445,0,0,True,True
3,2024-2025,2024-11-09,1240,0.31539887137041062,0.31036991932791619,0.32173730897941777,-0.070098322747832634,1.2107005665262351,1.2548741005485768,0,0,True,True
3,2024-2025,2024-11-10,1246,0.31373002018343377,0.30998256922119466,0.3184666635608564,-0.089188034549615269,1.2192639862979497,1.2593705598594334,0,0,True,True
3,2024-2025,2024-11-23,1250,0.31528751900490321,0.3120273125486927,0.31937065060622299,-0.099214546415699323,1.2067049533546321,1.2388162564398963,0,0,True,True
3,2024-2025,2024-11-24,1257,0.31703367022181572,0.3098754062468847,0.3259094467526486,-0.10808409092082014,1.1632142735396733,1.2245237258529322,0,0,True,True
3,2024-2025,2024-11-25,1259,0.31615918355633194,0.30935376894389272,0.32451638071065364,-0.11308368946053465,1.1704577988672578,1.2291866278511139,0,0,True,True
3,2024-2025,2024-11-29,1260,0.31578647824681422,0.30856086029578778,0.32459906748263784,-0.11206023997357559,1.1543168660120413,1.2185486955411242,0,0,True,True
3,2024-2025,2024-11-30,1261,0.31563511841751923,0.30785162895537488,0.32515997414144238,-0.12264737432648604,1.1485626471556463,1.2173832845640498,0,0,True,True
3,2024-2025,2024-12-01,1266,0.32062330104447834,0.31157822233729482,0.33165400319897703,-0.11743846432284151,1.1411388488805523,1.212404744115646,0,0,True,True
3,2024-2025,2024-12-03,1270,0.32002954942854367,0.31511441940981466,0.32606833705932886,-0.13595066758298438,1.167339967877334,1.2153263954208646,0,0,True,True
3,2024-2025,2024-12-04,1272,0.31884769360295762,0.3157140051316093,0.32265974759699501,-0.12623135793938026,1.175320585973215,1.2123513176939298,0,0,True,True
3,2024-2025,2024-12-05,1278,0.32210222603727529,0.3209116880144538,0.32355990998829898,-0.12277981486422856,1.2109886809334425,1.2240416571578339,0,0,True,True
3,2024-2025,2024-12-07,1280,0.32178856293377611,0.32185828459914212,0.3217030500755827,-0.1010886465072592,1.2267044619727678,1.2289984998196044,0,0,True,True
3,2024-2025,2024-12-08,1284,0.32530510005891783,0.32374240782573083,0.32724630666005233,-0.088104682408579452,1.226513695214779,1.2436400349390986,0,0,True,True
3,2024-2025,2024-12-09,1288,0.32721997146535925,0.32624320310140814,0.32841102534921174,-0.097119058917224679,1.2247170515086454,1.2353122608280789,0,0,True,True
3,2024-2025,2024-12-14,1289,0.32725525813049516,0.32705539993968297,0.3274983659213509,-0.096524579421143522,1.2273291507907576,1.2307360267930265,0,0,True,True
3,2024-2025,2024-12-15,1294,0.32720889796515895,0.32535193217855235,0.32951767341773486,-0.10163966345630475,1.2235485809474764,1.2444063853272411,0,0,True,True
3,2024-2025,2024-12-16,1298,0.32841687490529187,0.3228554603031793,0.33527561411922896,-0.094227871299647659,1.183162748945108,1.2323023046992421,0,0,True,True
3,2024-2025,2024-12-21,1299,0.32719172549441233,0.32068314187191849,0.33526737286569613,-0.10632435802059853,1.1795276086833173,1.2380745645839994,0,0,True,True
3,2024-2025,2024-12-22,1304,0.32718291626275581,0.31754131936357,0.33891057769398075,-0.11425063220257477,1.1506540307167699,1.2287810922811202,0,0,True,True
3,2024-2025,2024-12-26,1309,0.32574564250781585,0.3116401667816715,0.34277220321851704,-0.12857607594930415,1.1130026284325572,1.2231672147736881,0,0,True,True
3,2024-2025,2024-12-27,1317,0.32164028824405166,0.30866598278361629,0.33752112906760601,-0.1327822986671264,1.1202296465830117,1.2311281088364432,0,0,True,True
3,2024-2025,2024-12-29,1319,0.31933798706009892,0.3057205053906597,0.33615868188052267,-0.145865798878345,1.1174596281201792,1.23246588990919,0,0,True,True
3,2024-2025,2024-12-30,1325,0.31889397144585174,0.30395609739419915,0.33687433956925122,-0.1451297067843044,1.0884324484422119,1.2081862377648935,0,0,True,True
3,2024-2025,2025-01-01,1328,0.31928157159155973,0.30498310184874433,0.33638898817796953,-0.1436458301403733,1.0943281253344699,1.207979424930707,0,0,True,True
3,2024-2025,2025-01-04,1329,0.32031877593921632,0.30540469312454127,0.33808626393437846,-0.143951201711325,1.091596561763027,1.2087109307416877,0,0,True,True
3,2024-2025,2025-01-05,1336,0.32134879833725472,0.30467336097855968,0.3413252204847822,-0.1604727109452237,1.0883324198893749,1.2082363983199342,0,0,True,True
3,2024-2025,2025-01-06,1338,0.32281125393003418,0.3056807692938438,0.34336787184416945,-0.15936750941956271,1.079296900949555,1.2027308740790497,0,0,True,True
3,2024-2025,2025-01-14,1339,0.32286591092976014,0.30374229017101761,0.34587265530957734,-0.16168066490641861,1.0704219664547783,1.2072975904791219,0,0,True,True
3,2024-2025,2025-01-15,1343,0.32314461336251488,0.30517397657391537,0.34463187561535774,-0.17408156672089709,1.0799116661725703,1.2113471397148425,0,0,True,True
3,2024-2025,2025-01-16,1347,0.3223611627956196,0.30529995891952716,0.34269260935527479,-0.16405985898854697,1.0766514060688293,1.2081901990702579,0,0,True,True
3,2024-2025,2025-01-18,1349,0.32172709746719885,0.30459129646661848,0.34214925484483005,-0.16583868690224265,1.0726982551021607,1.2056663127604592,0,0,True,True
3,2024-2025,2025-01-19,1354,0.32073974441827668,0.30099856278100384,0.3438767009179835,-0.1588442257491593,1.0432658715404419,1.1966812799354574,0,0,True,True
3,2024-2025,2025-01-20,1358,0.32513176884032774,0.30328489187984847,0.35047702869466596,-0.15426714935489644,1.025888804119701,1.1894927257697436,0,0,True,True
3,2024-2025,2025-01-25,1359,0.32536996365301574,0.30420218038350344,0.34998813913363663,-0.15441599165139158,1.0277129187979228,1.1888788275843047,0,0,True,True
3,2024-2025,2025-01-26,1365,0.32637096822709238,0.30761225166096073,0.34828092546606143,-0.11680278139096216,1.053359407192658,1.1888013294177449,0,0,True,True
3,2024-2025,2025-02-01,1369,0.32556793388928162,0.30499522901115056,0.34963752952767235,-0.11037331549904576,1.0330733598085666,1.1820171121242256,0,0,True,True
3,2024-2025,2025-02-02,1375,0.32675232012706185,0.30978601128855326,0.34672486505221406,-0.10778363153174859,1.0598823877386356,1.1903018183937764,0,0,True,True
3,2024-2025,2025-02-03,1378,0.32831603245090546,0.31078554823221149,0.34900384724352623,-0.10407424520140657,1.0576823740753671,1.1952449660081665,0,0,True,True
3,2024-2025,2025-02-12,1379,0.32852417320883509,0.31188627017467152,0.34810010861991586,-0.10380414465738245,1.0563751933113381,1.1870849174866622,0,0,True,True
3,2024-2025,2025-02-14,1380,0.32952454354679672,0.31304566406768558,0.34887740212557938,-0.10398234461837867,1.0591461278216603,1.1895462732510294,0,0,True,True
3,2024-2025,2025-02-15,1381,0.33032818010800868,0.31462026319099468,0.34887740212557944,-0.10460440010463287,1.0735051404213025,1.1966043378344642,0,0,True,True
3,2024-2025,2025-02-16,1388,0.32852710620797854,0.311487087214183,0.34872979209976362,-0.092307969787033858,1.0833711703342328,1.2068627918988732,0,0,True,True
3,2024-2025,2025-02-19,1390,0.32705631491825793,0.3113658160558691,0.34562262713163167,-0.077175625418443555,1.0813331400963722,1.1978489542819712,0,0,True,True
3,2024-2025,2025-02-21,1391,0.32805022339906842,0.31217454343307444,0.34684472534194655,-0.077543021697266179,1.0853122817151113,1.2019933457248717,0,0,True,True
3,2024-2025,2025-02-22,1392,0.3286635651646363,0.31116097084238231,0.3492924908315348,-0.077501725324603463,1.075731920484553,1.2000256413261852,0,0,True,True
3,2024-2025,2025-02-23,1399,0.32788989675467778,0.30821401914018315,0.35054821492622784,-0.022460034024662422,1.0385265549407017,1.1788093128776116,0,0,True,True
3,2024-2025,2025-02-25,1401,0.3294553359930083,0.30918332235452056,0.3527911761903324,-0.01844563692094086,1.0362011215744318,1.1780682856755675,0,0,True,True
3,2024-2025,2025-02-26,1405,0.33066000602970586,0.31259093610479594,0.35165429875879839,-0.018759478493921192,1.0555175883431813,1.1788697749144372,0,0,True,True
3,2024-2025,2025-02-27,1410,0.33015548551059004,0.31233227344203468,0.35096877702712459,-0.03398930792296357,1.0599424966844679,1.184156130528611,0,0,True,True
3,2024-2025,2025-03-08,1411,0.33053301175217953,0.31375123511244946,0.35012337169418767,-0.034581219390869077,1.0640328800042615,1.1817125805167759,0,0,True,True
3,2024-2025,2025-03-09,1417,0.32813060957653739,0.3139175387190104,0.3446692559930597,0.0027177626154871772,1.0623647907470062,1.1668322436147676,0,0,True,True
3,2024-2025,2025-03-10,1420,0.32578148321697575,0.31251103075282261,0.34117821057035636,0.00099668011489583656,1.0625426248769962,1.1615885667142825,0,0,True,True
3,2024-2025,2025-03-15,1421,0.3254247435708138,0.31185044217176378,0.34114939636157843,0.013130988964958108,1.0621915192149816,1.1618434824624466,0,0,True,True
3,2024-2025,2025-03-16,1426,0.32808965567114656,0.31266560001050703,0.34587487638084585,0.002800397186335405,1.0505608011462537,1.1577703546667175,0,0,True,True
3,2024-2025,2025-04-01,1429,0.32739701951371342,0.31219871359843948,0.34489062590179703,0.01186060808402634,1.0529258699818396,1.1576650198826257,0,0,True,True
3,2024-2025,2025-04-02,1432,0.32683996088152611,0.31395321878670623,0.34161234772135401,0.036599554829525496,1.0582369041605131,1.1494489389234739,0,0,True,True
3,2024-2025,2025-04-03,1438,0.32780875784961505,0.31298399787897696,0.34500096736553237,0.032537632872029161,1.0431214688432418,1.1525730310789948,0,0,True,True
3,2024-2025,2025-04-05,1439,0.32701323842326746,0.31233847194549369,0.34408378982524179,0.047486611671621062,1.04658568323637,1.1550640460865691,0,0,True,True
3,2024-2025,2025-04-06,1444,0.32778087560456665,0.31503492102830727,0.34244281899345475,0.036095113349191119,1.0576423512073059,1.1504616479792427,0,0,True,True
3,2024-2025,2025-04-07,1448,0.32571883086955361,0.31540327456904793,0.33751896688628752,-0.0057272234829479013,1.0682189769856159,1.1466886397707314,0,0,True,True
3,2024-2025,2025-04-12,1449,0.32614942694990129,0.31469482018951966,0.33919803195782372,-0.0063925110232504996,1.0645195327066803,1.145394797835064,0,0,True,True
3,2024-2025,2025-04-13,1454,0.32617350601687151,0.31448979635220486,0.33942908754056333,-0.0030334446495947163,1.0540582144439572,1.1362349134489647,0,0,True,True
3,2024-2025,2025-04-14,1458,0.32850742112515247,0.31869911387926769,0.3397181477889753,-0.0024167120075594909,1.0645795442505621,1.1354675149625026,0,0,True,True
3,2024-2025,2025-04-16,1459,0.32716480248581642,0.31874760252630169,0.3367326715727802,0.011899131820971468,1.0680389401170407,1.128723400222051,0,0,True,True
3,2024-2025,2025-04-19,1460,0.32799339497944086,0.32182139256578074,0.33502829703239739,0.012181673474164196,1.0842769904468024,1.1321701959596926,0,0,True,True
3,2024-2025,2025-04-20,1465,0.32813445599928387,0.32322787763752786,0.33372741127888012,-0.0242666962726567,1.0929678117067716,1.1346387595643321,0,0,True,True
3,2024-2025,2025-04-21,1469,0.32764445062308761,0.32326139228988854,0.33249180159093283,-0.005882795000878481,1.0832813662281913,1.1132027745445006,0,0,True,True
3,2024-2025,2025-04-22,1470,0.32767421151787079,0.3222228849908868,0.33372091758563638,-0.0073160328606685816,1.0803852219310042,1.1152812265815983,0,0,True,True
3,2024-2025,2025-04-23,1471,0.32770385305159461,0.32229655455919543,0.33371948805389928,-0.0071887055309616966,1.0817010291866018,1.1162608134004528,0,0,True,True
3,2024-2025,2025-04-26,1472,0.3281248714919337,0.32236972294912319,0.33453847466719216,-0.0079823194810296309,1.0771761207768846,1.1159490336620759,0,0,True,True
3,2024-2025,2025-04-27,1477,0.3284503723305669,0.32381792555834532,0.33369511784300548,-0.00050696834612636271,1.0925518086547683,1.1267065614147616,0,0,True,True
3,2024-2025,2025-05-01,1479,0.32965379339237028,0.32716932780333474,0.33246301631302061,-0.010967203161636874,1.099586349204152,1.1211217656037349,0,0,True,True
3,2024-2025,2025-05-02,1480,0.32927863994326007,0.32535605211201396,0.333721888461876,-0.0089716025177890048,1.0910340538401184,1.1235546192553336,0,0,True,True
3,2024-2025,2025-05-03,1481,0.32928583499285646,0.32574487352766685,0.33330067839374111,0.0018201611252999204,1.0910711554302226,1.1219169013432213,0,0,True,True
3,2024-2025,2025-05-04,1485,0.33012922304528808,0.32733288606038974,0.33330116872205118,0.014716178273582065,1.0905515270283963,1.1175559330166556,0,0,True,True
3,2024-2025,2025-05-05,1489,0.33289101715193209,0.33107643040705731,0.33495185632847835,-0.014839845959949983,1.1047554183268933,1.1230997969632979,0,0,True,True
3,2024-2025,2025-05-10,1490,0.33269919111226226,0.33108383214973525,0.33453067684531201,-0.025645177318902299,1.1054369132507746,1.1206248204848741,0,0,True,True
3,2024-2025,2025-05-11,1495,0.32978230371367961,0.3259559018537358,0.33408281085639013,-0.012606341411980441,1.0959587553954679,1.1215859607764356,0,0,True,True
3,2024-2025,2025-05-16,1500,0.32816750372741971,0.32503510446262951,0.33163990302359037,-0.011489026349178325,1.0797604182470417,1.1031607751889987,0,0,True,True
3,2024-2025,2025-05-18,1502,0.3276163903361809,0.32475647629227461,0.33081442944003558,-0.0046921762856040996,1.0854437112708673,1.1094138223319523,0,0,True,True
3,2024-2025,2025-05-19,1507,0.32679561058802481,0.32533958834276805,0.32842291359628251,0.0067179913783346288,1.0900302689722543,1.1059003387343864,0,0,True,True
3,2024-2025,2025-05-20,1508,0.32647449492069974,0.32435268373936432,0.32886262279399808,0.0067356881611290199,1.0972441571900666,1.1148705515720794,0,0,True,True
3,2024-2025,2025-05-25,1510,0.32847040064465205,0.32666008832403703,0.33052878499985805,0.0059401465075187175,1.1075031006656209,1.1228632772202036,0,0,True,True
4,2025-2026,2025-08-15,1520,0.32478442930464319,0.32060089531491132,0.32949330032346996,0.013350100461150908,1.0934725727578196,1.1218921394035131,0,0,True,True
4,2025-2026,2025-08-16,1521,0.32646581249308099,0.32201112874539511,0.33153956903608489,0.013695884372329159,1.0982382874373899,1.1312381755617873,0,0,True,True
4,2025-2026,2025-08-17,1526,0.32609310304927064,0.32242079831894238,0.33028758665662539,-0.036205700577815428,1.0879406994101322,1.1333517659260939,1,0,True,True
4,2025-2026,2025-08-18,1529,0.32324415738666257,0.31931702178722321,0.32775699964524485,-0.045074548264364356,1.0970282137587832,1.1421360905330111,1,0,True,True
4,2025-2026,2025-08-22,1530,0.32297862234499614,0.31938819253051526,0.32711750724522576,-0.0412068364299049,1.0985011196646963,1.1428513847061093,1,0,True,True
4,2025-2026,2025-08-23,1531,0.32523180895021886,0.31890940979254978,0.3324691811180262,-0.044551809126128716,1.0766125097482557,1.140791752030226,1,0,True,True
4,2025-2026,2025-08-24,1536,0.32723770696075893,0.32494443554570246,0.32988767464192764,0.02436251694651205,1.1289215663548775,1.1480782874373099,0,0,True,True
4,2025-2026,2025-08-25,1539,0.32704314259304856,0.32565363029537192,0.32865349117875864,-0.0094947769195156649,1.1394904058117967,1.1543565847909607,0,0,True,True
4,2025-2026,2025-08-30,1540,0.32946828571218367,0.32736080683440799,0.33190405923285693,-0.010166685059056114,1.1327868028118291,1.154211838824575,0,0,True,True
4,2025-2026,2025-08-31,1546,0.33109731866907582,0.3308963495261627,0.33132789595844908,-0.0018294994238387465,1.1497798163675714,1.1455340182994194,0,0,True,True
4,2025-2026,2025-09-13,1550,0.33029251834078704,0.32662264713566236,0.33449377746061937,0.022281471099263817,1.1264886550070163,1.1446499468699072,0,0,True,True
4,2025-2026,2025-09-14,1558,0.32774213328033047,0.32364681925520999,0.33250178753242365,0.020349575008169023,1.1286121764451291,1.1570869239257944,0,0,True,True
4,2025-2026,2025-09-20,1560,0.32780221444948149,0.32541092274717243,0.33057691797695066,0.033156222826512656,1.1438441294719042,1.1622158365707489,0,0,True,True
4,2025-2026,2025-09-21,1567,0.33308947498834196,0.33018577046260195,0.33645959626380684,0.015771650384194119,1.1511950809026559,1.1600081752394167,0,0,True,True
4,2025-2026,2025-09-27,1570,0.33221077746183691,0.32859295285800511,0.33642378923345395,-0.036188225705281407,1.1482555777881349,1.1655114876021759,0,0,True,True
4,2025-2026,2025-09-28,1577,0.33313989244718828,0.32838732947430027,0.33878843472544118,-0.044862739741436133,1.1529790466483729,1.1867178947708672,0,0,True,True
4,2025-2026,2025-09-29,1579,0.3339974441404126,0.33107621720722963,0.33743638434183004,-0.044437082576304368,1.1593698722956702,1.1776485518734936,0,0,True,True
4,2025-2026,2025-10-03,1580,0.33313881986511118,0.32952182437011901,0.33741346181759713,-0.059549980798503328,1.1542180583780159,1.181285076269784,0,0,True,True
4,2025-2026,2025-10-04,1581,0.33371939049770055,0.33116000778753951,0.33675030122598859,-0.058665311493281962,1.1611802123976527,1.1819739680438457,0,0,True,True
4,2025-2026,2025-10-05,1585,0.33399396859473052,0.33123116875740521,0.33732564781654689,-0.056007005142990327,1.1758339044801791,1.1911604947314753,0,0,True,True
4,2025-2026,2025-10-18,1590,0.32903463685015266,0.3283055659728048,0.32991126569017631,-0.052589187386696559,1.1900433574713096,1.1895135796741287,0,0,True,True
4,2025-2026,2025-10-19,1597,0.33036740245185059,0.33217637853651782,0.32821417111960127,-0.053811901958109677,1.2078206522995902,1.188225864277715,0,0,True,True
4,2025-2026,2025-10-20,1599,0.33125345741666407,0.33063367409849775,0.33199333118396535,-0.050798365393497427,1.1860798491924753,1.1911326909344813,0,0,True,True
4,2025-2026,2025-10-24,1600,0.33070221123522681,0.33011569991708972,0.33139438914242542,-0.052222670008607759,1.1776035946817351,1.1796760788325946,0,0,True,True
4,2025-2026,2025-10-25,1601,0.33100849643251645,0.33067299718839027,0.331405363454922,-0.05220798795879994,1.1821165198852901,1.1799322201496412,0,0,True,True
4,2025-2026,2025-10-26,1605,0.3313832789925592,0.33028938218776516,0.33269435651892898,-0.049812018481422082,1.1934191505599399,1.1919156652645562,0,0,True,True
4,2025-2026,2025-11-01,1610,0.33036419001463779,0.32938484609441299,0.33153105317405568,-0.0119069586581903,1.184464775019668,1.1804009440806655,0,0,True,True
4,2025-2026,2025-11-02,1617,0.329155030232681,0.33601585848022447,0.32117569404537927,0.0085767721312088926,1.2214380033176291,1.1620855044501375,0,0,True,True
4,2025-2026,2025-11-03,1619,0.32871174227723365,0.33643906461216777,0.31963745754317074,0.0071465054698497477,1.2426673804229444,1.1733961758678395,0,0,True,True
4,2025-2026,2025-11-08,1620,0.32899559719313731,0.3364253324106431,0.32026238829195608,-0.0092930008943231269,1.238365938473629,1.1765269253005233,0,0,True,True
4,2025-2026,2025-11-09,1625,0.33153006999321399,0.3416893518559333,0.31956226970153651,-0.0059423018776006619,1.2563872940676446,1.1813066872679814,0,0,True,True
4,2025-2026,2025-11-22,1630,0.33261797670428883,0.34606466840595107,0.31643711358910137,-0.028629947153854099,1.2995095960068905,1.2020924887310862,0,0,True,True
4,2025-2026,2025-11-23,1637,0.33078633697026955,0.33958739971869462,0.32020646736384656,-0.0060002513609507934,1.2738839104495885,1.2078840808078892,0,0,True,True
4,2025-2026,2025-11-24,1639,0.33241001346335797,0.34043452443907923,0.3226650771097021,-0.0025342975506460045,1.2821973556280468,1.2165006452059128,0,0,True,True
4,2025-2026,2025-11-29,1640,0.3313559986838302,0.33748507687385076,0.32386107723355279,0.018020846559434797,1.2738753453556475,1.2216191104676914,0,0,True,True
4,2025-2026,2025-11-30,1645,0.33669904691351232,0.34215414357507862,0.33007724364248192,0.010521532113237779,1.2400989644715414,1.2090469846040832,0,0,True,True
4,2025-2026,2025-12-02,1650,0.33376693572980343,0.33864420822131019,0.32796461846329839,-0.0018823488494290131,1.2154136295154681,1.1948332875555625,0,0,True,True
4,2025-2026,2025-12-03,1653,0.33835708103301537,0.3399387904374494,0.33646394558488985,0.024219525103410182,1.1988115167989724,1.2011300262889775,0,0,True,True
4,2025-2026,2025-12-04,1659,0.33766574632818291,0.33923298987321276,0.33579482262869281,0.027557011811365807,1.208887870069741,1.1991921802862744,0,0,True,True
4,2025-2026,2025-12-06,1660,0.33739591702706695,0.33874642958720108,0.33578279893336521,0.011517491437087917,1.203627596776887,1.193822326138942,0,0,True,True
4,2025-2026,2025-12-07,1667,0.33505181628034431,0.34019897104362745,0.32884248895370077,-0.0083753454363254144,1.2461118323040639,1.2068568577471905,0,0,True,True
4,2025-2026,2025-12-08,1669,0.33431980539758738,0.33925964136422981,0.32839193659836935,-0.02154783468179839,1.2362620239343143,1.1977430579531632,0,0,True,True
4,2025-2026,2025-12-13,1670,0.33502000245566371,0.33967974672633117,0.32950037785786196,-0.01752990480002288,1.2251287573428098,1.1877120551868288,0,0,True,True
4,2025-2026,2025-12-14,1674,0.3368987005479841,0.3417144722814523,0.33113095629499151,-0.012769643555702707,1.2314428221921039,1.1934616903783704,0,0,True,True
4,2025-2026,2025-12-15,1679,0.33893097873442118,0.34370238659643754,0.33324850871600409,-0.011267371362613179,1.232189410971914,1.1941656891372157,0,0,True,True
4,2025-2026,2025-12-20,1680,0.34026179705629883,0.34487234739372941,0.33478304809887061,-0.013806456909146805,1.2251447602887156,1.1888048312118014,0,0,True,True
4,2025-2026,2025-12-21,1688,0.33950244454802525,0.34438619387344294,0.33370985533256631,-0.045771472099796082,1.2308337421416662,1.1881012714638197,0,0,True,True
4,2025-2026,2025-12-22,1689,0.33922894214358923,0.34518196048243194,0.33219611962996759,-0.046179525854159367,1.2315425438104783,1.1854616491150316,0,0,True,True
4,2025-2026,2025-12-26,1690,0.3392166424734368,0.34602345856353556,0.33118921213315039,-0.033346623088891414,1.2343618114836501,1.1827839110759368,0,0,True,True
4,2025-2026,2025-12-27,1691,0.3382405684197658,0.34551956561298702,0.32965107790659837,-0.010082853282848818,1.2402119280461235,1.1820059839383912,0,0,True,True
4,2025-2026,2025-12-28,1698,0.33574767273046985,0.34770497819678592,0.32204451566225706,-0.013249758896793987,1.2366542076996436,1.1446862653583423,0,0,True,True
4,2025-2026,2025-12-30,1700,0.33436123694060471,0.34675970966289105,0.32026902071982438,-0.0049074080627548823,1.2272962432271282,1.1352056294859321,0,0,True,True
4,2025-2026,2026-01-01,1706,0.33476101132350977,0.34625699268800497,0.32177939120488974,-0.019635743799399766,1.209360380553048,1.1259499150382088,0,0,True,True
4,2025-2026,2026-01-03,1710,0.33034282479494237,0.34232745586478963,0.3168733090744727,-0.093124385332210652,1.2087990071567725,1.1239338589684653,0,0,True,True
4,2025-2026,2026-01-04,1714,0.33258433606296417,0.34663483233069675,0.31670712673996543,-0.087726322155925976,1.2315348177152901,1.1284325838889833,0,0,True,True
4,2025-2026,2026-01-06,1720,0.33473682323075044,0.34661980763537975,0.32121699193138636,-0.11461597342800721,1.222739393031558,1.1364713912885736,0,0,True,True
4,2025-2026,2026-01-07,1721,0.33494439541372878,0.34657147120065895,0.32175871605759387,-0.11443764003941034,1.2183797559064931,1.1354687321321009,0,0,True,True
4,2025-2026,2026-01-08,1729,0.33548818223960358,0.35069099238145984,0.31841171761158604,-0.14313481640035036,1.232008415252678,1.1264375106625801,0,0,True,True
4,2025-2026,2026-01-17,1730,0.33465483478886665,0.34904798336562909,0.3184117176115861,-0.15715748207222027,1.2287663249377567,1.1288363711475169,0,0,True,True
4,2025-2026,2026-01-18,1737,0.33122051530358387,0.34399260771025908,0.31647793529531587,-0.16014879307532764,1.2494110529481901,1.1511576117941451,0,0,True,True
4,2025-2026,2026-01-19,1739,0.32933299127987137,0.34114288925417441,0.31568120407088057,-0.15829147093903537,1.2479321287921095,1.1538209202806482,0,0,True,True
4,2025-2026,2026-01-24,1740,0.32913885616052324,0.34030725104461645,0.31618739786105965,-0.1661616899288148,1.2454241156824486,1.158061931109859,0,0,True,True
4,2025-2026,2026-01-25,1745,0.33117295364360161,0.34568267980585832,0.31443982378546464,-0.16346717022389351,1.2637756118987615,1.1551748945526439,0,0,True,True
4,2025-2026,2026-01-26,1749,0.33205767757296406,0.3427057688604489,0.31986271535480099,-0.16404942702015854,1.2239361229573384,1.1465441822984428,0,0,True,True
4,2025-2026,2026-01-31,1750,0.33185355298020203,0.34267259971265923,0.31948586800306256,-0.17289799650725363,1.2228289753765567,1.1463157858410724,0,0,True,True
4,2025-2026,2026-02-01,1755,0.3333690006861349,0.34281309201250421,0.3226295414222814,-0.18428225203695731,1.2089470745150479,1.1390865635111229,0,0,True,True
4,2025-2026,2026-02-02,1759,0.33419781097580203,0.34261380481919079,0.32460416237900408,-0.16689755968965875,1.2059985950055929,1.1401788609011607,0,0,True,True
4,2025-2026,2026-02-06,1760,0.33502741839224837,0.34411775387999954,0.32460416237900408,-0.16842533953451977,1.2165737098896006,1.1442835136921226,0,0,True,True
4,2025-2026,2026-02-07,1761,0.33522760840907079,0.34564301780402867,0.32331168585264403,-0.16898531473139494,1.2234044863054638,1.1417986710843795,0,0,True,True
4,2025-2026,2026-02-08,1768,0.3347421330775463,0.34165391795308531,0.32674980899817035,-0.18074129601566255,1.2154224335484782,1.1491574129577522,0,0,True,True
4,2025-2026,2026-02-10,1770,0.33370706819344398,0.34045093068442672,0.32596849978368114,-0.16212694173599212,1.2065761323048507,1.1411942847960612,0,0,True,True
4,2025-2026,2026-02-11,1774,0.33512208638819241,0.34032912757172534,0.32915426810598308,-0.17083857182212892,1.1938933929453046,1.1470791847101505,0,0,True,True
4,2025-2026,2026-02-12,1779,0.33388348897293968,0.33904316355548286,0.3279445978340621,-0.15707569488620651,1.1896478465813656,1.1468826001011021,0,0,True,True
4,2025-2026,2026-02-18,1780,0.3340825202414669,0.33902389767779806,0.32839042524749518,-0.16556011424020384,1.1928040558502406,1.1515837582528095,0,0,True,True
4,2025-2026,2026-02-21,1781,0.33532688127390181,0.34056604490413328,0.32931006250549616,-0.16466043782281542,1.1983758216271223,1.1528121924591939,0,0,True,True
4,2025-2026,2026-02-22,1786,0.33135780537375731,0.33769212838498563,0.3241834751017294,-0.19722187293829707,1.1797488866065367,1.1339627785480972,0,0,True,True
4,2025-2026,2026-02-23,1790,0.33119573880930014,0.3364772274692252,0.32530176053470705,-0.17756081777912733,1.1638540828660466,1.1228424450976231,0,0,True,True
4,2025-2026,2026-02-27,1791,0.33039122506687502,0.33492049464739593,0.32533288487337975,-0.16646443950392559,1.1607949247009788,1.1265585306928267,0,0,True,True
4,2025-2026,2026-02-28,1792,0.33019622654276032,0.33649565813597709,0.32319068213189994,-0.16503082674695174,1.172861203997019,1.1234616666000179,0,0,True,True
4,2025-2026,2026-03-01,1797,0.33373996101689446,0.33988393993508836,0.32693726599563755,-0.16002403130889861,1.1692435201367597,1.1171499585664508,0,0,True,True
4,2025-2026,2026-03-03,1801,0.33333146730283408,0.33855329420066671,0.32745125507460948,-0.15960571946297425,1.1735440096927103,1.1288391065340606,0,0,True,True
4,2025-2026,2026-03-04,1805,0.3317388322980242,0.33771935245760976,0.32500056884532719,-0.15878770298537165,1.1811428719728769,1.1277034300281239,0,0,True,True
4,2025-2026,2026-03-05,1810,0.33100179658016904,0.33428933377379555,0.32730094114542391,-0.12631713705692355,1.1602104887286333,1.1273894905230282,0,0,True,True
4,2025-2026,2026-03-14,1811,0.33179405599161788,0.33391615509243061,0.3294064897053125,-0.12697730728303974,1.1517682351225527,1.1264590097610754,0,0,True,True
4,2025-2026,2026-03-15,1816,0.32778386735061726,0.33083717614535973,0.32437459041461181,-0.11379563721519152,1.1552774633205787,1.1253841703177994,0,0,True,True
4,2025-2026,2026-03-16,1820,0.32666009770060223,0.33087138207687072,0.32196534367787938,-0.14513076376920392,1.1578794886749084,1.119730385353751,0,0,True,True
4,2025-2026,2026-03-20,1821,0.32769382355361509,0.33202526708979302,0.32287317302458068,-0.14494767991986154,1.1530076001344887,1.1161805451731273,0,0,True,True
4,2025-2026,2026-03-21,1822,0.32813876207807585,0.33242245185084557,0.32337440296978603,-0.14535828063172579,1.1537157133775597,1.1180540383428013,0,0,True,True
4,2025-2026,2026-03-22,1826,0.3258558616539553,0.33168860405744599,0.31930731067179224,-0.15428931491434436,1.1750191295615953,1.1256872214450304,0,0,True,True
4,2025-2026,2026-04-10,1829,0.32499024187704451,0.32983038328899311,0.31957350334908963,-0.15377093373750977,1.1611945937927601,1.1182703032276542,0,0,True,True
4,2025-2026,2026-04-11,1830,0.32549335082785269,0.33197360108980628,0.31820748704771579,-0.15379147332277537,1.1783997353463149,1.1246958390911574,0,0,True,True
4,2025-2026,2026-04-12,1834,0.32480623000726544,0.33117015907761027,0.317699823296618,-0.1548793549651474,1.1669449662426374,1.1169846393800651,0,0,True,True
4,2025-2026,2026-04-13,1838,0.32285356595647507,0.33038432802833728,0.3145637900248579,-0.15601792657409627,1.1632936957756541,1.1059391618176435,0,0,True,True
4,2025-2026,2026-04-18,1839,0.32166505506375753,0.32795871429755402,0.3147166109571235,-0.15596165413348725,1.1550369254470225,1.1069848919002261,0,0,True,True
4,2025-2026,2026-04-19,1844,0.32233628060805447,0.32645797395807885,0.31771694479313645,-0.15191417879911442,1.1570541522668556,1.1244733939306457,0,0,True,True
4,2025-2026,2026-04-20,1848,0.32581364886676628,0.33188089844647339,0.31902451151715588,-0.14320809974552925,1.1648196546236707,1.1196596165262958,0,0,True,True
4,2025-2026,2026-04-21,1849,0.32476677345774912,0.33147621995649945,0.31729071616636217,-0.15361645909375507,1.1645699334620969,1.1146952642764985,0,0,True,True
4,2025-2026,2026-04-22,1850,0.32481635240139384,0.33149650852815682,0.31729071616636212,-0.15276197089846738,1.1774492729988952,1.1270740035674209,0,0,True,True
4,2025-2026,2026-04-24,1852,0.32386025428263704,0.33070766893435916,0.31619735807701105,-0.14601226608702697,1.1804777479828197,1.1266390922165939,0,0,True,True
4,2025-2026,2026-04-25,1853,0.32499306649217824,0.32909417762815224,0.32041868615561997,-0.1410807304553314,1.1550435311561662,1.1238502317766288,0,0,True,True
4,2025-2026,2026-04-27,1858,0.3243281744357796,0.33038693963070026,0.31756897931837441,-0.10944099583418027,1.1665057250834128,1.1222403643401466,0,0,True,True
4,2025-2026,2026-05-01,1859,0.32417307224215958,0.33040829430465446,0.3172040771000641,-0.10944923002877689,1.1688894301051931,1.1216020889436595,0,0,True,True
4,2025-2026,2026-05-02,1860,0.32445506205603075,0.33084618188339909,0.31727084331204042,-0.10986145954238376,1.1715949214223864,1.1240666484551005,0,0,True,True
4,2025-2026,2026-05-03,1864,0.32403825459283131,0.33172544974570889,0.3152327205023342,-0.11752103094354578,1.2003305031918707,1.1400122690032706,0,0,True,True
4,2025-2026,2026-05-04,1867,0.32628137046226197,0.33530280502855331,0.31595483545350211,-0.11511578528958429,1.2056495217847683,1.1362646623846644,0,0,True,True
4,2025-2026,2026-05-09,1869,0.32867153048613929,0.33566966792454028,0.32064358365284895,-0.11111059279932173,1.1982932525321599,1.1417812595243346,0,0,True,True
4,2025-2026,2026-05-10,1874,0.32666648487670624,0.33402744818789409,0.31810888099406681,-0.12291852493728822,1.2127426898175604,1.1567827693216604,0,0,True,True
4,2025-2026,2026-05-11,1878,0.3241689715867338,0.3309261536363059,0.31634711341148508,-0.1234749969386127,1.2147381488137925,1.1622683227763959,0,0,True,True
4,2025-2026,2026-05-13,1879,0.32400165846546908,0.33093452722822381,0.31599157364299962,-0.1321387896948549,1.2162706851655987,1.1601627049601106,0,0,True,True
4,2025-2026,2026-05-15,1880,0.32466407563350153,0.33289434110174854,0.31513618955852052,-0.13168486296826526,1.2227886688928535,1.15819413113355,0,0,True,True
4,2025-2026,2026-05-17,1881,0.32558035122907375,0.33407088260598061,0.31571402967864437,-0.12729406195015364,1.2308936042996335,1.1634896387261071,0,0,True,True
4,2025-2026,2026-05-18,1887,0.32606661642518697,0.33673597134463151,0.31384224523812893,-0.12340497049230179,1.2280265390040368,1.1441149382703184,0,0,True,True
4,2025-2026,2026-05-19,1888,0.32608008420799789,0.3367241800464672,0.31384224523812898,-0.1183286410938917,1.2231482695707723,1.1417374979260604,0,0,True,True
4,2025-2026,2026-05-24,1890,0.32634815776487736,0.33785525687469264,0.31316676513113306,-0.12593806722514606,1.227385224092963,1.1399922884603464,0,0,True,True
