model,scope,class,bin,bin_lo,bin_hi,n,mean_predicted,observed_frequency,thin
D0,pooled,H,0,0,0.10000000000000001,0,,,True
D0,pooled,H,1,0.10000000000000001,0.20000000000000001,0,,,True
D0,pooled,H,2,0.20000000000000001,0.29999999999999999,0,,,True
D0,pooled,H,3,0.29999999999999999,0.40000000000000002,0,,,True
D0,pooled,H,4,0.40000000000000002,0.5,1520,0.44720394736842106,0.44473684210526315,False
D0,pooled,H,5,0.5,0.59999999999999998,0,,,True
D0,pooled,H,6,0.59999999999999998,0.69999999999999996,0,,,True
D0,pooled,H,7,0.69999999999999996,0.80000000000000004,0,,,True
D0,pooled,H,8,0.80000000000000004,0.90000000000000002,0,,,True
D0,pooled,H,9,0.90000000000000002,1,0,,,True
D0,pooled,D,0,0,0.10000000000000001,0,,,True
D0,pooled,D,1,0.10000000000000001,0.20000000000000001,0,,,True
D0,pooled,D,2,0.20000000000000001,0.29999999999999999,1520,0.22938596491228064,0.24078947368421053,False
D0,pooled,D,3,0.29999999999999999,0.40000000000000002,0,,,True
D0,pooled,D,4,0.40000000000000002,0.5,0,,,True
D0,pooled,D,5,0.5,0.59999999999999998,0,,,True
D0,pooled,D,6,0.59999999999999998,0.69999999999999996,0,,,True
D0,pooled,D,7,0.69999999999999996,0.80000000000000004,0,,,True
D0,pooled,D,8,0.80000000000000004,0.90000000000000002,0,,,True
D0,pooled,D,9,0.90000000000000002,1,0,,,True
D0,pooled,A,0,0,0.10000000000000001,0,,,True
D0,pooled,A,1,0.10000000000000001,0.20000000000000001,0,,,True
D0,pooled,A,2,0.20000000000000001,0.29999999999999999,0,,,True
D0,pooled,A,3,0.29999999999999999,0.40000000000000002,1520,0.32341008771929819,0.31447368421052629,False
D0,pooled,A,4,0.40000000000000002,0.5,0,,,True
D0,pooled,A,5,0.5,0.59999999999999998,0,,,True
D0,pooled,A,6,0.59999999999999998,0.69999999999999996,0,,,True
D0,pooled,A,7,0.69999999999999996,0.80000000000000004,0,,,True
D0,pooled,A,8,0.80000000000000004,0.90000000000000002,0,,,True
D0,pooled,A,9,0.90000000000000002,1,0,,,True
D0,pooled,pooled,0,0,0.10000000000000001,0,,,True
D0,pooled,pooled,1,0.10000000000000001,0.20000000000000001,0,,,True
D0,pooled,pooled,2,0.20000000000000001,0.29999999999999999,1520,0.22938596491228064,0.24078947368421053,False
D0,pooled,pooled,3,0.29999999999999999,0.40000000000000002,1520,0.32341008771929819,0.31447368421052629,False
D0,pooled,pooled,4,0.40000000000000002,0.5,1520,0.44720394736842106,0.44473684210526315,False
D0,pooled,pooled,5,0.5,0.59999999999999998,0,,,True
D0,pooled,pooled,6,0.59999999999999998,0.69999999999999996,0,,,True
D0,pooled,pooled,7,0.69999999999999996,0.80000000000000004,0,,,True
D0,pooled,pooled,8,0.80000000000000004,0.90000000000000002,0,,,True
D0,pooled,pooled,9,0.90000000000000002,1,0,,,True
D2_rescaled,pooled,H,0,0,0.10000000000000001,5,0.077658686158347895,0.20000000000000001,True
D2_rescaled,pooled,H,1,0.10000000000000001,0.20000000000000001,60,0.16721037225146779,0.10000000000000001,False
D2_rescaled,pooled,H,2,0.20000000000000001,0.29999999999999999,186,0.25747814774854777,0.19354838709677419,False
D2_rescaled,pooled,H,3,0.29999999999999999,0.40000000000000002,321,0.35273123868607253,0.34267912772585668,False
D2_rescaled,pooled,H,4,0.40000000000000002,0.5,389,0.4507489151204237,0.46015424164524421,False
D2_rescaled,pooled,H,5,0.5,0.59999999999999998,268,0.54479090001258401,0.58582089552238803,False
D2_rescaled,pooled,H,6,0.59999999999999998,0.69999999999999996,187,0.64377051837675248,0.59893048128342241,False
D2_rescaled,pooled,H,7,0.69999999999999996,0.80000000000000004,85,0.74359464596833991,0.6705882352941176,False
D2_rescaled,pooled,H,8,0.80000000000000004,0.90000000000000002,19,0.83218865365538586,0.94736842105263153,True
D2_rescaled,pooled,H,9,0.90000000000000002,1,0,,,True
D2_rescaled,pooled,D,0,0,0.10000000000000001,2,0.081214701332812944,0,True
D2_rescaled,pooled,D,1,0.10000000000000001,0.20000000000000001,259,0.1704195690935604,0.24710424710424711,False
D2_rescaled,pooled,D,2,0.20000000000000001,0.29999999999999999,1241,0.23980828075626578,0.23932312651087834,False
D2_rescaled,pooled,D,3,0.29999999999999999,0.40000000000000002,18,0.31200251697861109,0.27777777777777779,True
D2_rescaled,pooled,D,4,0.40000000000000002,0.5,0,,,True
D2_rescaled,pooled,D,5,0.5,0.59999999999999998,0,,,True
D2_rescaled,pooled,D,6,0.59999999999999998,0.69999999999999996,0,,,True
D2_rescaled,pooled,D,7,0.69999999999999996,0.80000000000000004,0,,,True
D2_rescaled,pooled,D,8,0.80000000000000004,0.90000000000000002,0,,,True
D2_rescaled,pooled,D,9,0.90000000000000002,1,0,,,True
D2_rescaled,pooled,A,0,0,0.10000000000000001,63,0.07617810959274457,0.079365079365079361,False
D2_rescaled,pooled,A,1,0.10000000000000001,0.20000000000000001,276,0.15739260621804146,0.15579710144927536,False
D2_rescaled,pooled,A,2,0.20000000000000001,0.29999999999999999,395,0.25280793495701881,0.22278481012658227,False
D2_rescaled,pooled,A,3,0.29999999999999999,0.40000000000000002,391,0.34609665008769336,0.36061381074168797,False
D2_rescaled,pooled,A,4,0.40000000000000002,0.5,238,0.44747319847852313,0.44957983193277312,False
D2_rescaled,pooled,A,5,0.5,0.59999999999999998,113,0.54282852443128515,0.55752212389380529,False
D2_rescaled,pooled,A,6,0.59999999999999998,0.69999999999999996,35,0.63323185012002969,0.7142857142857143,False
D2_rescaled,pooled,A,7,0.69999999999999996,0.80000000000000004,8,0.74279582436419678,0.625,True
D2_rescaled,pooled,A,8,0.80000000000000004,0.90000000000000002,1,0.82846560362006949,1,True
D2_rescaled,pooled,A,9,0.90000000000000002,1,0,,,True
D2_rescaled,pooled,pooled,0,0,0.10000000000000001,70,0.076427767682861067,0.085714285714285715,False
D2_rescaled,pooled,pooled,1,0.10000000000000001,0.20000000000000001,595,0.16405319335546162,0.18991596638655461,False
D2_rescaled,pooled,pooled,2,0.20000000000000001,0.29999999999999999,1822,0.24443037662336889,0.23106476399560921,False
D2_rescaled,pooled,pooled,3,0.29999999999999999,0.40000000000000002,730,0.34817337412072924,0.35068493150684932,False
D2_rescaled,pooled,pooled,4,0.40000000000000002,0.5,627,0.4495055011479,0.45614035087719296,False
D2_rescaled,pooled,pooled,5,0.5,0.59999999999999998,381,0.54420888310789428,0.57742782152230976,False
D2_rescaled,pooled,pooled,6,0.59999999999999998,0.69999999999999996,222,0.64210901662456643,0.61711711711711714,False
D2_rescaled,pooled,pooled,7,0.69999999999999996,0.80000000000000004,93,0.74352593013142421,0.66666666666666663,False
D2_rescaled,pooled,pooled,8,0.80000000000000004,0.90000000000000002,20,0.83200250115362007,0.94999999999999996,False
D2_rescaled,pooled,pooled,9,0.90000000000000002,1,0,,,True
D3,pooled,H,0,0,0.10000000000000001,5,0.078574734305478983,0.20000000000000001,True
D3,pooled,H,1,0.10000000000000001,0.20000000000000001,61,0.16515213820110342,0.098360655737704916,False
D3,pooled,H,2,0.20000000000000001,0.29999999999999999,187,0.25842806951353259,0.18716577540106952,False
D3,pooled,H,3,0.29999999999999999,0.40000000000000002,315,0.35225616633775475,0.34920634920634919,False
D3,pooled,H,4,0.40000000000000002,0.5,395,0.44987802924165488,0.46075949367088609,False
D3,pooled,H,5,0.5,0.59999999999999998,268,0.54479281486313413,0.59328358208955223,False
D3,pooled,H,6,0.59999999999999998,0.69999999999999996,183,0.64540340184956324,0.58469945355191255,False
D3,pooled,H,7,0.69999999999999996,0.80000000000000004,89,0.74408996499879443,0.6741573033707865,False
D3,pooled,H,8,0.80000000000000004,0.90000000000000002,17,0.83560369273932533,0.94117647058823528,True
D3,pooled,H,9,0.90000000000000002,1,0,,,True
D3,pooled,D,0,0,0.10000000000000001,3,0.086547859885228506,0,True
D3,pooled,D,1,0.10000000000000001,0.20000000000000001,277,0.17138670125405797,0.25992779783393499,False
D3,pooled,D,2,0.20000000000000001,0.29999999999999999,1219,0.24132669839733284,0.23789991796554552,False
D3,pooled,D,3,0.29999999999999999,0.40000000000000002,21,0.31401923146392352,0.19047619047619047,False
D3,pooled,D,4,0.40000000000000002,0.5,0,,,True
D3,pooled,D,5,0.5,0.59999999999999998,0,,,True
D3,pooled,D,6,0.59999999999999998,0.69999999999999996,0,,,True
D3,pooled,D,7,0.69999999999999996,0.80000000000000004,0,,,True
D3,pooled,D,8,0.80000000000000004,0.90000000000000002,0,,,True
D3,pooled,D,9,0.90000000000000002,1,0,,,True
D3,pooled,A,0,0,0.10000000000000001,63,0.076276797532712159,0.079365079365079361,False
D3,pooled,A,1,0.10000000000000001,0.20000000000000001,272,0.15599234259244038,0.15441176470588236,False
D3,pooled,A,2,0.20000000000000001,0.29999999999999999,405,0.25228745493368299,0.22222222222222221,False
D3,pooled,A,3,0.29999999999999999,0.40000000000000002,387,0.34613900226920624,0.35400516795865633,False
D3,pooled,A,4,0.40000000000000002,0.5,233,0.44696757385771291,0.45064377682403434,False
D3,pooled,A,5,0.5,0.59999999999999998,115,0.54227700943080748,0.56521739130434778,False
D3,pooled,A,6,0.59999999999999998,0.69999999999999996,37,0.63755769646144367,0.7567567567567568,False
D3,pooled,A,7,0.69999999999999996,0.80000000000000004,7,0.74218691957321881,0.7142857142857143,True
D3,pooled,A,8,0.80000000000000004,0.90000000000000002,1,0.83849477945122153,1,True
D3,pooled,A,9,0.90000000000000002,1,0,,,True
D3,pooled,pooled,0,0,0.10000000000000001,71,0.076872612616111918,0.084507042253521125,False
D3,pooled,pooled,1,0.10000000000000001,0.20000000000000001,610,0.16389887518489371,0.19672131147540983,False
D3,pooled,pooled,2,0.20000000000000001,0.29999999999999999,1811,0.24554374025042572,0.22915516289342905,False
D3,pooled,pooled,3,0.29999999999999999,0.40000000000000002,723,0.34787121733792248,0.34716459197786997,False
D3,pooled,pooled,4,0.40000000000000002,0.5,628,0.44879819468041526,0.4570063694267516,False
D3,pooled,pooled,5,0.5,0.59999999999999998,383,0.544037416365177,0.58485639686684077,False
D3,pooled,pooled,6,0.59999999999999998,0.69999999999999996,220,0.64408389685247047,0.61363636363636365,False
D3,pooled,pooled,7,0.69999999999999996,0.80000000000000004,96,0.74395120126984615,0.67708333333333337,False
D3,pooled,pooled,8,0.80000000000000004,0.90000000000000002,18,0.83576430866776397,0.94444444444444442,True
D3,pooled,pooled,9,0.90000000000000002,1,0,,,True
D4,pooled,H,0,0,0.10000000000000001,1,0.099278353146854195,0,True
D4,pooled,H,1,0.10000000000000001,0.20000000000000001,52,0.16390487206141219,0.13461538461538461,False
D4,pooled,H,2,0.20000000000000001,0.29999999999999999,184,0.25606191886188945,0.18478260869565216,False
D4,pooled,H,3,0.29999999999999999,0.40000000000000002,338,0.35124398464674744,0.31656804733727811,False
D4,pooled,H,4,0.40000000000000002,0.5,390,0.44864621698447599,0.46923076923076923,False
D4,pooled,H,5,0.5,0.59999999999999998,294,0.54612316959601781,0.59863945578231292,False
D4,pooled,H,6,0.59999999999999998,0.69999999999999996,175,0.64448137199228361,0.59999999999999998,False
D4,pooled,H,7,0.69999999999999996,0.80000000000000004,74,0.74006787066210644,0.71621621621621623,False
D4,pooled,H,8,0.80000000000000004,0.90000000000000002,12,0.81656844259032002,0.91666666666666663,True
D4,pooled,H,9,0.90000000000000002,1,0,,,True
D4,pooled,D,0,0,0.10000000000000001,0,,,True
D4,pooled,D,1,0.10000000000000001,0.20000000000000001,255,0.17305131984646382,0.23529411764705882,False
D4,pooled,D,2,0.20000000000000001,0.29999999999999999,1242,0.24112165092520918,0.24315619967793881,False
D4,pooled,D,3,0.29999999999999999,0.40000000000000002,23,0.31448656960465615,0.17391304347826086,False
D4,pooled,D,4,0.40000000000000002,0.5,0,,,True
D4,pooled,D,5,0.5,0.59999999999999998,0,,,True
D4,pooled,D,6,0.59999999999999998,0.69999999999999996,0,,,True
D4,pooled,D,7,0.69999999999999996,0.80000000000000004,0,,,True
D4,pooled,D,8,0.80000000000000004,0.90000000000000002,0,,,True
D4,pooled,D,9,0.90000000000000002,1,0,,,True
D4,pooled,A,0,0,0.10000000000000001,46,0.079434330193764391,0.065217391304347824,False
D4,pooled,A,1,0.10000000000000001,0.20000000000000001,264,0.15829534693193298,0.14393939393939395,False
D4,pooled,A,2,0.20000000000000001,0.29999999999999999,423,0.25214786244987908,0.22222222222222221,False
D4,pooled,A,3,0.29999999999999999,0.40000000000000002,396,0.34605460581648267,0.3611111111111111,False
D4,pooled,A,4,0.40000000000000002,0.5,244,0.44736430917107045,0.44262295081967212,False
D4,pooled,A,5,0.5,0.59999999999999998,109,0.54072303534650912,0.58715596330275233,False
D4,pooled,A,6,0.59999999999999998,0.69999999999999996,32,0.63125055495038707,0.75,False
D4,pooled,A,7,0.69999999999999996,0.80000000000000004,6,0.73187990603491804,0.66666666666666663,True
D4,pooled,A,8,0.80000000000000004,0.90000000000000002,0,,,True
D4,pooled,A,9,0.90000000000000002,1,0,,,True
D4,pooled,pooled,0,0,0.10000000000000001,47,0.079856543448085474,0.063829787234042548,False
D4,pooled,pooled,1,0.10000000000000001,0.20000000000000001,571,0.16539599211571282,0.18388791593695272,False
D4,pooled,pooled,2,0.20000000000000001,0.29999999999999999,1849,0.24513089742347016,0.23255813953488372,False
D4,pooled,pooled,3,0.29999999999999999,0.40000000000000002,757,0.34741252551497337,0.33553500660501984,False
D4,pooled,pooled,4,0.40000000000000002,0.5,634,0.44815286445061014,0.4589905362776025,False
D4,pooled,pooled,5,0.5,0.59999999999999998,403,0.54466258737964945,0.59553349875930517,False
D4,pooled,pooled,6,0.59999999999999998,0.69999999999999996,207,0.64243602829498581,0.62318840579710144,False
D4,pooled,pooled,7,0.69999999999999996,0.80000000000000004,80,0.73945377331506745,0.71250000000000002,False
D4,pooled,pooled,8,0.80000000000000004,0.90000000000000002,12,0.81656844259032002,0.91666666666666663,True
D4,pooled,pooled,9,0.90000000000000002,1,0,,,True
elo_v1,pooled,H,0,0,0.10000000000000001,0,,,True
elo_v1,pooled,H,1,0.10000000000000001,0.20000000000000001,14,0.17555945765935155,0,True
elo_v1,pooled,H,2,0.20000000000000001,0.29999999999999999,134,0.26296794886888714,0.15671641791044777,False
elo_v1,pooled,H,3,0.29999999999999999,0.40000000000000002,361,0.35507147035751069,0.26869806094182824,False
elo_v1,pooled,H,4,0.40000000000000002,0.5,519,0.45036014496683474,0.46050096339113678,False
elo_v1,pooled,H,5,0.5,0.59999999999999998,346,0.5442359400096447,0.61271676300578037,False
elo_v1,pooled,H,6,0.59999999999999998,0.69999999999999996,134,0.63792587133895251,0.71641791044776115,False
elo_v1,pooled,H,7,0.69999999999999996,0.80000000000000004,12,0.72350978487477224,0.91666666666666663,True
elo_v1,pooled,H,8,0.80000000000000004,0.90000000000000002,0,,,True
elo_v1,pooled,H,9,0.90000000000000002,1,0,,,True
elo_v1,pooled,D,0,0,0.10000000000000001,0,,,True
elo_v1,pooled,D,1,0.10000000000000001,0.20000000000000001,72,0.18778371678774264,0.15277777777777779,False
elo_v1,pooled,D,2,0.20000000000000001,0.29999999999999999,1448,0.22953993560464681,0.24516574585635359,False
elo_v1,pooled,D,3,0.29999999999999999,0.40000000000000002,0,,,True
elo_v1,pooled,D,4,0.40000000000000002,0.5,0,,,True
elo_v1,pooled,D,5,0.5,0.59999999999999998,0,,,True
elo_v1,pooled,D,6,0.59999999999999998,0.69999999999999996,0,,,True
elo_v1,pooled,D,7,0.69999999999999996,0.80000000000000004,0,,,True
elo_v1,pooled,D,8,0.80000000000000004,0.90000000000000002,0,,,True
elo_v1,pooled,D,9,0.90000000000000002,1,0,,,True
elo_v1,pooled,A,0,0,0.10000000000000001,3,0.090456987387313406,0,True
elo_v1,pooled,A,1,0.10000000000000001,0.20000000000000001,173,0.16523969130666413,0.098265895953757232,False
elo_v1,pooled,A,2,0.20000000000000001,0.29999999999999999,491,0.25460036313053813,0.19348268839103869,False
elo_v1,pooled,A,3,0.29999999999999999,0.40000000000000002,517,0.34780137341232759,0.36363636363636365,False
elo_v1,pooled,A,4,0.40000000000000002,0.5,243,0.44398995916526229,0.48559670781893005,False
elo_v1,pooled,A,5,0.5,0.59999999999999998,82,0.53119420784916627,0.63414634146341464,False
elo_v1,pooled,A,6,0.59999999999999998,0.69999999999999996,11,0.62684196288334959,0.72727272727272729,True
elo_v1,pooled,A,7,0.69999999999999996,0.80000000000000004,0,,,True
elo_v1,pooled,A,8,0.80000000000000004,0.90000000000000002,0,,,True
elo_v1,pooled,A,9,0.90000000000000002,1,0,,,True
elo_v1,pooled,pooled,0,0,0.10000000000000001,3,0.090456987387313406,0,True
elo_v1,pooled,pooled,1,0.10000000000000001,0.20000000000000001,259,0.17206458151351844,0.10810810810810811,False
elo_v1,pooled,pooled,2,0.20000000000000001,0.29999999999999999,2073,0.23763642556731962,0.22720694645441389,False
elo_v1,pooled,pooled,3,0.29999999999999999,0.40000000000000002,878,0.35079055905835388,0.32460136674259682,False
elo_v1,pooled,pooled,4,0.40000000000000002,0.5,762,0.44832870776239631,0.46850393700787402,False
elo_v1,pooled,pooled,5,0.5,0.59999999999999998,428,0.54173729039011376,0.61682242990654201,False
elo_v1,pooled,pooled,6,0.59999999999999998,0.69999999999999996,145,0.63708502311128601,0.71724137931034482,False
elo_v1,pooled,pooled,7,0.69999999999999996,0.80000000000000004,12,0.72350978487477224,0.91666666666666663,True
elo_v1,pooled,pooled,8,0.80000000000000004,0.90000000000000002,0,,,True
elo_v1,pooled,pooled,9,0.90000000000000002,1,0,,,True
poisson_walkforward,pooled,H,0,0,0.10000000000000001,41,0.068176052794282738,0.17073170731707318,False
poisson_walkforward,pooled,H,1,0.10000000000000001,0.20000000000000001,151,0.1519763398553855,0.13907284768211919,False
poisson_walkforward,pooled,H,2,0.20000000000000001,0.29999999999999999,211,0.25169428155596824,0.25118483412322273,False
poisson_walkforward,pooled,H,3,0.29999999999999999,0.40000000000000002,275,0.35191743815889304,0.39636363636363636,False
poisson_walkforward,pooled,H,4,0.40000000000000002,0.5,276,0.4479685516290382,0.45289855072463769,False
poisson_walkforward,pooled,H,5,0.5,0.59999999999999998,219,0.54740803791752457,0.57534246575342463,False
poisson_walkforward,pooled,H,6,0.59999999999999998,0.69999999999999996,174,0.64467196612396449,0.64367816091954022,False
poisson_walkforward,pooled,H,7,0.69999999999999996,0.80000000000000004,104,0.74717556799096707,0.59615384615384615,False
poisson_walkforward,pooled,H,8,0.80000000000000004,0.90000000000000002,55,0.84165245497575591,0.90909090909090906,False
poisson_walkforward,pooled,H,9,0.90000000000000002,1,14,0.93047569047484602,0.7857142857142857,True
poisson_walkforward,pooled,D,0,0,0.10000000000000001,34,0.069955807662236497,0.14705882352941177,False
poisson_walkforward,pooled,D,1,0.10000000000000001,0.20000000000000001,365,0.16385790863157446,0.23013698630136986,False
poisson_walkforward,pooled,D,2,0.20000000000000001,0.29999999999999999,1056,0.24279557428552787,0.24715909090909091,False
poisson_walkforward,pooled,D,3,0.29999999999999999,0.40000000000000002,64,0.31916314683620822,0.25,False
poisson_walkforward,pooled,D,4,0.40000000000000002,0.5,1,0.42455072555396328,0,True
poisson_walkforward,pooled,D,5,0.5,0.59999999999999998,0,,,True
poisson_walkforward,pooled,D,6,0.59999999999999998,0.69999999999999996,0,,,True
poisson_walkforward,pooled,D,7,0.69999999999999996,0.80000000000000004,0,,,True
poisson_walkforward,pooled,D,8,0.80000000000000004,0.90000000000000002,0,,,True
poisson_walkforward,pooled,D,9,0.90000000000000002,1,0,,,True
poisson_walkforward,pooled,A,0,0,0.10000000000000001,136,0.064695285631226285,0.080882352941176475,False
poisson_walkforward,pooled,A,1,0.10000000000000001,0.20000000000000001,265,0.15357959370584121,0.14339622641509434,False
poisson_walkforward,pooled,A,2,0.20000000000000001,0.29999999999999999,331,0.25145665987143018,0.23564954682779457,False
poisson_walkforward,pooled,A,3,0.29999999999999999,0.40000000000000002,269,0.34940869717306777,0.38289962825278812,False
poisson_walkforward,pooled,A,4,0.40000000000000002,0.5,212,0.4446606840883463,0.3632075471698113,False
poisson_walkforward,pooled,A,5,0.5,0.59999999999999998,147,0.54339015942415292,0.46258503401360546,False
poisson_walkforward,pooled,A,6,0.59999999999999998,0.69999999999999996,100,0.64877601523822814,0.64000000000000001,False
poisson_walkforward,pooled,A,7,0.69999999999999996,0.80000000000000004,43,0.74548884742250321,0.65116279069767447,False
poisson_walkforward,pooled,A,8,0.80000000000000004,0.90000000000000002,14,0.83499350137106332,0.6428571428571429,True
poisson_walkforward,pooled,A,9,0.90000000000000002,1,3,0.91107064532705484,0.66666666666666663,True
poisson_walkforward,pooled,pooled,0,0,0.10000000000000001,211,0.066219310288760241,0.10900473933649289,False
poisson_walkforward,pooled,pooled,1,0.10000000000000001,0.20000000000000001,781,0.15807318348365659,0.18309859154929578,False
poisson_walkforward,pooled,pooled,2,0.20000000000000001,0.29999999999999999,1598,0.24576456462532545,0.24530663329161451,False
poisson_walkforward,pooled,pooled,3,0.29999999999999999,0.40000000000000002,608,0.34735966518218442,0.375,False
poisson_walkforward,pooled,pooled,4,0.40000000000000002,0.5,489,0.44648657669099784,0.41308793456032722,False
poisson_walkforward,pooled,pooled,5,0.5,0.59999999999999998,366,0.5457942998341212,0.5300546448087432,False
poisson_walkforward,pooled,pooled,6,0.59999999999999998,0.69999999999999996,274,0.64616979426785637,0.64233576642335766,False
poisson_walkforward,pooled,pooled,7,0.69999999999999996,0.80000000000000004,147,0.74668217353896726,0.61224489795918369,False
poisson_walkforward,pooled,pooled,8,0.80000000000000004,0.90000000000000002,69,0.84030136294002145,0.85507246376811596,False
poisson_walkforward,pooled,pooled,9,0.90000000000000002,1,17,0.92705127074288296,0.76470588235294112,True
dc_walkforward,pooled,H,0,0,0.10000000000000001,42,0.067597770184790837,0.19047619047619047,False
dc_walkforward,pooled,H,1,0.10000000000000001,0.20000000000000001,159,0.15233344765461121,0.14465408805031446,False
dc_walkforward,pooled,H,2,0.20000000000000001,0.29999999999999999,213,0.25280155626725004,0.27230046948356806,False
dc_walkforward,pooled,H,3,0.29999999999999999,0.40000000000000002,275,0.3510171466208265,0.37454545454545457,False
dc_walkforward,pooled,H,4,0.40000000000000002,0.5,276,0.44830110637648368,0.46014492753623187,False
dc_walkforward,pooled,H,5,0.5,0.59999999999999998,209,0.54717346574420234,0.58851674641148322,False
dc_walkforward,pooled,H,6,0.59999999999999998,0.69999999999999996,182,0.6456193480767497,0.63736263736263732,False
dc_walkforward,pooled,H,7,0.69999999999999996,0.80000000000000004,95,0.7506869878270046,0.61052631578947369,False
dc_walkforward,pooled,H,8,0.80000000000000004,0.90000000000000002,55,0.84042462023786479,0.89090909090909087,False
dc_walkforward,pooled,H,9,0.90000000000000002,1,14,0.93076715742404248,0.7857142857142857,True
dc_walkforward,pooled,D,0,0,0.10000000000000001,36,0.070825317682867941,0.1111111111111111,False
dc_walkforward,pooled,D,1,0.10000000000000001,0.20000000000000001,354,0.16445033365626063,0.20903954802259886,False
dc_walkforward,pooled,D,2,0.20000000000000001,0.29999999999999999,1010,0.2467929499190378,0.25742574257425743,False
dc_walkforward,pooled,D,3,0.29999999999999999,0.40000000000000002,118,0.32251280779344937,0.2288135593220339,False
dc_walkforward,pooled,D,4,0.40000000000000002,0.5,2,0.42144645917148527,0.5,True
dc_walkforward,pooled,D,5,0.5,0.59999999999999998,0,,,True
dc_walkforward,pooled,D,6,0.59999999999999998,0.69999999999999996,0,,,True
dc_walkforward,pooled,D,7,0.69999999999999996,0.80000000000000004,0,,,True
dc_walkforward,pooled,D,8,0.80000000000000004,0.90000000000000002,0,,,True
dc_walkforward,pooled,D,9,0.90000000000000002,1,0,,,True
dc_walkforward,pooled,A,0,0,0.10000000000000001,137,0.063802310167697454,0.094890510948905105,False
dc_walkforward,pooled,A,1,0.10000000000000001,0.20000000000000001,280,0.15337758523881564,0.1357142857142857,False
dc_walkforward,pooled,A,2,0.20000000000000001,0.29999999999999999,322,0.25207239900184164,0.25155279503105588,False
dc_walkforward,pooled,A,3,0.29999999999999999,0.40000000000000002,274,0.3481327428797652,0.37591240875912407,False
dc_walkforward,pooled,A,4,0.40000000000000002,0.5,212,0.44663116416731274,0.36792452830188677,False
dc_walkforward,pooled,A,5,0.5,0.59999999999999998,137,0.5444739898857186,0.46715328467153283,False
dc_walkforward,pooled,A,6,0.59999999999999998,0.69999999999999996,99,0.64859921503609264,0.6262626262626263,False
dc_walkforward,pooled,A,7,0.69999999999999996,0.80000000000000004,41,0.74436420421083671,0.70731707317073167,False
dc_walkforward,pooled,A,8,0.80000000000000004,0.90000000000000002,15,0.83257445449140699,0.53333333333333333,True
dc_walkforward,pooled,A,9,0.90000000000000002,1,3,0.911878989170542,0.66666666666666663,True
dc_walkforward,pooled,pooled,0,0,0.10000000000000001,215,0.065719694313111671,0.11627906976744186,False
dc_walkforward,pooled,pooled,1,0.10000000000000001,0.20000000000000001,793,0.15811117296124569,0.17023959646910466,False
dc_walkforward,pooled,pooled,2,0.20000000000000001,0.29999999999999999,1545,0.24872163325679317,0.258252427184466,False
dc_walkforward,pooled,pooled,3,0.29999999999999999,0.40000000000000002,667,0.34478950253284857,0.34932533733133431,False
dc_walkforward,pooled,pooled,4,0.40000000000000002,0.5,490,0.44746898996269951,0.42040816326530611,False
dc_walkforward,pooled,pooled,5,0.5,0.59999999999999998,346,0.54610459813549628,0.54046242774566478,False
dc_walkforward,pooled,pooled,6,0.59999999999999998,0.69999999999999996,281,0.64666919444320858,0.63345195729537362,False
dc_walkforward,pooled,pooled,7,0.69999999999999996,0.80000000000000004,136,0.74878085453095378,0.63970588235294112,False
dc_walkforward,pooled,pooled,8,0.80000000000000004,0.90000000000000002,70,0.83874244186362379,0.81428571428571428,False
dc_walkforward,pooled,pooled,9,0.90000000000000002,1,17,0.92743395126166017,0.76470588235294112,True
D1,pooled,H,0,0,0.10000000000000001,5,0.07963373115553174,0.20000000000000001,True
D1,pooled,H,1,0.10000000000000001,0.20000000000000001,52,0.16435093803636036,0.096153846153846159,False
D1,pooled,H,2,0.20000000000000001,0.29999999999999999,184,0.25699659147192006,0.19021739130434784,False
D1,pooled,H,3,0.29999999999999999,0.40000000000000002,317,0.35142007250512936,0.33753943217665616,False
D1,pooled,H,4,0.40000000000000002,0.5,411,0.45100992337837198,0.46958637469586373,False
D1,pooled,H,5,0.5,0.59999999999999998,265,0.54309317147630953,0.57735849056603772,False
D1,pooled,H,6,0.59999999999999998,0.69999999999999996,189,0.64153706247773268,0.59788359788359791,False
D1,pooled,H,7,0.69999999999999996,0.80000000000000004,80,0.7434132059528743,0.66249999999999998,False
D1,pooled,H,8,0.80000000000000004,0.90000000000000002,17,0.82769455370212763,0.94117647058823528,True
D1,pooled,H,9,0.90000000000000002,1,0,,,True
D1,pooled,D,0,0,0.10000000000000001,2,0.083531384254607974,0,True
D1,pooled,D,1,0.10000000000000001,0.20000000000000001,256,0.17111057737656549,0.26171875,False
D1,pooled,D,2,0.20000000000000001,0.29999999999999999,1247,0.23930346807739963,0.23576583801122694,False
D1,pooled,D,3,0.29999999999999999,0.40000000000000002,15,0.31113611945049308,0.33333333333333331,True
D1,pooled,D,4,0.40000000000000002,0.5,0,,,True
D1,pooled,D,5,0.5,0.59999999999999998,0,,,True
D1,pooled,D,6,0.59999999999999998,0.69999999999999996,0,,,True
D1,pooled,D,7,0.69999999999999996,0.80000000000000004,0,,,True
D1,pooled,D,8,0.80000000000000004,0.90000000000000002,0,,,True
D1,pooled,D,9,0.90000000000000002,1,0,,,True
D1,pooled,A,0,0,0.10000000000000001,55,0.077119561819328511,0.090909090909090912,False
D1,pooled,A,1,0.10000000000000001,0.20000000000000001,264,0.15700803703626898,0.13636363636363635,False
D1,pooled,A,2,0.20000000000000001,0.29999999999999999,402,0.25202814008248131,0.23134328358208955,False
D1,pooled,A,3,0.29999999999999999,0.40000000000000002,407,0.34359211463831529,0.35135135135135137,False
D1,pooled,A,4,0.40000000000000002,0.5,241,0.44693919369209539,0.45643153526970953,False
D1,pooled,A,5,0.5,0.59999999999999998,115,0.54482672546795496,0.57391304347826089,False
D1,pooled,A,6,0.59999999999999998,0.69999999999999996,26,0.63777982587606374,0.69230769230769229,False
D1,pooled,A,7,0.69999999999999996,0.80000000000000004,9,0.7349913223919875,0.66666666666666663,True
D1,pooled,A,8,0.80000000000000004,0.90000000000000002,1,0.82545491149182804,1,True
D1,pooled,A,9,0.90000000000000002,1,0,,,True
D1,pooled,pooled,0,0,0.10000000000000001,62,0.077529150392741011,0.096774193548387094,False
D1,pooled,pooled,1,0.10000000000000001,0.20000000000000001,572,0.16398719993682959,0.1888111888111888,False
D1,pooled,pooled,2,0.20000000000000001,0.29999999999999999,1833,0.24387021813230117,0.23022367703218766,False
D1,pooled,pooled,3,0.29999999999999999,0.40000000000000002,739,0.34629119815112008,0.34506089309878213,False
D1,pooled,pooled,4,0.40000000000000002,0.5,652,0.44950525182255502,0.46472392638036808,False
D1,pooled,pooled,5,0.5,0.59999999999999998,380,0.54361779965799173,0.57631578947368423,False
D1,pooled,pooled,6,0.59999999999999998,0.69999999999999996,215,0.64108269898171699,0.6093023255813953,False
D1,pooled,pooled,7,0.69999999999999996,0.80000000000000004,89,0.74256155480626784,0.6629213483146067,False
D1,pooled,pooled,8,0.80000000000000004,0.90000000000000002,18,0.8275701291348887,0.94444444444444442,True
D1,pooled,pooled,9,0.90000000000000002,1,0,,,True
market_B365C_proportional,pooled,H,0,0,0.10000000000000001,22,0.080589437561773114,0,False
market_B365C_proportional,pooled,H,1,0.10000000000000001,0.20000000000000001,142,0.15793705442337058,0.12676056338028169,False
market_B365C_proportional,pooled,H,2,0.20000000000000001,0.29999999999999999,237,0.25314148768237765,0.24050632911392406,False
market_B365C_proportional,pooled,H,3,0.29999999999999999,0.40000000000000002,271,0.34900768859214398,0.38007380073800739,False
market_B365C_proportional,pooled,H,4,0.40000000000000002,0.5,273,0.44900967296672534,0.43223443223443225,False
market_B365C_proportional,pooled,H,5,0.5,0.59999999999999998,238,0.55140099933258102,0.59663865546218486,False
market_B365C_proportional,pooled,H,6,0.59999999999999998,0.69999999999999996,188,0.64954504505010402,0.6436170212765957,False
market_B365C_proportional,pooled,H,7,0.69999999999999996,0.80000000000000004,106,0.75188692749102015,0.72641509433962259,False
market_B365C_proportional,pooled,H,8,0.80000000000000004,0.90000000000000002,43,0.83788155869412584,0.93023255813953487,False
market_B365C_proportional,pooled,H,9,0.90000000000000002,1,0,,,True
market_B365C_proportional,pooled,D,0,0,0.10000000000000001,16,0.082861901584980774,0,True
market_B365C_proportional,pooled,D,1,0.10000000000000001,0.20000000000000001,288,0.16407340731525405,0.18055555555555555,False
market_B365C_proportional,pooled,D,2,0.20000000000000001,0.29999999999999999,1187,0.2545326225828265,0.25610783487784328,False
market_B365C_proportional,pooled,D,3,0.29999999999999999,0.40000000000000002,29,0.30898297015617471,0.34482758620689657,False
market_B365C_proportional,pooled,D,4,0.40000000000000002,0.5,0,,,True
market_B365C_proportional,pooled,D,5,0.5,0.59999999999999998,0,,,True
market_B365C_proportional,pooled,D,6,0.59999999999999998,0.69999999999999996,0,,,True
market_B365C_proportional,pooled,D,7,0.69999999999999996,0.80000000000000004,0,,,True
market_B365C_proportional,pooled,D,8,0.80000000000000004,0.90000000000000002,0,,,True
market_B365C_proportional,pooled,D,9,0.90000000000000002,1,0,,,True
market_B365C_proportional,pooled,A,0,0,0.10000000000000001,110,0.074585993035734113,0.06363636363636363,False
market_B365C_proportional,pooled,A,1,0.10000000000000001,0.20000000000000001,333,0.15510485708428381,0.14414414414414414,False
market_B365C_proportional,pooled,A,2,0.20000000000000001,0.29999999999999999,326,0.24987792031221986,0.22085889570552147,False
market_B365C_proportional,pooled,A,3,0.29999999999999999,0.40000000000000002,281,0.34612565970449949,0.35587188612099646,False
market_B365C_proportional,pooled,A,4,0.40000000000000002,0.5,219,0.44792546837277847,0.44292237442922372,False
market_B365C_proportional,pooled,A,5,0.5,0.59999999999999998,140,0.55263849475534288,0.51428571428571423,False
market_B365C_proportional,pooled,A,6,0.59999999999999998,0.69999999999999996,70,0.64624043870686632,0.68571428571428572,False
market_B365C_proportional,pooled,A,7,0.69999999999999996,0.80000000000000004,36,0.73776620361765266,0.80555555555555558,False
market_B365C_proportional,pooled,A,8,0.80000000000000004,0.90000000000000002,5,0.81217105891950536,1,True
market_B365C_proportional,pooled,A,9,0.90000000000000002,1,0,,,True
market_B365C_proportional,pooled,pooled,0,0,0.10000000000000001,148,0.076373089767901706,0.0472972972972973,False
market_B365C_proportional,pooled,pooled,1,0.10000000000000001,0.20000000000000001,763,0.1590171958636675,0.15465268676277852,False
market_B365C_proportional,pooled,pooled,2,0.20000000000000001,0.29999999999999999,1750,0.253477118633327,0.24742857142857144,False
market_B365C_proportional,pooled,pooled,3,0.29999999999999999,0.40000000000000002,581,0.34561600709116086,0.36660929432013767,False
market_B365C_proportional,pooled,pooled,4,0.40000000000000002,0.5,492,0.44852706970234651,0.43699186991869921,False
market_B365C_proportional,pooled,pooled,5,0.5,0.59999999999999998,378,0.55185933097064088,0.56613756613756616,False
market_B365C_proportional,pooled,pooled,6,0.59999999999999998,0.69999999999999996,258,0.64864844642984587,0.65503875968992253,False
market_B365C_proportional,pooled,pooled,7,0.69999999999999996,0.80000000000000004,142,0.74830702566396912,0.74647887323943662,False
market_B365C_proportional,pooled,pooled,8,0.80000000000000004,0.90000000000000002,48,0.83520338163426955,0.9375,False
market_B365C_proportional,pooled,pooled,9,0.90000000000000002,1,0,,,True
market_B365C_shin,pooled,H,0,0,0.10000000000000001,30,0.07701738268022415,0,False
market_B365C_shin,pooled,H,1,0.10000000000000001,0.20000000000000001,148,0.15804949336022042,0.14189189189189189,False
market_B365C_shin,pooled,H,2,0.20000000000000001,0.29999999999999999,223,0.25331662183046333,0.24215246636771301,False
market_B365C_shin,pooled,H,3,0.29999999999999999,0.40000000000000002,262,0.34787339359287756,0.38167938931297712,False
market_B365C_shin,pooled,H,4,0.40000000000000002,0.5,251,0.4457544124182739,0.41832669322709165,False
market_B365C_shin,pooled,H,5,0.5,0.59999999999999998,247,0.54904876012201276,0.57894736842105265,False
market_B365C_shin,pooled,H,6,0.59999999999999998,0.69999999999999996,173,0.64556962027241893,0.61849710982658956,False
market_B365C_shin,pooled,H,7,0.69999999999999996,0.80000000000000004,124,0.7448390400664332,0.7338709677419355,False
market_B365C_shin,pooled,H,8,0.80000000000000004,0.90000000000000002,59,0.83997141415356846,0.88135593220338981,False
market_B365C_shin,pooled,H,9,0.90000000000000002,1,3,0.90861155548916317,1,True
market_B365C_shin,pooled,D,0,0,0.10000000000000001,19,0.075209603946721132,0,True
market_B365C_shin,pooled,D,1,0.10000000000000001,0.20000000000000001,298,0.15933884738641968,0.18456375838926176,False
market_B365C_shin,pooled,D,2,0.20000000000000001,0.29999999999999999,1174,0.25192053670387227,0.25638841567291309,False
market_B365C_shin,pooled,D,3,0.29999999999999999,0.40000000000000002,29,0.30796744897561124,0.34482758620689657,False
market_B365C_shin,pooled,D,4,0.40000000000000002,0.5,0,,,True
market_B365C_shin,pooled,D,5,0.5,0.59999999999999998,0,,,True
market_B365C_shin,pooled,D,6,0.59999999999999998,0.69999999999999996,0,,,True
market_B365C_shin,pooled,D,7,0.69999999999999996,0.80000000000000004,0,,,True
market_B365C_shin,pooled,D,8,0.80000000000000004,0.90000000000000002,0,,,True
market_B365C_shin,pooled,D,9,0.90000000000000002,1,0,,,True
market_B365C_shin,pooled,A,0,0,0.10000000000000001,130,0.069108779859301361,0.069230769230769235,False
market_B365C_shin,pooled,A,1,0.10000000000000001,0.20000000000000001,329,0.1533739966129955,0.1458966565349544,False
market_B365C_shin,pooled,A,2,0.20000000000000001,0.29999999999999999,311,0.24923660188701388,0.22829581993569131,False
market_B365C_shin,pooled,A,3,0.29999999999999999,0.40000000000000002,274,0.34558462371129373,0.34671532846715331,False
market_B365C_shin,pooled,A,4,0.40000000000000002,0.5,201,0.44500810826654708,0.44776119402985076,False
market_B365C_shin,pooled,A,5,0.5,0.59999999999999998,155,0.54990251484681296,0.49677419354838709,False
market_B365C_shin,pooled,A,6,0.59999999999999998,0.69999999999999996,72,0.64799554146789895,0.66666666666666663,False
market_B365C_shin,pooled,A,7,0.69999999999999996,0.80000000000000004,39,0.74031664419723364,0.84615384615384615,False
market_B365C_shin,pooled,A,8,0.80000000000000004,0.90000000000000002,9,0.82048377095583269,0.77777777777777779,True
market_B365C_shin,pooled,A,9,0.90000000000000002,1,0,,,True
market_B365C_shin,pooled,pooled,0,0,0.10000000000000001,179,0.07108181752571846,0.05027932960893855,False
market_B365C_shin,pooled,pooled,1,0.10000000000000001,0.20000000000000001,775,0.15656044699889191,0.16,False
market_B365C_shin,pooled,pooled,2,0.20000000000000001,0.29999999999999999,1708,0.25161411003829082,0.24941451990632318,False
market_B365C_shin,pooled,pooled,3,0.29999999999999999,0.40000000000000002,565,0.34471517174959487,0.36283185840707965,False
market_B365C_shin,pooled,pooled,4,0.40000000000000002,0.5,452,0.44542253822690864,0.43141592920353983,False
market_B365C_shin,pooled,pooled,5,0.5,0.59999999999999998,402,0.54937794415769448,0.54726368159203975,False
market_B365C_shin,pooled,pooled,6,0.59999999999999998,0.69999999999999996,245,0.64628254405231511,0.63265306122448983,False
market_B365C_shin,pooled,pooled,7,0.69999999999999996,0.80000000000000004,163,0.74375699442901733,0.76073619631901845,False
market_B365C_shin,pooled,pooled,8,0.80000000000000004,0.90000000000000002,68,0.83739216725975052,0.86764705882352944,False
market_B365C_shin,pooled,pooled,9,0.90000000000000002,1,3,0.90861155548916317,1,True
market_AvgC_proportional,pooled,H,0,0,0.10000000000000001,25,0.080210923796291939,0,False
market_AvgC_proportional,pooled,H,1,0.10000000000000001,0.20000000000000001,146,0.1583498351524352,0.13013698630136986,False
market_AvgC_proportional,pooled,H,2,0.20000000000000001,0.29999999999999999,232,0.254185773614997,0.25,False
market_AvgC_proportional,pooled,H,3,0.29999999999999999,0.40000000000000002,278,0.35034850096601988,0.37769784172661869,False
market_AvgC_proportional,pooled,H,4,0.40000000000000002,0.5,259,0.44734568752667331,0.42857142857142855,False
market_AvgC_proportional,pooled,H,5,0.5,0.59999999999999998,243,0.55048004642092951,0.5967078189300411,False
market_AvgC_proportional,pooled,H,6,0.59999999999999998,0.69999999999999996,174,0.64851116717117119,0.63793103448275867,False
market_AvgC_proportional,pooled,H,7,0.69999999999999996,0.80000000000000004,116,0.74879218643655809,0.72413793103448276,False
market_AvgC_proportional,pooled,H,8,0.80000000000000004,0.90000000000000002,47,0.84254103411585068,0.91489361702127658,False
market_AvgC_proportional,pooled,H,9,0.90000000000000002,1,0,,,True
market_AvgC_proportional,pooled,D,0,0,0.10000000000000001,18,0.083905203768123257,0,True
market_AvgC_proportional,pooled,D,1,0.10000000000000001,0.20000000000000001,276,0.16302852220496794,0.17391304347826086,False
market_AvgC_proportional,pooled,D,2,0.20000000000000001,0.29999999999999999,1179,0.25468899304818254,0.2586938083121289,False
market_AvgC_proportional,pooled,D,3,0.29999999999999999,0.40000000000000002,47,0.30579743720296249,0.27659574468085107,False
market_AvgC_proportional,pooled,D,4,0.40000000000000002,0.5,0,,,True
market_AvgC_proportional,pooled,D,5,0.5,0.59999999999999998,0,,,True
market_AvgC_proportional,pooled,D,6,0.59999999999999998,0.69999999999999996,0,,,True
market_AvgC_proportional,pooled,D,7,0.69999999999999996,0.80000000000000004,0,,,True
market_AvgC_proportional,pooled,D,8,0.80000000000000004,0.90000000000000002,0,,,True
market_AvgC_proportional,pooled,D,9,0.90000000000000002,1,0,,,True
market_AvgC_proportional,pooled,A,0,0,0.10000000000000001,120,0.071497212348379316,0.074999999999999997,False
market_AvgC_proportional,pooled,A,1,0.10000000000000001,0.20000000000000001,326,0.15499490768511681,0.13803680981595093,False
market_AvgC_proportional,pooled,A,2,0.20000000000000001,0.29999999999999999,322,0.24957528749723565,0.2391304347826087,False
market_AvgC_proportional,pooled,A,3,0.29999999999999999,0.40000000000000002,286,0.34635570283306394,0.34615384615384615,False
market_AvgC_proportional,pooled,A,4,0.40000000000000002,0.5,209,0.44568756812567956,0.43062200956937802,False
market_AvgC_proportional,pooled,A,5,0.5,0.59999999999999998,143,0.55099343137786017,0.5174825174825175,False
market_AvgC_proportional,pooled,A,6,0.59999999999999998,0.69999999999999996,72,0.64609853252150051,0.68055555555555558,False
market_AvgC_proportional,pooled,A,7,0.69999999999999996,0.80000000000000004,35,0.73613324217274723,0.8571428571428571,False
market_AvgC_proportional,pooled,A,8,0.80000000000000004,0.90000000000000002,7,0.80967874212595992,0.7142857142857143,True
market_AvgC_proportional,pooled,A,9,0.90000000000000002,1,0,,,True
market_AvgC_proportional,pooled,pooled,0,0,0.10000000000000001,163,0.074203878800852996,0.055214723926380369,False
market_AvgC_proportional,pooled,pooled,1,0.10000000000000001,0.20000000000000001,748,0.15861402134515346,0.1497326203208556,False
market_AvgC_proportional,pooled,pooled,2,0.20000000000000001,0.29999999999999999,1733,0.25367147423923625,0.25389497980380843,False
market_AvgC_proportional,pooled,pooled,3,0.29999999999999999,0.40000000000000002,611,0.34505252672233888,0.35515548281505727,False
market_AvgC_proportional,pooled,pooled,4,0.40000000000000002,0.5,468,0.44660520258050301,0.42948717948717946,False
market_AvgC_proportional,pooled,pooled,5,0.5,0.59999999999999998,386,0.55067023825730543,0.56735751295336789,False
market_AvgC_proportional,pooled,pooled,6,0.59999999999999998,0.69999999999999996,246,0.64780503020053593,0.65040650406504064,False
market_AvgC_proportional,pooled,pooled,7,0.69999999999999996,0.80000000000000004,151,0.74585799405752917,0.75496688741721851,False
market_AvgC_proportional,pooled,pooled,8,0.80000000000000004,0.90000000000000002,54,0.83828110737642036,0.88888888888888884,False
market_AvgC_proportional,pooled,pooled,9,0.90000000000000002,1,0,,,True
market_AvgC_shin,pooled,H,0,0,0.10000000000000001,30,0.076567737012416093,0,False
market_AvgC_shin,pooled,H,1,0.10000000000000001,0.20000000000000001,151,0.15746266060056702,0.13907284768211919,False
market_AvgC_shin,pooled,H,2,0.20000000000000001,0.29999999999999999,224,0.25441095820488552,0.25,False
market_AvgC_shin,pooled,H,3,0.29999999999999999,0.40000000000000002,267,0.34960332918127152,0.37827715355805241,False
market_AvgC_shin,pooled,H,4,0.40000000000000002,0.5,255,0.44673892761465311,0.41960784313725491,False
market_AvgC_shin,pooled,H,5,0.5,0.59999999999999998,235,0.55045924047158779,0.5957446808510638,False
market_AvgC_shin,pooled,H,6,0.59999999999999998,0.69999999999999996,170,0.64545468766082748,0.60588235294117643,False
market_AvgC_shin,pooled,H,7,0.69999999999999996,0.80000000000000004,125,0.74511859384430101,0.73599999999999999,False
market_AvgC_shin,pooled,H,8,0.80000000000000004,0.90000000000000002,58,0.83899360519254751,0.87931034482758619,False
market_AvgC_shin,pooled,H,9,0.90000000000000002,1,5,0.91081873426436621,1,True
market_AvgC_shin,pooled,D,0,0,0.10000000000000001,21,0.079056156506346564,0,False
market_AvgC_shin,pooled,D,1,0.10000000000000001,0.20000000000000001,302,0.16199253848456605,0.19536423841059603,False
market_AvgC_shin,pooled,D,2,0.20000000000000001,0.29999999999999999,1154,0.25359238191110067,0.25563258232235703,False
market_AvgC_shin,pooled,D,3,0.29999999999999999,0.40000000000000002,43,0.30537396931720023,0.27906976744186046,False
market_AvgC_shin,pooled,D,4,0.40000000000000002,0.5,0,,,True
market_AvgC_shin,pooled,D,5,0.5,0.59999999999999998,0,,,True
market_AvgC_shin,pooled,D,6,0.59999999999999998,0.69999999999999996,0,,,True
market_AvgC_shin,pooled,D,7,0.69999999999999996,0.80000000000000004,0,,,True
market_AvgC_shin,pooled,D,8,0.80000000000000004,0.90000000000000002,0,,,True
market_AvgC_shin,pooled,D,9,0.90000000000000002,1,0,,,True
market_AvgC_shin,pooled,A,0,0,0.10000000000000001,133,0.066875990331114771,0.067669172932330823,False
market_AvgC_shin,pooled,A,1,0.10000000000000001,0.20000000000000001,326,0.15316322551887657,0.15337423312883436,False
market_AvgC_shin,pooled,A,2,0.20000000000000001,0.29999999999999999,312,0.2493122249533993,0.23076923076923078,False
market_AvgC_shin,pooled,A,3,0.29999999999999999,0.40000000000000002,277,0.34612632956550549,0.35018050541516244,False
market_AvgC_shin,pooled,A,4,0.40000000000000002,0.5,206,0.44564291747142559,0.43203883495145629,False
market_AvgC_shin,pooled,A,5,0.5,0.59999999999999998,137,0.5494953996271309,0.51094890510948909,False
market_AvgC_shin,pooled,A,6,0.59999999999999998,0.69999999999999996,79,0.64143475600669408,0.620253164556962,False
market_AvgC_shin,pooled,A,7,0.69999999999999996,0.80000000000000004,42,0.73920307697185939,0.8571428571428571,False
market_AvgC_shin,pooled,A,8,0.80000000000000004,0.90000000000000002,8,0.8231054903779107,0.75,True
market_AvgC_shin,pooled,A,9,0.90000000000000002,1,0,,,True
market_AvgC_shin,pooled,pooled,0,0,0.10000000000000001,184,0.069846294081761032,0.048913043478260872,False
market_AvgC_shin,pooled,pooled,1,0.10000000000000001,0.20000000000000001,779,0.15741953773065254,0.1668806161745828,False
market_AvgC_shin,pooled,pooled,2,0.20000000000000001,0.29999999999999999,1690,0.25291069677441724,0.25029585798816567,False
market_AvgC_shin,pooled,pooled,3,0.29999999999999999,0.40000000000000002,587,0.34472259431292013,0.35775127768313458,False
market_AvgC_shin,pooled,pooled,4,0.40000000000000002,0.5,461,0.44624917037060785,0.42516268980477223,False
market_AvgC_shin,pooled,pooled,5,0.5,0.59999999999999998,372,0.55010427757994651,0.56451612903225812,False
market_AvgC_shin,pooled,pooled,6,0.59999999999999998,0.69999999999999996,249,0.6441792876581105,0.61044176706827313,False
market_AvgC_shin,pooled,pooled,7,0.69999999999999996,0.80000000000000004,167,0.74363085906201032,0.76646706586826352,False
market_AvgC_shin,pooled,pooled,8,0.80000000000000004,0.90000000000000002,66,0.83706777309380376,0.86363636363636365,False
market_AvgC_shin,pooled,pooled,9,0.90000000000000002,1,5,0.91081873426436621,1,True
