arm,fold,team,parameter,refits,mean_abs_change,mean_level,relative_change
goals,1,Arsenal,attack,117,0.026379024525356773,1.6840100709457881,0.015664410195920953
goals,1,Arsenal,defence,117,0.019090588025360431,0.90279057985828548,0.021146197635732038
goals,1,Aston Villa,attack,117,0.015508555792975614,1.0404955606742872,0.01490497064968291
goals,1,Aston Villa,defence,117,0.020840843517206459,1.0596313395937593,0.019668013523643429
goals,1,Brentford,attack,117,0.021328124613292112,1.1881927789392752,0.017950054058005788
goals,1,Brentford,defence,117,0.023454809143890601,1.0849299598639106,0.021618731173054417
goals,1,Brighton,attack,117,0.025206366665422707,1.3212264216610472,0.019078006806534521
goals,1,Brighton,defence,117,0.022780124280018996,0.98545163108146883,0.023116430641064847
goals,1,Burnley,attack,117,0.0051342371883684786,0.71311868287964686,0.0071996952423626021
goals,1,Burnley,defence,117,0.0098398091136027207,1.0982303418095993,0.0089596951923485036
goals,1,Chelsea,attack,117,0.020050184640653931,1.0375202865704176,0.019325101301807753
goals,1,Chelsea,defence,117,0.018631820856524411,0.85961458140961822,0.021674621696122779
goals,1,Crystal Palace,attack,117,0.019692013436459335,0.85056883006096917,0.023151581318877866
goals,1,Crystal Palace,defence,117,0.019139834369328521,0.9552569670631671,0.020036320099472128
goals,1,Everton,attack,117,0.01381864700630047,0.72476547953798431,0.01906637029002738
goals,1,Everton,defence,117,0.021738960765492834,1.1916612243174307,0.018242567872378872
goals,1,Leeds United,attack,117,0.01818300886004626,0.99724276087055463,0.018233282379681744
goals,1,Leeds United,defence,117,0.027575454116665024,1.4757539201916514,0.018685672278670882
goals,1,Leicester City,attack,117,0.02274206054984703,1.1975604080002278,0.018990324327624819
goals,1,Leicester City,defence,117,0.024037978815960325,1.3196685464685791,0.018215163860869257
goals,1,Liverpool,attack,117,0.029138146672154221,1.6204132486074811,0.017981923251488095
goals,1,Liverpool,defence,117,0.018573158995748858,0.8113887593623047,0.02289057961604752
goals,1,Manchester City,attack,117,0.032344346280279886,2.1057884016248254,0.015359732371649023
goals,1,Manchester City,defence,117,0.016384393827729101,0.73858050278278398,0.022183626247913209
goals,1,Manchester Utd,attack,117,0.018564187509291591,1.2017116606431273,0.015448121306700546
goals,1,Manchester Utd,defence,117,0.023585178124072768,1.0357487988457057,0.022771137316651837
goals,1,Newcastle,attack,117,0.026449589726694665,1.218668283169245,0.021703682693628799
goals,1,Newcastle,defence,117,0.015745281969359828,0.76077548581645571,0.020696358206734499
goals,1,Norwich City,attack,117,0.0040176453268374792,0.51133774780481023,0.0078571264180776063
goals,1,Norwich City,defence,117,0.01669724715624268,1.8101272083173887,0.0092243501338028482
goals,1,Southampton,attack,117,0.015576962573698332,0.75287236274095548,0.02069004434827152
goals,1,Southampton,defence,117,0.023387846783799418,1.4071626086604918,0.016620571524468525
goals,1,Tottenham,attack,117,0.021134693064399891,1.5467589810383955,0.013663856698741393
goals,1,Tottenham,defence,117,0.021249142669467799,1.0273616238491159,0.020683216285474731
goals,1,Watford,attack,117,0.0046810521002249679,0.62349787823372038,0.0075077273935329402
goals,1,Watford,defence,117,0.015911348681227545,1.6695583368415996,0.0095302741630028734
goals,1,West Ham,attack,117,0.017273588702153741,0.92474481094363536,0.018679303195578128
goals,1,West Ham,defence,117,0.019773631942133749,1.0645143179935306,0.018575261607945721
goals,1,Wolves,attack,117,0.013430692238624618,0.69862910657100596,0.019224352538852563
goals,1,Wolves,defence,117,0.020739327252243964,1.0645357419345272,0.019482039386066484
sot,1,Arsenal,attack,117,0.011258991698647006,1.291925281842516,0.0087148938540700088
sot,1,Arsenal,defence,117,0.030635866158638447,2.9861405113312722,0.010259351843085393
sot,1,Aston Villa,attack,117,0.0096804569703184372,1.0302686047946936,0.0093960515978719038
sot,1,Aston Villa,defence,117,0.040120044898724838,3.6974281078638707,0.010850797832524605
sot,1,Brentford,attack,117,0.010485168196679662,1.0295477611082544,0.010184246513627426
sot,1,Brentford,defence,117,0.046070837159744624,4.6371863743696577,0.0099350842170985911
sot,1,Brighton,attack,117,0.013143689066446525,1.2736139748207331,0.010319994383146243
sot,1,Brighton,defence,117,0.036660619507451302,3.0692781974631345,0.011944378172611589
sot,1,Burnley,attack,117,0.0026414842022934649,0.8176766887432656,0.0032304751237965633
sot,1,Burnley,defence,117,0.018060086372110807,4.4132314971659996,0.004092259013312189
sot,1,Chelsea,attack,117,0.011086311448910261,1.0881720729285327,0.010188013205553357
sot,1,Chelsea,defence,117,0.043069199043955175,3.4170457293394572,0.012604220854919844
sot,1,Crystal Palace,attack,117,0.012072935699841761,0.90312785230819481,0.01336791426483638
sot,1,Crystal Palace,defence,117,0.037569781067583595,3.498384093503641,0.010739181308693111
sot,1,Everton,attack,117,0.009343094928099465,0.89939630079262256,0.010388184741104178
sot,1,Everton,defence,117,0.041692269368042913,4.379300488622361,0.0095203034083551664
sot,1,Leeds United,attack,117,0.0087445162091993097,0.95610648037160362,0.0091459647944239809
sot,1,Leeds United,defence,117,0.050996526798431356,4.5362007712352463,0.011242122950511418
sot,1,Leicester City,attack,117,0.011291337359416464,0.99083875416829681,0.011395736502953334
sot,1,Leicester City,defence,117,0.044758970145341186,4.077081511656222,0.010978188691439447
sot,1,Liverpool,attack,117,0.011522450631878877,1.4581774232217299,0.0079019538009448241
sot,1,Liverpool,defence,117,0.037020688929676838,3.2390507559776602,0.011429487130251123
sot,1,Manchester City,attack,117,0.014262666314687427,1.4610147225219516,0.0097621646755672118
sot,1,Manchester City,defence,117,0.032874150410712004,2.0777274891451576,0.015822166565374492
sot,1,Manchester Utd,attack,117,0.012416129972245697,1.2741109244219089,0.0097449364370524941
sot,1,Manchester Utd,defence,117,0.039143615646133549,3.6215404966652849,0.01080855389638111
sot,1,Newcastle,attack,117,0.010951623063209286,1.1472864738781858,0.0095456743477410535
sot,1,Newcastle,defence,117,0.043742192411988526,3.2105020793554564,0.013624720162389756
sot,1,Norwich City,attack,117,0.0022575250019545167,0.69496371375987087,0.0032484070135704291
sot,1,Norwich City,defence,117,0.023472608519597784,5.4552595264882893,0.004302748275425824
sot,1,Southampton,attack,117,0.010669707383412396,0.94852580660840957,0.011248726507045148
sot,1,Southampton,defence,117,0.032294040207449831,3.7649695935156648,0.0085775035907512346
sot,1,Tottenham,attack,117,0.010169214373758321,1.3045112362979621,0.0077954210671402607
sot,1,Tottenham,defence,117,0.037256706607307795,3.6055175062427529,0.010333248013024449
sot,1,Watford,attack,117,0.0025119259982489825,0.72072858670491446,0.0034852592842656762
sot,1,Watford,defence,117,0.02005916395365543,4.5212392077779882,0.0044366517743956576
sot,1,West Ham,attack,117,0.0080530257616267288,0.90191858809783176,0.0089287723613843632
sot,1,West Ham,defence,117,0.037541205353292244,3.7444371533806158,0.010025860714312874
sot,1,Wolves,attack,117,0.0075434615657554412,0.84562686308024271,0.00892055573811594
sot,1,Wolves,defence,117,0.034834112090968136,3.9248200582461692,0.0088753399070565231
goals,1,Bournemouth,attack,115,0.032948610239251143,0.78327247317158777,0.042065323840422067
goals,1,Bournemouth,defence,115,0.041670163066054866,1.4630509842220851,0.028481688960560178
goals,1,Fulham,attack,115,0.046513909384558377,1.2594623706305235,0.036931559425052267
goals,1,Fulham,defence,115,0.033143662959428943,1.0878956219522629,0.030465848276833397
goals,1,Nottingham,attack,115,0.023267686461782611,0.66925331898495288,0.03476663589367384
goals,1,Nottingham,defence,115,0.041814444336239223,1.3699929972439004,0.030521648227662422
sot,1,Bournemouth,attack,115,0.013214753337477438,0.7881218082300081,0.016767399657618406
sot,1,Bournemouth,defence,115,0.065499058574775115,4.3634433384954407,0.015010864927917191
sot,1,Fulham,attack,115,0.01926505502615199,1.0096721202637968,0.019080506076684194
sot,1,Fulham,defence,115,0.085189446111498882,4.3539775992114595,0.019565889849072118
sot,1,Nottingham,attack,115,0.014457373595148424,0.75420169225212164,0.019169107870836595
sot,1,Nottingham,defence,115,0.081648818581180657,4.6713497216806665,0.017478635393584897
goals,2,Arsenal,attack,120,0.020937580402548096,1.6491385450817115,0.01269607120941478
goals,2,Arsenal,defence,120,0.015558459686693119,0.79745961844312208,0.019510028253302471
goals,2,Aston Villa,attack,120,0.018811762598149168,1.3651333550358014,0.013780164793977817
goals,2,Aston Villa,defence,120,0.017939603003961597,1.0262396876128828,0.017480909402062376
goals,2,Bournemouth,attack,120,0.014530937553989293,0.91965146263236619,0.015800483274823088
goals,2,Bournemouth,defence,120,0.019619210776803755,1.3813553116487194,0.014202870623769641
goals,2,Brentford,attack,120,0.015341772307861013,1.0874188759409298,0.014108429278998833
goals,2,Brentford,defence,120,0.018583844368929812,1.1371480905928955,0.016342501493574524
goals,2,Brighton,attack,120,0.019319941194975446,1.3360505786364565,0.014460486379709477
goals,2,Brighton,defence,120,0.01793724886986563,1.2449096345678725,0.01440847461678769
goals,2,Burnley,attack,120,0.021476922957731598,0.72817213947431658,0.029494293716368025
goals,2,Burnley,defence,120,0.03370220369581519,1.5913293380282643,0.021178647870323239
goals,2,Chelsea,attack,120,0.017788500513258258,1.117964114957164,0.01591151296832085
goals,2,Chelsea,defence,120,0.017434117574071203,1.1940054490874203,0.014601371867604221
goals,2,Crystal Palace,attack,120,0.013924176409875189,0.85749417689308394,0.016238216870843328
goals,2,Crystal Palace,defence,120,0.019457071738113257,1.1587982204849361,0.016790733187328183
goals,2,Everton,attack,120,0.013996001696443378,0.77834505515830754,0.017981744219595166
goals,2,Everton,defence,120,0.020885064442607133,1.1207564156946896,0.01863479356454251
goals,2,Fulham,attack,120,0.019061534624436199,1.0443433544402265,0.018252172088224071
goals,2,Fulham,defence,120,0.021761828288245955,1.1907565394803334,0.018275631975738039
goals,2,Leeds United,attack,120,0.0048402311080636522,0.92671541208085229,0.0052229962348369369
goals,2,Leeds United,defence,120,0.01098972950255243,1.7238977850531583,0.0063749310416415144
goals,2,Leicester City,attack,120,0.0051964437561769477,0.97980713333031766,0.0053035373793559586
goals,2,Leicester City,defence,120,0.0087259646853551295,1.3456028060155876,0.0064847997093534946
goals,2,Liverpool,attack,120,0.017814440418638708,1.6135577513470858,0.011040472771282121
goals,2,Liverpool,defence,120,0.012031522491532037,0.83785733106154681,0.014359870165829262
goals,2,Manchester City,attack,120,0.023291059595376227,1.716338256884274,0.013570203601740639
goals,2,Manchester City,defence,120,0.013201270160258674,0.74153994369156673,0.017802507164401057
goals,2,Manchester Utd,attack,120,0.01651006171272805,1.0309931797858569,0.016013744839861389
goals,2,Manchester Utd,defence,120,0.017348516080094828,1.0081223532552137,0.017208740609784813
goals,2,Newcastle,attack,120,0.023470525604939712,1.5060255126744144,0.01558441434585031
goals,2,Newcastle,defence,120,0.019559318884660341,1.0587206380204273,0.018474485319594721
goals,2,Norwich City,attack,120,0.0024977193637594972,0.45560350013975054,0.0054822216312942146
goals,2,Norwich City,defence,120,0.010978698876275379,1.8093664430076908,0.0060677033768934078
goals,2,Nottingham,attack,120,0.014707216372547422,0.90972876764791666,0.016166594808881992
goals,2,Nottingham,defence,120,0.018462980199931367,1.3413874678689022,0.013764091764823174
goals,2,Southampton,attack,120,0.0042691905705718207,0.82428876100116011,0.0051792415140861203
goals,2,Southampton,defence,120,0.0096855577164051236,1.5841557400321369,0.0061140186356984311
goals,2,Tottenham,attack,120,0.018045294946165007,1.4716884596304374,0.012261626995904043
goals,2,Tottenham,defence,120,0.016665000126987586,1.2776699518928565,0.013043274675356134
goals,2,Watford,attack,120,0.0031609587301525484,0.56418657329738542,0.005602683367096707
goals,2,Watford,defence,120,0.011000220871540676,1.7123911821737097,0.0064238948355112378
goals,2,West Ham,attack,120,0.017255366883986597,1.1080990109306099,0.015572044297282693
goals,2,West Ham,defence,120,0.019043582963511715,1.3272423629043564,0.014348233220825872
goals,2,Wolves,attack,120,0.015410364268113048,0.91063300804138192,0.016922694578420942
goals,2,Wolves,defence,120,0.017916523003155355,1.2509681910207717,0.014322125160141549
sot,2,Arsenal,attack,120,0.011350372480390883,1.2886024440221642,0.0088082810435796861
sot,2,Arsenal,defence,120,0.035824400335954167,2.4712956878494463,0.014496201531889139
sot,2,Aston Villa,attack,120,0.010589848819456942,1.1251661405830797,0.0094118090097957512
sot,2,Aston Villa,defence,120,0.032703543540591976,3.5525929161212613,0.0092055420682136211
sot,2,Bournemouth,attack,120,0.010350667230684493,1.0352496917420693,0.009998232613106969
sot,2,Bournemouth,defence,120,0.046372908218062697,4.4064114555868805,0.010523962341116959
sot,2,Brentford,attack,120,0.0088616140441480137,1.03907966490749,0.0085283297743460017
sot,2,Brentford,defence,120,0.042248924093890555,4.0436227448130539,0.010448285302600309
sot,2,Brighton,attack,120,0.012980331414955599,1.3995334983580274,0.0092747557883998445
sot,2,Brighton,defence,120,0.032069558334324386,3.4122240301868634,0.0093984328258095544
sot,2,Burnley,attack,120,0.012765483675587519,0.78931352687035627,0.016172893585395545
sot,2,Burnley,defence,120,0.071081368021795849,5.0144143609394609,0.014175407715703536
sot,2,Chelsea,attack,120,0.010810560991634447,1.1560634599622799,0.0093511830154956836
sot,2,Chelsea,defence,120,0.04249415182886717,3.9457315130898412,0.010769651124992704
sot,2,Crystal Palace,attack,120,0.0089953191513197396,0.91494462716971736,0.0098315448653387809
sot,2,Crystal Palace,defence,120,0.036044608410930074,3.3745121060125638,0.01068142809347381
sot,2,Everton,attack,120,0.01031897526905425,1.0248878252864395,0.010068394817911185
sot,2,Everton,defence,120,0.03774712423907034,3.7480878181636408,0.010071035170559151
sot,2,Fulham,attack,120,0.0087855858888442277,0.98880794325215549,0.0088850276221980346
sot,2,Fulham,defence,120,0.037696991692491959,4.2987754159721785,0.0087692396193641796
sot,2,Leeds United,attack,120,0.0034827262298704822,0.90028929093450938,0.0038684523574143343
sot,2,Leeds United,defence,120,0.022497574309494825,4.3066183523341532,0.0052239535684190166
sot,2,Leicester City,attack,120,0.0037036107622975363,0.96490224874256803,0.0038383274234503775
sot,2,Leicester City,defence,120,0.020414073765790654,3.9138268106915359,0.0052158858205030492
sot,2,Liverpool,attack,120,0.011990908570920203,1.4461272098513036,0.0082917384371414705
sot,2,Liverpool,defence,120,0.037316252428514579,3.2119489171265498,0.01161794704440635
sot,2,Manchester City,attack,120,0.016650015450748231,1.4817290102923308,0.011236882948970097
sot,2,Manchester City,defence,120,0.028415618806555673,2.391908438338743,0.011879894042387019
sot,2,Manchester Utd,attack,120,0.012284712931712665,1.2030475291524207,0.010211328009931225
sot,2,Manchester Utd,defence,120,0.039983482170405323,3.928140363342691,0.010178730511651312
sot,2,Newcastle,attack,120,0.012353997190324284,1.2566141947126672,0.0098311774944967126
sot,2,Newcastle,defence,120,0.04019818425626883,3.7801481085251982,0.01063402361553286
sot,2,Norwich City,attack,120,0.0026394515531523804,0.66643512352767353,0.0039605528880003243
sot,2,Norwich City,defence,120,0.026978603055540788,5.2861759192351236,0.0051036143079105888
sot,2,Nottingham,attack,120,0.0091410563850976134,0.8110062633420535,0.011271252514658129
sot,2,Nottingham,defence,120,0.032213106987207363,3.8120956409205609,0.0084502357814476049
sot,2,Southampton,attack,120,0.0033071887478675448,0.92400078362575411,0.0035792055661362379
sot,2,Southampton,defence,120,0.017871470978628227,3.5321612450409443,0.0050596418846164722
sot,2,Tottenham,attack,120,0.009916956545903929,1.2806180578399726,0.0077438831079978121
sot,2,Tottenham,defence,120,0.040894476280846297,3.7861468960376281,0.01080108020205032
sot,2,Watford,attack,120,0.0027249096153747084,0.70454951610331495,0.0038675913517697007
sot,2,Watford,defence,120,0.022074452717928104,4.3888254657750121,0.0050296948215574639
sot,2,West Ham,attack,120,0.0073560431444418721,0.92284819281642405,0.0079710218882177077
sot,2,West Ham,defence,120,0.048981761288024825,4.6059735427313395,0.010634399184798329
sot,2,Wolves,attack,120,0.0096131640802252331,0.90543207882706123,0.01061721172136796
sot,2,Wolves,defence,120,0.043788932485065109,4.1575449318065516,0.010532401502161946
goals,2,Luton Town,attack,118,0.024327526628299973,0.91118562563283412,0.026698760322743334
goals,2,Luton Town,defence,118,0.039116987577204741,1.6513268250434834,0.023688216641290678
goals,2,Sheffield United,attack,118,0.025334759924347462,0.67152717452159472,0.03772708072818691
goals,2,Sheffield United,defence,118,0.047428483227895148,1.9319961233475162,0.024548953620940568
sot,2,Luton Town,attack,118,0.014326939776971434,0.76664934810456487,0.018687734897828875
sot,2,Luton Town,defence,118,0.078893149868365237,4.9401736566267989,0.015969711866816092
sot,2,Sheffield United,attack,118,0.018417558644179714,0.72158992173804914,0.025523580761519612
sot,2,Sheffield United,defence,118,0.1038385627475106,5.9136159007310853,0.017559233553649183
goals,3,Arsenal,attack,109,0.022381883103265558,1.5229983629318482,0.014695933789567121
goals,3,Arsenal,defence,109,0.014374209744937708,0.69216227611924419,0.02076710944943401
goals,3,Aston Villa,attack,109,0.014658078337392251,1.2277437968480491,0.01193903677218611
goals,3,Aston Villa,defence,109,0.016907041788182458,1.2748565018076015,0.013261917528922036
goals,3,Bournemouth,attack,109,0.018384738744471402,1.1341595977766545,0.01621001028471818
goals,3,Bournemouth,defence,109,0.017912046382139536,1.1240122869151519,0.015935810124726564
goals,3,Brentford,attack,109,0.021129190618949953,1.2471634971278962,0.016941796859520464
goals,3,Brentford,defence,109,0.017350428932214224,1.3348207590181225,0.012998321171583354
goals,3,Brighton,attack,109,0.016945015150637201,1.120725671801772,0.015119681450140232
goals,3,Brighton,defence,109,0.020716261608835825,1.2734955790417988,0.016267242658528205
goals,3,Burnley,attack,109,0.0040071931049429476,0.85954893066497429,0.0046619720669570913
goals,3,Burnley,defence,109,0.0095037834389861617,1.5828367843791618,0.0060042725395176126
goals,3,Chelsea,attack,109,0.021660271694988031,1.4615882172162642,0.014819681384844569
goals,3,Chelsea,defence,109,0.01751208657708074,1.1410840541370515,0.015346885721161279
goals,3,Crystal Palace,attack,109,0.015599688694939461,1.0255822853193459,0.015210567614359708
goals,3,Crystal Palace,defence,109,0.019826048247564124,1.1149595773908958,0.017781853844386748
goals,3,Everton,attack,109,0.014563169615122619,0.76081112002960916,0.019141636119298377
goals,3,Everton,defence,109,0.019049573925459754,1.0440909395190356,0.018245129044252611
goals,3,Fulham,attack,109,0.015483181647984165,1.0895926393608413,0.014210064466906322
goals,3,Fulham,defence,109,0.018110565828355935,1.1853040099864398,0.015279258043312554
goals,3,Leeds United,attack,109,0.0049868329422353705,0.92811556088088465,0.0053730733029648944
goals,3,Leeds United,defence,109,0.010501548291407521,1.8334700567485342,0.0057276900993032355
goals,3,Leicester City,attack,109,0.023641734762186468,0.80064228798197001,0.029528461233013045
goals,3,Leicester City,defence,109,0.032359050942158345,1.7176136814392775,0.018839539584386066
goals,3,Liverpool,attack,109,0.016580712166784542,1.673046143813721,0.0099104930417452126
goals,3,Liverpool,defence,109,0.018305814216707867,0.87816658966701489,0.020845491541245157
goals,3,Luton Town,attack,109,0.0049743669871875826,1.085041668338935,0.0045844939713722927
goals,3,Luton Town,defence,109,0.011983688912023028,1.9388713778946824,0.0061807549735637853
goals,3,Manchester City,attack,109,0.02159766043367246,1.5965358641477196,0.013527826664390005
goals,3,Manchester City,defence,109,0.016592307828916207,0.93729164354604366,0.017702395986528525
goals,3,Manchester Utd,attack,109,0.018560471020499843,0.99276109431358373,0.018695808212884239
goals,3,Manchester Utd,defence,109,0.020754311341794927,1.1728562092100374,0.017695529237785876
goals,3,Newcastle,attack,109,0.019716827274318498,1.4180807795614143,0.013903881611325795
goals,3,Newcastle,defence,109,0.021242093239260296,1.1603559914590131,0.018306531267659354
goals,3,Norwich City,attack,109,0.0021711407215797398,0.43850523522049922,0.0049512310166331241
goals,3,Norwich City,defence,109,0.010788415289291699,1.9576714499636996,0.0055108405904840388
goals,3,Nottingham,attack,109,0.016674244391901225,1.0969975569187809,0.015199892002253334
goals,3,Nottingham,defence,109,0.022415962337109935,1.1100147243019505,0.02019429278400478
goals,3,Sheffield United,attack,109,0.0034098095640447061,0.73862680614562326,0.0046164172971708377
goals,3,Sheffield United,defence,109,0.013505789213976275,2.2531431327491886,0.0059941993997944948
goals,3,Southampton,attack,109,0.021126203575197153,0.55104035508612159,0.038338759367080033
goals,3,Southampton,defence,109,0.042431721221574507,1.7862819234496643,0.023754212962996596
goals,3,Tottenham,attack,109,0.022922095029259633,1.4265784383557236,0.016067882713606461
goals,3,Tottenham,defence,109,0.021101047068402864,1.3026752632705254,0.016198240392948052
goals,3,Watford,attack,109,0.0027154466992474211,0.55291836391517302,0.00491111686003617
goals,3,Watford,defence,109,0.011034464379169155,1.8179515242827082,0.0060697242097931727
goals,3,West Ham,attack,109,0.01451023895085235,0.98497451139098502,0.014731588262482987
goals,3,West Ham,defence,109,0.021324063914409445,1.4936241854980792,0.014276726449296551
goals,3,Wolves,attack,109,0.014516364985584151,1.0475376835118058,0.013857606474756048
goals,3,Wolves,defence,109,0.023451844484575327,1.5583931914757607,0.015048733922128469
sot,3,Arsenal,attack,109,0.010230512899923274,1.2094319286912085,0.0084589406457908408
sot,3,Arsenal,defence,109,0.028712725862473119,2.4592888180900299,0.011675215066757564
sot,3,Aston Villa,attack,109,0.0096551424689231263,1.019486374604371,0.0094705949088039251
sot,3,Aston Villa,defence,109,0.030310995441332807,3.7137678934701199,0.008161790480936711
sot,3,Bournemouth,attack,109,0.011460985655740328,1.2307926662480626,0.0093118735348642397
sot,3,Bournemouth,defence,109,0.041295240149601682,4.1666737162504912,0.0099108408677515709
sot,3,Brentford,attack,109,0.010498309258262381,1.1000828281433521,0.009543198920740124
sot,3,Brentford,defence,109,0.039473737703212164,4.6079905309858038,0.008566366931046494
sot,3,Brighton,attack,109,0.0084687706703205703,1.1328299039205882,0.0074757654622385691
sot,3,Brighton,defence,109,0.034487141524134582,3.4366722465011561,0.010035039436549592
sot,3,Burnley,attack,109,0.0027973938612573957,0.93902917092515104,0.0029790276467144736
sot,3,Burnley,defence,109,0.020273259820606095,5.573590040968079,0.0036373790809136773
sot,3,Chelsea,attack,109,0.013036417707868606,1.3727938256188088,0.0094962677312394172
sot,3,Chelsea,defence,109,0.037028081228945214,3.8802171131318794,0.0095427859187648297
sot,3,Crystal Palace,attack,109,0.010720394420317195,1.0841150862648876,0.0098886128937217127
sot,3,Crystal Palace,defence,109,0.041064838729597958,3.4614566715116086,0.011863455945460399
sot,3,Everton,attack,109,0.0080911093440038263,0.86471854347381816,0.0093569282225631004
sot,3,Everton,defence,109,0.034535002814149625,3.7302868500447657,0.0092580019184677932
sot,3,Fulham,attack,109,0.011995691683866784,1.0749079293305162,0.011159738761382147
sot,3,Fulham,defence,109,0.035471215619395528,3.7146135666401769,0.0095490997873781021
sot,3,Leeds United,attack,109,0.002887352153572401,0.87475886449288676,0.0033007406621094952
sot,3,Leeds United,defence,109,0.015011130387229524,4.3789311012836185,0.0034280352990320477
sot,3,Leicester City,attack,109,0.013988104570889667,0.75019568960385319,0.018645941005441122
sot,3,Leicester City,defence,109,0.072348723108143109,4.8779679560629647,0.014831733984274913
sot,3,Liverpool,attack,109,0.013327235704189663,1.5502284423655939,0.0085969495462570478
sot,3,Liverpool,defence,109,0.035569851934318802,3.1162867020508918,0.011414178262516591
sot,3,Luton Town,attack,109,0.0027243016937007359,0.92786415735764816,0.0029360997211692543
sot,3,Luton Town,defence,109,0.018288932534337315,5.0961293585181648,0.0035887889116800811
sot,3,Manchester City,attack,109,0.010709344623055159,1.4716832268136568,0.0072769359791114655
sot,3,Manchester City,defence,109,0.027063474077748027,2.9051870474651817,0.0093155702664175465
sot,3,Manchester Utd,attack,109,0.011175808370564788,1.1236835340512417,0.0099456902516604408
sot,3,Manchester Utd,defence,109,0.040510415759033677,3.8383094228338632,0.010554233985941764
sot,3,Newcastle,attack,109,0.0097187177167478052,1.1200733130560372,0.0086768585622587525
sot,3,Newcastle,defence,109,0.043772465514565644,3.9874268307034941,0.01097762225441086
sot,3,Norwich City,attack,109,0.0021039585732381149,0.63331161125614521,0.0033221537957673119
sot,3,Norwich City,defence,109,0.019631634558288313,5.5252648404191103,0.0035530667081651035
sot,3,Nottingham,attack,109,0.0098100613414043546,1.0113532240600356,0.0096999357969338052
sot,3,Nottingham,defence,109,0.037754274488238614,3.7399113978558165,0.010094964952882058
sot,3,Sheffield United,attack,109,0.0025131062394173056,0.85043808713598368,0.0029550725413541646
sot,3,Sheffield United,defence,109,0.020887189973250828,5.7870869900431323,0.0036092752725486767
sot,3,Southampton,attack,109,0.013261866970534877,0.74730720481203095,0.017746205155175259
sot,3,Southampton,defence,109,0.10468688369874719,5.3251100569905248,0.019659102361897621
sot,3,Tottenham,attack,109,0.011178126030259614,1.2489999498215483,0.0089496609122015555
sot,3,Tottenham,defence,109,0.039928666267242278,3.7990491149978225,0.010510173745744049
sot,3,Watford,attack,109,0.0022994660054677023,0.66468431535832018,0.003459485882750368
sot,3,Watford,defence,109,0.016163059697843575,4.4936393691204728,0.0035968751317503088
sot,3,West Ham,attack,109,0.010463857080231906,0.94190188995554847,0.011109285576150325
sot,3,West Ham,defence,109,0.042056698418831279,4.5994095424902381,0.0091439342442335998
sot,3,Wolves,attack,109,0.0082718252662325811,0.9853782560867369,0.0083945684970589234
sot,3,Wolves,defence,109,0.040344137773817339,4.3087190180415416,0.0093633717132372007
goals,3,Ipswich Town,attack,107,0.025261564385531964,0.74145264270221711,0.034070367992035784
goals,3,Ipswich Town,defence,107,0.038458676130332062,1.6149866567905689,0.02381361850181489
sot,3,Ipswich Town,attack,107,0.014353003533291095,0.77017818406254146,0.018635951822968767
sot,3,Ipswich Town,defence,107,0.064599057682439967,4.5892260481952709,0.014076242269182571
goals,4,Arsenal,attack,114,0.020684605268220323,1.531627961805387,0.013504980180590728
goals,4,Arsenal,defence,114,0.012686311207349203,0.6151140673589266,0.020624323000479495
goals,4,Aston Villa,attack,114,0.019247976472988603,1.2068691341979201,0.015948685675668327
goals,4,Aston Villa,defence,114,0.015976768037545813,0.92927965895470821,0.017192637204086803
goals,4,Bournemouth,attack,114,0.017956733658196486,1.2455287634951218,0.014416956223321144
goals,4,Bournemouth,defence,114,0.020879860038328101,1.1589949531416919,0.018015488317467635
goals,4,Brentford,attack,114,0.019917920709287166,1.2964746045579809,0.015363139886629686
goals,4,Brentford,defence,114,0.01794098932459352,1.1156486290709595,0.016081218456328514
goals,4,Brighton,attack,114,0.017507763549604257,1.2792639878377894,0.013685809743769822
goals,4,Brighton,defence,114,0.016601276140813182,1.0835164054551456,0.015321665696274892
goals,4,Burnley,attack,114,0.031399891727168623,0.89549870628212591,0.035064139687630239
goals,4,Burnley,defence,114,0.040037465697955098,1.5268854382689547,0.026221656644617668
goals,4,Chelsea,attack,114,0.01789224234925027,1.3094067519493222,0.013664388336637164
goals,4,Chelsea,defence,114,0.017861571749739687,0.92098582840051779,0.01939397024247376
goals,4,Crystal Palace,attack,114,0.015309348815867757,1.0271917496648368,0.014904080782252249
goals,4,Crystal Palace,defence,114,0.018498897581649125,0.97560217036276808,0.018961517454159096
goals,4,Everton,attack,114,0.015676537804593927,0.94890551249678523,0.016520652054539557
goals,4,Everton,defence,114,0.017322516820650599,0.88513303360438722,0.019570523484035901
goals,4,Fulham,attack,114,0.01519317920513146,1.1230207595960653,0.01352884982339617
goals,4,Fulham,defence,114,0.017105406722553094,1.1411094209344415,0.014990154676442572
goals,4,Ipswich Town,attack,114,0.00354458768751392,0.75491138144974923,0.0046953692507679667
goals,4,Ipswich Town,defence,114,0.010734901598703011,1.8145994589244241,0.0059158518679741914
goals,4,Leeds United,attack,114,0.036797891668784243,1.0615156808882387,0.03466542447869736
goals,4,Leeds United,defence,114,0.058401396673419773,1.2699704923348574,0.045986420177407464
goals,4,Leicester City,attack,114,0.0027146289312700222,0.62009004474428042,0.0043777979573749017
goals,4,Leicester City,defence,114,0.0094457405421705578,1.5997962091021309,0.005904339870558814
goals,4,Liverpool,attack,114,0.019452506796963368,1.5328869229868292,0.012690112039745353
goals,4,Liverpool,defence,114,0.017713976940986607,1.0508656232049349,0.016856557631947686
goals,4,Luton Town,attack,114,0.0060046099684484136,1.1409620578621866,0.0052627604284223202
goals,4,Luton Town,defence,114,0.011396952175852362,1.8772810669644131,0.0060709887168261785
goals,4,Manchester City,attack,114,0.021473881629999785,1.6357807883326179,0.013127603517026579
goals,4,Manchester City,defence,114,0.015891869115178009,0.75735111385487908,0.020983489460112092
goals,4,Manchester Utd,attack,114,0.019629074587325792,1.2912789927495423,0.015201265332698761
goals,4,Manchester Utd,defence,114,0.015757066627047088,1.1215863029459106,0.014048911426307768
goals,4,Newcastle,attack,114,0.017015942698376876,1.2794508592368523,0.013299410896113893
goals,4,Newcastle,defence,114,0.017743182042150498,1.0614204808343974,0.016716449665831145
goals,4,Norwich City,attack,114,0.0024108780360255991,0.4740253361650909,0.0050859687280216427
goals,4,Norwich City,defence,114,0.011588448438817216,1.9300955435108407,0.0060040802009924581
goals,4,Nottingham,attack,114,0.020024133852033523,1.0039924433906806,0.019944506538722612
goals,4,Nottingham,defence,114,0.014671703339588761,1.095203873102589,0.013396321634642763
goals,4,Sheffield United,attack,114,0.004483160276091502,0.77453950491698675,0.0057881621887988736
goals,4,Sheffield United,defence,114,0.014109094943582319,2.1849207377775244,0.0064574859397114439
goals,4,Southampton,attack,114,0.0026353504969885456,0.55054266283940001,0.0047868233923904083
goals,4,Southampton,defence,114,0.0098874120380595711,1.7609070178677191,0.0056149540763556216
goals,4,Tottenham,attack,114,0.016341939363831347,1.14616508914349,0.01425792804075319
goals,4,Tottenham,defence,114,0.02042006596128091,1.2645947242213216,0.016147517912392554
goals,4,Watford,attack,114,0.0031884773976920094,0.59684556977157788,0.0053422150706627335
goals,4,Watford,defence,114,0.011359357421151538,1.7630736524846566,0.0064429284648109125
goals,4,West Ham,attack,114,0.017628377630816275,1.0043196332312614,0.017552557022209529
goals,4,West Ham,defence,114,0.020250196024994761,1.3824853036389875,0.0146476754376282
goals,4,Wolves,attack,114,0.013893188140801711,0.76774185248145699,0.018096171383514967
goals,4,Wolves,defence,114,0.02109269683651244,1.3765322049997224,0.015323068185329303
sot,4,Arsenal,attack,114,0.011845404636342465,1.2556439187881205,0.0094337291481290386
sot,4,Arsenal,defence,114,0.02587495734866101,2.1498030816120726,0.012035966256620192
sot,4,Aston Villa,attack,114,0.010284427500556175,1.1381268057616745,0.0090362756140107553
sot,4,Aston Villa,defence,114,0.03222155069431127,3.6181676290421563,0.0089054886334388374
sot,4,Bournemouth,attack,114,0.010608771762234742,1.2550233215570985,0.0084530475091670124
sot,4,Bournemouth,defence,114,0.042914067171991539,3.7639863551980604,0.011401228145454689
sot,4,Brentford,attack,114,0.010133476214513867,1.1071368025394686,0.0091528672800601056
sot,4,Brentford,defence,114,0.037853228191874484,3.7236971964981662,0.010165495794736575
sot,4,Brighton,attack,114,0.0098019052919093141,1.2167456878222898,0.0080558372961671166
sot,4,Brighton,defence,114,0.033038229782183758,3.367637318363347,0.009810507088168316
sot,4,Burnley,attack,114,0.015000882762347669,0.80903018674456084,0.018541808461695848
sot,4,Burnley,defence,114,0.076274471019324733,4.8136676137741654,0.015845396304694497
sot,4,Chelsea,attack,114,0.010569504955536759,1.2623752327724065,0.0083727125510250997
sot,4,Chelsea,defence,114,0.035774992959427723,3.2983159789932048,0.010846441998667413
sot,4,Crystal Palace,attack,114,0.011102244246558382,1.0700135857993653,0.010375797460799835
sot,4,Crystal Palace,defence,114,0.035365996457800655,3.4268191536846935,0.010320356829969653
sot,4,Everton,attack,114,0.0089188733494968541,0.93626278261504281,0.0095260364025000124
sot,4,Everton,defence,114,0.033412446724117771,3.5888839982369896,0.009309982362353135
sot,4,Fulham,attack,114,0.0086558971619139762,1.0149941363490642,0.0085280267657991144
sot,4,Fulham,defence,114,0.028661689247615117,3.4967623075552656,0.0081966364101121059
sot,4,Ipswich Town,attack,114,0.0023464287720347341,0.84128493648135205,0.0027891011359939466
sot,4,Ipswich Town,defence,114,0.017777428049407452,4.8238710157154392,0.0036853033573019038
sot,4,Leeds United,attack,114,0.017484455688119783,0.99945389185069688,0.017494009309167505
sot,4,Leeds United,defence,114,0.090691823459681506,3.3864480521341083,0.026780810472650941
sot,4,Leicester City,attack,114,0.0018966843429964429,0.70153404318687917,0.002703624095532584
sot,4,Leicester City,defence,114,0.016913571265869197,4.6000312921781168,0.0036768383064326097
sot,4,Liverpool,attack,114,0.010629013156861093,1.2843963343507327,0.0082754932201158145
sot,4,Liverpool,defence,114,0.037269690062068511,3.3449992128701105,0.011141912954320246
sot,4,Luton Town,attack,114,0.0028460724447765752,1.0104479076492252,0.002816644404161192
sot,4,Luton Town,defence,114,0.018124128055726808,5.2438834356119219,0.0034562415961886953
sot,4,Manchester City,attack,114,0.0090353562917045854,1.3766680369829978,0.0065632062697596966
sot,4,Manchester City,defence,114,0.028870592040036166,2.8383925518391346,0.010171458497285544
sot,4,Manchester Utd,attack,114,0.012320998151945381,1.357930728510421,0.0090733627962457791
sot,4,Manchester Utd,defence,114,0.029925399594689584,3.2900584738998728,0.0090957044782299847
sot,4,Newcastle,attack,114,0.010320024584024503,1.2000454894339909,0.0085996944906580226
sot,4,Newcastle,defence,114,0.037871424486708667,3.5692948405486469,0.010610337945880463
sot,4,Norwich City,attack,114,0.0022385279514264178,0.69372611473630474,0.0032268180538040066
sot,4,Norwich City,defence,114,0.019643278480575496,5.6650029936650297,0.0034674789232312627
sot,4,Nottingham,attack,114,0.0099533964973687102,1.0378124687025616,0.00959074668838014
sot,4,Nottingham,defence,114,0.034621239999370258,3.7485951461721658,0.0092357906493912342
sot,4,Sheffield United,attack,114,0.0030257919036908456,0.92946080113764529,0.0032554271250463973
sot,4,Sheffield United,defence,114,0.0208422612375385,5.957060591716524,0.0034987492432963173
sot,4,Southampton,attack,114,0.0019637363156697093,0.71581639571891098,0.0027433519648533385
sot,4,Southampton,defence,114,0.019718262252114583,5.6406250357202072,0.0034957583826695391
sot,4,Tottenham,attack,114,0.010505287262233695,1.0249916182322598,0.010249144554324767
sot,4,Tottenham,defence,114,0.035030743359390611,3.8184379380424502,0.0091741031091235638
sot,4,Watford,attack,114,0.0024624331248036093,0.73127436026767179,0.0033673177381773282
sot,4,Watford,defence,114,0.017251498276044261,4.6529806654697783,0.003707623030559595
sot,4,West Ham,attack,114,0.0096132858841091965,0.9210586795234047,0.010437213282744943
sot,4,West Ham,defence,114,0.031746824831696024,4.3600965804460445,0.0072812205523319568
sot,4,Wolves,attack,114,0.0085539936931953286,0.90432749846583937,0.0094589556412990709
sot,4,Wolves,defence,114,0.038307070015664857,3.786761359916285,0.010116050729035569
goals,4,Sunderland,attack,112,0.032246804180306475,0.93690269667417014,0.034418519975208332
goals,4,Sunderland,defence,112,0.027758411814798281,0.86502415060503335,0.032089753558190152
sot,4,Sunderland,attack,112,0.016205945290497216,0.82306758517653356,0.019689689622537285
sot,4,Sunderland,defence,112,0.060950106514594073,3.7297782881783306,0.016341482470359613
