rung,fold,test_season,lambda,lambda_label,is_selected,is_frozen_lambda,design_columns,train_matches,test_matches,newton_iterations,gradient_norm,constant_columns,coef_l2_norm,accuracy,balanced_accuracy,macro_f1,log_loss,brier_score,rps,train_log_loss,generalisation_gap
B0,1,2022-2023,100,lam=100,False,False,0,380,380,5,2.3314683517128287e-14,0,0,0.48421052631578948,0.33333333333333331,0.21749408983451538,1.0546504846060354,0.63667590027700816,0.23006925207756235,1.068585140698747,-0.013934656092711606
B0,1,2022-2023,300,lam=300,False,False,0,380,380,5,2.3314683517128287e-14,0,0,0.48421052631578948,0.33333333333333331,0.21749408983451538,1.0546504846060354,0.63667590027700816,0.23006925207756235,1.068585140698747,-0.013934656092711606
B0,1,2022-2023,1000,lam=1000,False,False,0,380,380,5,2.3314683517128287e-14,0,0,0.48421052631578948,0.33333333333333331,0.21749408983451538,1.0546504846060354,0.63667590027700816,0.23006925207756235,1.068585140698747,-0.013934656092711606
B0,1,2022-2023,3000,lam=3000,False,False,0,380,380,5,2.3314683517128287e-14,0,0,0.48421052631578948,0.33333333333333331,0.21749408983451538,1.0546504846060354,0.63667590027700816,0.23006925207756235,1.068585140698747,-0.013934656092711606
B0,1,2022-2023,10000,lam=10000,True,False,0,380,380,5,2.3314683517128287e-14,0,0,0.48421052631578948,0.33333333333333331,0.21749408983451538,1.0546504846060354,0.63667590027700816,0.23006925207756235,1.068585140698747,-0.013934656092711606
B0,2,2023-2024,100,lam=100,False,False,0,760,380,5,2.049471703458039e-13,0,0,0.46052631578947367,0.33333333333333331,0.21021021021021022,1.0537563827171668,0.63691481994459831,0.23374047783933521,1.0596951906330268,-0.0059388079158599894
B0,2,2023-2024,300,lam=300,False,False,0,760,380,5,2.049471703458039e-13,0,0,0.46052631578947367,0.33333333333333331,0.21021021021021022,1.0537563827171668,0.63691481994459831,0.23374047783933521,1.0596951906330268,-0.0059388079158599894
B0,2,2023-2024,1000,lam=1000,False,False,0,760,380,5,2.049471703458039e-13,0,0,0.46052631578947367,0.33333333333333331,0.21021021021021022,1.0537563827171668,0.63691481994459831,0.23374047783933521,1.0596951906330268,-0.0059388079158599894
B0,2,2023-2024,3000,lam=3000,False,False,0,760,380,5,2.049471703458039e-13,0,0,0.46052631578947367,0.33333333333333331,0.21021021021021022,1.0537563827171668,0.63691481994459831,0.23374047783933521,1.0596951906330268,-0.0059388079158599894
B0,2,2023-2024,10000,lam=10000,True,False,0,760,380,5,2.049471703458039e-13,0,0,0.46052631578947367,0.33333333333333331,0.21021021021021022,1.0537563827171668,0.63691481994459831,0.23374047783933521,1.0596951906330268,-0.0059388079158599894
B0,3,2024-2025,100,lam=100,False,False,0,1140,380,5,1.9806378759312793e-13,0,0,0.40789473684210525,0.33333333333333331,0.19314641744548286,1.0826402716069496,0.65687596183441066,0.2358314096645121,1.0576432101157527,0.024997061491196959
B0,3,2024-2025,300,lam=300,False,False,0,1140,380,5,1.9806378759312793e-13,0,0,0.40789473684210525,0.33333333333333331,0.19314641744548286,1.0826402716069496,0.65687596183441066,0.2358314096645121,1.0576432101157527,0.024997061491196959
B0,3,2024-2025,1000,lam=1000,False,False,0,1140,380,5,1.9806378759312793e-13,0,0,0.40789473684210525,0.33333333333333331,0.19314641744548286,1.0826402716069496,0.65687596183441066,0.2358314096645121,1.0576432101157527,0.024997061491196959
B0,3,2024-2025,3000,lam=3000,False,False,0,1140,380,5,1.9806378759312793e-13,0,0,0.40789473684210525,0.33333333333333331,0.19314641744548286,1.0826402716069496,0.65687596183441066,0.2358314096645121,1.0576432101157527,0.024997061491196959
B0,3,2024-2025,10000,lam=10000,True,False,0,1140,380,5,1.9806378759312793e-13,0,0,0.40789473684210525,0.33333333333333331,0.19314641744548286,1.0826402716069496,0.65687596183441066,0.2358314096645121,1.0576432101157527,0.024997061491196959
B0,4,2025-2026,100,lam=100,False,False,0,1520,380,5,1.1579626146840383e-13,0,0,0.4263157894736842,0.33333333333333331,0.19926199261992619,1.0845028766852298,0.65619373268698056,0.22776359072022156,1.063576746318041,0.020926130367188822
B0,4,2025-2026,300,lam=300,False,False,0,1520,380,5,1.1579626146840383e-13,0,0,0.4263157894736842,0.33333333333333331,0.19926199261992619,1.0845028766852298,0.65619373268698056,0.22776359072022156,1.063576746318041,0.020926130367188822
B0,4,2025-2026,1000,lam=1000,False,False,0,1520,380,5,1.1579626146840383e-13,0,0,0.4263157894736842,0.33333333333333331,0.19926199261992619,1.0845028766852298,0.65619373268698056,0.22776359072022156,1.063576746318041,0.020926130367188822
B0,4,2025-2026,3000,lam=3000,False,False,0,1520,380,5,1.1579626146840383e-13,0,0,0.4263157894736842,0.33333333333333331,0.19926199261992619,1.0845028766852298,0.65619373268698056,0.22776359072022156,1.063576746318041,0.020926130367188822
B0,4,2025-2026,10000,lam=10000,True,False,0,1520,380,5,1.1579626146840383e-13,0,0,0.4263157894736842,0.33333333333333331,0.19926199261992619,1.0845028766852298,0.65619373268698056,0.22776359072022156,1.063576746318041,0.020926130367188822
B1,1,2022-2023,100,lam=100,False,False,88,380,380,5,1.9182877508683305e-10,29,0.39642561059081977,0.52105263157894732,0.43425955218109596,0.38641124230546203,1.0011196832756624,0.59606966954269924,0.20846999908575736,0.93623626321705433,0.064883420058608032
B1,1,2022-2023,300,lam=300,False,False,88,380,380,5,1.7979839839199485e-11,29,0.23414164540651236,0.52894736842105261,0.43144196250498607,0.3765478605235198,0.99320139034463117,0.59165543847611324,0.20737505212259238,0.95852505537777055,0.034676334966860622
B1,1,2022-2023,1000,lam=1000,True,False,88,380,380,5,5.6843418860808015e-14,29,0.1334007073435324,0.52894736842105261,0.42520941364180298,0.37183303036961574,0.99702331407554512,0.59424286953137917,0.20914014692326452,0.98385448274603993,0.013168831329505193
B1,1,2022-2023,3000,lam=3000,False,False,88,380,380,5,6.0396132539608516e-14,29,0.073746479099944487,0.53157894736842104,0.41081638080042548,0.35563426472517379,1.0123609624210177,0.60490723522052625,0.21448846361105406,1.0111046920287394,0.0012562703922782692
B1,1,2022-2023,10000,lam=10000,False,False,88,380,380,5,7.815970093361102e-14,29,0.030789913512467491,0.49473684210526314,0.34805876878074721,0.25326595765516974,1.033640415703126,0.62066261106966125,0.22222242887180887,1.040875718087485,-0.0072353023843589881
B1,2,2023-2024,100,lam=100,False,False,88,760,380,6,2.8421709430404007e-14,4,0.41863917573478726,0.56315789473684208,0.46051103368176544,0.41615130900845188,0.96799470988445513,0.57394718514670706,0.19946429452211351,0.9482522028643966,0.019742507020058531
B1,2,2023-2024,300,lam=300,True,False,88,760,380,6,2.5757174171303632e-14,4,0.26014833737674331,0.55789473684210522,0.45670150987224156,0.41165260175702495,0.96041741636366496,0.56858891215124785,0.198265159319682,0.96006943181676296,0.00034798454690199154
B1,2,2023-2024,1000,lam=1000,False,False,88,760,380,5,3.8219649667325939e-11,4,0.15958468816376994,0.5736842105263158,0.46677506775067751,0.41383035154554665,0.96192435421216493,0.56901785382780989,0.1994766292138806,0.97456603460994351,-0.012641680397778576
B1,2,2023-2024,3000,lam=3000,False,False,88,760,380,5,1.2789769243681803e-13,4,0.1009878805728614,0.57894736842105265,0.46655826558265584,0.41476719071776585,0.97514152375201202,0.57802592616278481,0.20431490208336942,0.99170412931991037,-0.016562605567898347
B1,2,2023-2024,10000,lam=10000,False,False,88,760,380,5,1.9895196601282805e-13,4,0.050497136944446977,0.52631578947368418,0.40591560201316296,0.34455007530120479,1.0041655234223283,0.59930736966535858,0.21497883773545001,1.0182220777291793,-0.014056554306850932
B1,3,2024-2025,100,lam=100,False,False,88,1140,380,6,3.6415315207705135e-14,4,0.41751161906474171,0.49473684210526314,0.42753339850114047,0.36583789537712891,1.0110872570089848,0.60605280407001105,0.20878966826336315,0.94661129071907069,0.064475966289914144
B1,3,2024-2025,300,lam=300,True,False,88,1140,380,6,3.9968028886505635e-14,4,0.2776705761999736,0.50526315789473686,0.43688497882046268,0.37401363380780001,1.0039641852174856,0.6012756526700257,0.20700988933629375,0.95381511414750786,0.050149071069977791
B1,3,2024-2025,1000,lam=1000,False,False,88,1140,380,5,4.7353676535522027e-10,4,0.18057865631915207,0.50526315789473686,0.43613554903877488,0.3727126335821988,1.001736754926039,0.59919625208911331,0.20658407426386546,0.96414415661041653,0.03759259831562245
B1,3,2024-2025,3000,lam=3000,False,False,88,1140,380,5,1.2949641359227826e-12,4,0.12231061566889689,0.49473684210526314,0.42565982404692088,0.36191414170673775,1.0088330058654231,0.60318076836050183,0.20888987285896968,0.97743992374851008,0.031393082116913051
B1,3,2024-2025,10000,lam=10000,False,False,88,1140,380,5,1.6342482922482304e-13,4,0.068248846411248232,0.49473684210526314,0.41966438579341808,0.3460662195251783,1.0299496433547048,0.61741814583645283,0.21611639206878272,1.0018657338083223,0.028083909546382513
B1,4,2025-2026,100,lam=100,False,False,88,1520,380,6,6.7057470687359455e-14,2,0.44239921868520904,0.48684210526315791,0.43004115226337447,0.36395582329317272,1.0503002658247012,0.63275484147323813,0.21407848421972989,0.95324476959097104,0.09705549623373011
B1,4,2025-2026,300,lam=300,True,False,88,1520,380,6,4.7961634663806763e-14,2,0.29880132111318131,0.48684210526315791,0.42830842538444874,0.3615533602543059,1.0448348462687427,0.62878062416142921,0.2126211445692151,0.95915810981749472,0.085676736451247959
B1,4,2025-2026,1000,lam=1000,False,False,88,1520,380,6,7.1054273576010019e-14,2,0.19768281333582552,0.49210526315789471,0.43069092484297161,0.36315423138952552,1.0410969477751759,0.62559394401656165,0.21168435725942067,0.96795701950956758,0.073139928265608334
B1,4,2025-2026,3000,lam=3000,False,False,88,1520,380,5,8.8071772097464418e-12,2,0.13630760614642426,0.48684210526315791,0.42224388130820878,0.35511948423769368,1.0412227020954925,0.6251261933429938,0.21192862638785245,0.97951662854848853,0.06170607354700397
B1,4,2025-2026,10000,lam=10000,False,False,88,1520,380,5,3.694822225952521e-13,2,0.080237922811532594,0.49210526315789471,0.41856183669049168,0.34806034482758624,1.0494421127586089,0.63032531053031082,0.21475515305549694,1.001298902205686,0.048143210552922922
B2,1,2022-2023,100,lam=100,False,False,108,380,380,6,5.0626169922907138e-14,29,0.46477636324257388,0.50789473684210529,0.42752152211356093,0.39241465706232387,1.0199964459428035,0.60971678495730508,0.21538404320977872,0.90740655281932314,0.11258989312348033
B2,1,2022-2023,300,lam=300,False,False,108,380,380,5,1.1646239528317892e-11,29,0.26959955700058913,0.51052631578947372,0.41828760696104544,0.37047524609434007,1.0019052778823843,0.59868823182394204,0.21093881931462546,0.93876563900911014,0.063139638873274118
B2,1,2022-2023,1000,lam=1000,False,False,108,380,380,5,4.0856207306205761e-14,29,0.14528020882416584,0.52894736842105261,0.42645592341443955,0.37269769621138632,0.99993897067164961,0.59681244528410071,0.21050639335862528,0.97373266123864644,0.026206309433003172
B2,1,2022-2023,3000,lam=3000,True,False,108,380,380,5,4.6185277824406512e-14,29,0.077217957415563726,0.51578947368421058,0.3962072862651243,0.34107625941361408,1.013298528374986,0.60575843570098376,0.21497158023400856,1.0067211041473383,0.0065774242276477324
B2,1,2022-2023,10000,lam=10000,False,False,108,380,380,5,9.9475983006414026e-14,29,0.031671297321464155,0.49473684210526314,0.34805876878074721,0.2534111922141119,1.0339160881911271,0.62091090785423353,0.22237047549960196,1.0394000443451805,-0.0054839561540533932
B2,2,2023-2024,100,lam=100,False,False,108,760,380,6,2.6645352591003757e-14,4,0.47519196986473822,0.55263157894736847,0.45128145567169958,0.41171177384063301,0.97629512149069375,0.57783165038316353,0.20082098397734521,0.93306828271705089,0.043226838773642862
B2,2,2023-2024,300,lam=300,False,False,108,760,380,6,3.1974423109204508e-14,4,0.29545156106333115,0.56842105263157894,0.46512582268679831,0.42114802568274462,0.96484332460037969,0.57084457637859409,0.19893149917430286,0.9484566785268097,0.016386646073569988
B2,2,2023-2024,1000,lam=1000,True,False,108,760,380,5,3.7795988561128979e-11,4,0.17184032124765344,0.58157894736842108,0.4740998838559814,0.42049213134175423,0.96352722794834478,0.56992126819053701,0.19968327450728413,0.9682108998836324,-0.0046836719352876255
B2,2,2023-2024,3000,lam=3000,False,False,108,760,380,5,1.3500311979441904e-13,4,0.10426630114887907,0.57631578947368423,0.46384823848238482,0.41200719733591146,0.9755993078995181,0.57831607665296636,0.20436931602137343,0.98885587574003497,-0.013256567840516875
B2,2,2023-2024,10000,lam=10000,False,False,108,760,380,5,1.6342482922482304e-13,4,0.051212140347233412,0.53157894736842104,0.41053039101819588,0.34986822289156622,1.0042402474810104,0.59936256128426835,0.21498248480712573,1.0172410192703023,-0.013000771789291932
B2,3,2024-2025,100,lam=100,False,False,108,1140,380,6,4.5186077102243871e-14,4,0.47168423466714832,0.50526315789473686,0.43862821766047572,0.38549330843448493,1.0176515215555422,0.60856570393517118,0.20907569270054341,0.93626577441782499,0.081385747137717179
B2,3,2024-2025,300,lam=300,False,False,108,1140,380,6,5.3290705182007514e-14,4,0.31069729617576941,0.50789473684210529,0.43941023134571527,0.37684729064039413,1.0069677712146496,0.60247863783050493,0.20708132878257349,0.94568879403399675,0.061278977180652894
B2,3,2024-2025,1000,lam=1000,True,False,108,1140,380,5,4.4236614371584437e-10,4,0.19210037289800405,0.51052631578947372,0.44081133919843601,0.37695798565363786,1.0026951846650169,0.5996085007708315,0.20658499074485384,0.95945288753451008,0.043242297130506868
B2,3,2024-2025,3000,lam=3000,False,False,108,1140,380,5,1.2665424264923786e-12,4,0.12537087117505266,0.49736842105263157,0.42781036168132941,0.36377552997713442,1.0092308817678657,0.60338013597367535,0.20892225790163227,0.97520122416868071,0.03402965759918497
B2,3,2024-2025,10000,lam=10000,False,False,108,1140,380,5,2.4158453015843406e-13,4,0.068904398006879489,0.49473684210526314,0.42003910068426192,0.34770114942528735,1.030126260416159,0.61752438464232673,0.21615051355397397,1.0010226724657949,0.029103587950364052
B2,4,2025-2026,100,lam=100,False,False,108,1520,380,6,8.149037000748649e-14,2,0.48373885976972641,0.47105263157894739,0.41336365605371456,0.34925662004046804,1.0670222318825602,0.64316783979546022,0.21745634326274949,0.94540447005845274,0.12161776182410744
B2,4,2025-2026,300,lam=300,False,False,108,1520,380,6,7.815970093361102e-14,2,0.32841649628388536,0.47368421052631576,0.41542126922243883,0.35084015131521068,1.055824610011215,0.63599469997452496,0.21498836309665054,0.95249638279564575,0.10332822721556922
B2,4,2025-2026,1000,lam=1000,True,False,108,1520,380,5,9.7565799883625459e-10,2,0.20979913925997618,0.48421052631578948,0.42365172189733591,0.35713097360156182,1.0461090547083203,0.62908070454526399,0.21281349126603977,0.96367295453015522,0.08243610017816505
B2,4,2025-2026,3000,lam=3000,False,False,108,1520,380,5,8.8045126744873414e-12,2,0.13985968480544095,0.48947368421052634,0.42430149447693305,0.35683465292614464,1.0430969916082433,0.62645469481614824,0.21233608072550628,0.97732317494588694,0.065773816662356377
B2,4,2025-2026,10000,lam=10000,False,False,108,1520,380,5,3.2684965844964609e-13,2,0.08097837542217555,0.48947368421052634,0.41563786008230452,0.34506437768240344,1.0499876256311407,0.63069935001266442,0.21485747296300656,1.0004653841451649,0.049522241485975727
B3,1,2022-2023,100,lam=100,False,False,114,380,380,6,4.8849813083506888e-14,35,0.46477636324257388,0.50789473684210529,0.42752152211356093,0.39241465706232387,1.0199964459428035,0.60971678495730519,0.21538404320977872,0.90740655281932314,0.11258989312348033
B3,1,2022-2023,300,lam=300,False,False,114,380,380,5,1.1650680420416393e-11,35,0.26959955700058907,0.51052631578947372,0.41828760696104544,0.37047524609434007,1.0019052778823845,0.59868823182394193,0.21093881931462546,0.93876563900911014,0.06313963887327434
B3,1,2022-2023,1000,lam=1000,False,False,114,380,380,5,4.2632564145606011e-14,35,0.14528020882416584,0.52894736842105261,0.42645592341443955,0.37269769621138632,0.99993897067164961,0.59681244528410071,0.21050639335862528,0.97373266123864644,0.026206309433003172
B3,1,2022-2023,3000,lam=3000,True,False,114,380,380,5,4.2632564145606011e-14,35,0.077217957415563726,0.51578947368421058,0.3962072862651243,0.34107625941361408,1.013298528374986,0.60575843570098376,0.21497158023400856,1.0067211041473385,0.0065774242276475103
B3,1,2022-2023,10000,lam=10000,False,False,114,380,380,5,9.2370555648813024e-14,35,0.031671297321464155,0.49473684210526314,0.34805876878074721,0.2534111922141119,1.0339160881911271,0.62091090785423353,0.22237047549960196,1.0394000443451805,-0.0054839561540533932
B3,2,2023-2024,100,lam=100,False,False,114,760,380,6,3.8413716652030416e-14,4,0.48367703779786902,0.55526315789473679,0.45560201316298876,0.41661229805600941,0.97715393463174294,0.57792227199876089,0.20057984746075927,0.93163939385324812,0.045514540778494816
B3,2,2023-2024,300,lam=300,False,False,114,760,380,6,3.3750779948604759e-14,4,0.29665490654715382,0.56578947368421051,0.46106078203639184,0.41242777674582304,0.96477146258414781,0.57049887483734429,0.19861060681990911,0.94778141893529877,0.01699004364884904
B3,2,2023-2024,1000,lam=1000,True,False,114,760,380,5,8.5174312047797684e-11,4,0.17121919749841061,0.57894736842105265,0.47138985675571038,0.41765525190913017,0.96251074405391324,0.56904099074308345,0.1992029930270468,0.96779867557226595,-0.0052879315183527176
B3,2,2023-2024,3000,lam=3000,False,False,114,760,380,5,1.1368683772161603e-13,4,0.10391348953557276,0.57631578947368423,0.46545876887340304,0.41358522099859735,0.97345865181879754,0.57669996983599114,0.20357898019019557,0.98825915163100075,-0.014800499812203216
B3,2,2023-2024,10000,lam=10000,False,False,114,760,380,5,1.7763568394002505e-13,4,0.051497994655409489,0.53157894736842104,0.41214092140921404,0.35312681925422068,1.0015159774068991,0.59730697318430637,0.21397913709006472,1.0163235122427507,-0.014807534835851621
B3,3,2024-2025,100,lam=100,False,False,114,1140,380,6,8.0158102377936302e-14,4,0.48112946735718909,0.51842105263157889,0.4533724340175953,0.40769934752357923,1.0121668015216585,0.60505646249588185,0.20760700377781444,0.93489842190540573,0.077268379616252769
B3,3,2024-2025,300,lam=300,False,False,114,1140,380,6,4.5741188614556449e-14,4,0.31196010374671573,0.50526315789473686,0.43613554903877488,0.37284044715447151,1.0040547620999722,0.60052983458558074,0.20625258124689735,0.94489000349109686,0.059164758608875379
B3,3,2024-2025,1000,lam=1000,True,False,114,1140,380,5,7.1285199965132051e-10,4,0.1908055415735615,0.51052631578947372,0.44081133919843601,0.37695798565363786,1.0012938203786799,0.59863830230293313,0.20612573652973046,0.95890107135947689,0.04239274901920298
B3,3,2024-2025,3000,lam=3000,False,False,114,1140,380,5,3.2702729413358611e-12,4,0.12440595914537714,0.49736842105263157,0.42781036168132941,0.36377552997713442,1.0081639770567878,0.60266514529822479,0.20855056112853171,0.97442052588826999,0.033743451168517846
B3,3,2024-2025,10000,lam=10000,False,False,114,1140,380,5,2.2737367544323206e-13,4,0.069133823977957851,0.48947368421052634,0.41536331052460085,0.34277022544078828,1.0285841152234485,0.61642418240984265,0.21559380763449465,0.99962701226781381,0.028957102955634695
B3,4,2025-2026,100,lam=100,False,False,114,1520,380,6,1.056932319443149e-13,2,0.50739886289106784,0.4631578947368421,0.40719081654754169,0.34400651040358471,1.0679611469648036,0.643437257124993,0.21714548871436154,0.94267796194579001,0.12528318501901359
B3,4,2025-2026,300,lam=300,False,False,114,1520,380,6,5.5067062021407764e-14,2,0.33463032651907776,0.47368421052631576,0.41455490578297599,0.34895638550563501,1.0554719912372583,0.63559853462802962,0.21458097017532254,0.95078292784152174,0.10468906339573658
B3,4,2025-2026,1000,lam=1000,True,False,114,1520,380,6,9.4146912488213275e-14,2,0.21009417752712123,0.48421052631578948,0.42365172189733591,0.35713097360156182,1.0452506146083391,0.62845966888440452,0.21242862556888342,0.96259084302365738,0.08265977158468174
B3,4,2025-2026,3000,lam=3000,False,False,114,1520,380,5,2.1121770998888678e-11,2,0.1391373690882709,0.49473684210526314,0.43014944769330737,0.36232381546783171,1.0418896247773408,0.62561652664057921,0.2119087348733534,0.97637321403151567,0.065516410745825149
B3,4,2025-2026,10000,lam=10000,False,False,114,1520,380,5,3.5527136788005009e-13,2,0.081068680525298781,0.49210526315789471,0.42029456356941736,0.35080307738812766,1.0484197615607773,0.62956702553618915,0.21430793184184005,0.99910974805560526,0.049310013505172057
B4,1,2022-2023,100,lam=100,False,False,117,380,380,6,4.8849813083506888e-14,38,0.46477636324257388,0.50789473684210529,0.42752152211356093,0.39241465706232387,1.0199964459428035,0.60971678495730508,0.21538404320977872,0.90740655281932314,0.11258989312348033
B4,1,2022-2023,300,lam=300,False,False,117,380,380,5,1.1650236331206543e-11,38,0.26959955700058907,0.51052631578947372,0.41828760696104544,0.37047524609434007,1.0019052778823843,0.59868823182394204,0.21093881931462546,0.93876563900911014,0.063139638873274118
B4,1,2022-2023,1000,lam=1000,False,False,117,380,380,5,4.4408920985006262e-14,38,0.14528020882416584,0.52894736842105261,0.42645592341443955,0.37269769621138632,0.99993897067164961,0.59681244528410071,0.21050639335862528,0.97373266123864644,0.026206309433003172
B4,1,2022-2023,3000,lam=3000,True,False,117,380,380,5,4.2632564145606011e-14,38,0.077217957415563712,0.51578947368421058,0.3962072862651243,0.34107625941361408,1.013298528374986,0.60575843570098364,0.2149715802340085,1.0067211041473385,0.0065774242276475103
B4,1,2022-2023,10000,lam=10000,False,False,117,380,380,5,9.2370555648813024e-14,38,0.031671297321464155,0.49473684210526314,0.34805876878074721,0.2534111922141119,1.0339160881911271,0.62091090785423353,0.22237047549960196,1.0394000443451805,-0.0054839561540533932
B4,2,2023-2024,100,lam=100,False,False,117,760,380,6,3.5527136788005009e-14,4,0.49519739613336783,0.55263157894736847,0.45640727835849787,0.4241273286308555,0.98154993797956658,0.58024845599492114,0.20125642124060014,0.92908977440286711,0.05246016357669947
B4,2,2023-2024,300,lam=300,False,False,117,760,380,6,3.730349362740526e-14,4,0.30200462147528589,0.57105263157894737,0.46783584978706932,0.42330318039014231,0.9662100004749965,0.57120775690621928,0.19875807786282829,0.94611762678006928,0.020092373694927224
B4,2,2023-2024,1000,lam=1000,True,False,117,760,380,5,8.436518150745087e-11,4,0.17279285529822719,0.57631578947368423,0.46867982965543947,0.41559713416834182,0.9628508344190535,0.56918524135302095,0.19920954818208572,0.96700935038056024,-0.0041585159615067369
B4,2,2023-2024,3000,lam=3000,False,False,117,760,380,5,9.5923269327613525e-14,4,0.10428652812380423,0.57631578947368423,0.46545876887340304,0.41325922985311631,0.97352183291937366,0.57671116205892492,0.20356470080244848,0.98794336525735316,-0.014421532337979492
B4,2,2023-2024,10000,lam=10000,False,False,117,760,380,5,1.9184653865522705e-13,4,0.051568638312010001,0.5368421052631579,0.41675571041424703,0.3583203113031222,1.0014953026910602,0.59728330003325758,0.21396235439391023,1.0162231472006429,-0.014727844509582644
B4,3,2024-2025,100,lam=100,False,False,117,1140,380,6,4.6185277824406512e-14,4,0.48418673541597523,0.52368421052631575,0.46054089279895732,0.42079393726140074,1.01512866610756,0.60682841787839914,0.20826013519480396,0.93421911595535656,0.080909550152203469
B4,3,2024-2025,300,lam=300,False,False,117,1140,380,6,6.0396132539608516e-14,4,0.31401833154977016,0.50789473684210529,0.43866080156402737,0.3754446138211382,1.0058481697838677,0.60173550324575897,0.20670792445536676,0.94433502960009963,0.061513140183768078
B4,3,2024-2025,1000,lam=1000,True,False,117,1140,380,5,7.1103212206935495e-10,4,0.19159589082429554,0.50789473684210529,0.43828608667318347,0.37446293108943712,1.0020993960735469,0.59923271980863824,0.20635343744000564,0.95857629416180778,0.043523101911739137
B4,3,2024-2025,3000,lam=3000,False,False,117,1140,380,5,3.3590907833058736e-12,4,0.12458499184727688,0.49736842105263157,0.42781036168132941,0.36363284650353034,1.0085289629927217,0.60294151839395682,0.20865780176191615,0.97427300349550106,0.034255959497220601
B4,3,2024-2025,10000,lam=10000,False,False,117,1140,380,5,2.4158453015843406e-13,4,0.069169534901905638,0.48947368421052634,0.41536331052460085,0.34277022544078828,1.0287311737465752,0.61653454709199595,0.2156380603683869,0.99955944259281693,0.029171731153758262
B4,4,2025-2026,100,lam=100,False,False,117,1520,380,6,7.4495964952348004e-14,2,0.50852794886250852,0.46842105263157896,0.41303876976391596,0.3485647917703667,1.0664768773742239,0.64257810965675743,0.21694067537110345,0.9424360241949189,0.12404085317930502
B4,4,2025-2026,300,lam=300,False,False,117,1520,380,6,6.7501559897209518e-14,2,0.3354767442329189,0.47631578947368419,0.4174788823911631,0.35165456012913637,1.0541721238848059,0.63488885558059771,0.21443355880409457,0.95057107740659785,0.103601046478208
B4,4,2025-2026,1000,lam=1000,True,False,117,1520,380,6,7.815970093361102e-14,2,0.21053111431628832,0.48421052631578948,0.42365172189733591,0.35713097360156182,1.0445259099662569,0.62808263172070022,0.2123629135615322,0.9624507703441596,0.082075139622097337
B4,4,2025-2026,3000,lam=3000,False,False,117,1520,380,5,2.1752377676875767e-11,2,0.13923562853975971,0.49473684210526314,0.43014944769330737,0.36232381546783171,1.0416449717143808,0.62550691096788769,0.21190411802411779,0.97631543060370418,0.06532954111067657
B4,4,2025-2026,10000,lam=10000,False,False,117,1520,380,5,4.2632564145606011e-13,2,0.081076332511353627,0.49210526315789471,0.42029456356941736,0.35080307738812766,1.0484450660216966,0.6296099080176456,0.21434197244362416,0.99909057856632155,0.049354487455375073
B5,1,2022-2023,100,lam=100,False,False,126,380,380,6,5.0626169922907138e-14,47,0.46477636324257388,0.50789473684210529,0.42752152211356093,0.39241465706232387,1.0199964459428035,0.60971678495730508,0.21538404320977872,0.90740655281932325,0.11258989312348022
B5,1,2022-2023,300,lam=300,False,False,126,380,380,5,1.1650680420416393e-11,47,0.26959955700058913,0.51052631578947372,0.41828760696104544,0.37047524609434007,1.0019052778823845,0.59868823182394204,0.21093881931462546,0.93876563900911014,0.06313963887327434
B5,1,2022-2023,1000,lam=1000,False,False,126,380,380,5,4.4408920985006262e-14,47,0.14528020882416584,0.52894736842105261,0.42645592341443955,0.37269769621138632,0.99993897067164961,0.59681244528410071,0.21050639335862528,0.97373266123864644,0.026206309433003172
B5,1,2022-2023,3000,lam=3000,True,False,126,380,380,5,4.9737991503207013e-14,47,0.077217957415563726,0.51578947368421058,0.3962072862651243,0.34107625941361408,1.013298528374986,0.60575843570098376,0.2149715802340085,1.0067211041473385,0.0065774242276475103
B5,1,2022-2023,10000,lam=10000,False,False,126,380,380,5,1.0658141036401503e-13,47,0.031671297321464155,0.49473684210526314,0.34805876878074721,0.2534111922141119,1.0339160881911271,0.62091090785423353,0.22237047549960196,1.0394000443451805,-0.0054839561540533932
B5,2,2023-2024,100,lam=100,False,False,126,760,380,6,3.6859404417555197e-14,4,0.51869639921718103,0.55526315789473679,0.4691134339914827,0.45230725705596225,0.98992685179154893,0.58402767620655016,0.20242635440477472,0.92478709278276694,0.065139759008781994
B5,2,2023-2024,300,lam=300,False,False,126,760,380,6,3.1974423109204508e-14,4,0.31014326786969837,0.57105263157894737,0.47135114208284939,0.43584557466597768,0.96842832938021028,0.57215940189829084,0.19899379754526919,0.94380904588581382,0.02461928349439646
B5,2,2023-2024,1000,lam=1000,True,False,126,760,380,5,1.0275147399596563e-10,4,0.17442515602294015,0.5736842105263158,0.46677506775067751,0.41489850458460326,0.96321753350006534,0.56929913857007219,0.19922123349079798,0.96611158034762135,-0.0028940468475560088
B5,2,2023-2024,3000,lam=3000,False,False,126,760,380,5,1.2789769243681803e-13,4,0.10436467834677933,0.57894736842105265,0.46736353077816489,0.41537029650312457,0.97329928481396466,0.57649648742711634,0.20346553145743282,0.98758264078814961,-0.014283355974184953
B5,2,2023-2024,10000,lam=10000,False,False,126,760,380,5,2.9842794901924208e-13,4,0.051630952240321257,0.53157894736842104,0.41214092140921404,0.35312681925422068,1.0006797404324599,0.59666667955353814,0.21366932794138072,1.0158605581869828,-0.015180817754522957
B5,3,2024-2025,100,lam=100,False,False,126,1140,380,6,4.8849813083506888e-14,4,0.50096717918430433,0.50789473684210529,0.44227761485825995,0.3917573001971979,1.0186755628412139,0.60954424141474928,0.20977784568059801,0.93163488880788481,0.087040674033329046
B5,3,2024-2025,300,lam=300,False,False,126,1140,380,6,4.9737991503207013e-14,4,0.32136586606713596,0.51315789473684215,0.44408602150537635,0.38105342932929137,1.0060319581827017,0.60218801219659501,0.20701023627345722,0.94260791229424989,0.063424045888451852
B5,3,2024-2025,1000,lam=1000,True,False,126,1140,380,5,8.7846174778860586e-10,4,0.19322396373742731,0.51315789473684215,0.4433365917236885,0.37902628831735785,1.0020073533703342,0.59931538933105988,0.20643349204453271,0.95774531181423062,0.044262041556103582
B5,3,2024-2025,3000,lam=3000,False,False,126,1140,380,5,5.4294346796268655e-12,4,0.12438316558562176,0.5,0.43033561420658195,0.36606901870059766,1.0087665486096924,0.60316305457315522,0.20879230936905577,0.97388349095096016,0.034883057658732231
B5,3,2024-2025,10000,lam=10000,False,False,126,1140,380,5,1.8474111129762605e-13,4,0.069113869236991712,0.48684210526315791,0.41283805799934831,0.33931651004821739,1.0287555715263244,0.6165796096215983,0.21567749980628434,0.99902039627948735,0.029735175246836998
B5,4,2025-2026,100,lam=100,False,False,126,1520,380,6,5.4178883601707639e-14,2,0.51990153484564949,0.46052631578947367,0.40686593025774309,0.3458605664488017,1.0726031277906389,0.64558959125632198,0.21740265103809886,0.94013657000250161,0.13246655778813732
B5,4,2025-2026,300,lam=300,False,False,126,1520,380,6,8.7735374521002996e-14,2,0.3441776681950211,0.47105263157894739,0.41423001949317739,0.34902098018630534,1.0579577584981004,0.6366737846752768,0.21467821246505714,0.9486196090535669,0.10933814944453346
B5,4,2025-2026,1000,lam=1000,True,False,126,1520,380,6,9.9475983006414026e-14,2,0.21356479140359952,0.48947368421052634,0.42863331167424734,0.36158560393854505,1.0458264119372711,0.62861594242564645,0.21235913406299012,0.96130804495516242,0.084518366982108684
B5,4,2025-2026,3000,lam=3000,False,False,126,1520,380,5,2.9343638630052737e-11,2,0.13954133507912542,0.49736842105263157,0.43220706086203164,0.36405337781484565,1.0417550173110657,0.62545498863313842,0.21178014627281214,0.97579110486699672,0.065963912444068962
B5,4,2025-2026,10000,lam=10000,False,False,126,1520,380,5,3.694822225952521e-13,2,0.080973962463197657,0.49210526315789471,0.42029456356941736,0.35080307738812766,1.0478402491718719,0.62914238589025895,0.21408341593813454,0.99867462126880047,0.04916562790307144
B6,1,2022-2023,100,lam=100,False,False,132,380,380,6,4.9737991503207013e-14,53,0.46477636324257388,0.50789473684210529,0.42752152211356093,0.39241465706232387,1.0199964459428035,0.60971678495730519,0.21538404320977872,0.90740655281932325,0.11258989312348022
B6,1,2022-2023,300,lam=300,False,False,132,380,380,5,1.1648904063576992e-11,53,0.26959955700058907,0.51052631578947372,0.41828760696104544,0.37047524609434007,1.0019052778823843,0.59868823182394204,0.21093881931462546,0.93876563900911014,0.063139638873274118
B6,1,2022-2023,1000,lam=1000,False,False,132,380,380,5,4.0856207306205761e-14,53,0.14528020882416584,0.52894736842105261,0.42645592341443955,0.37269769621138632,0.99993897067164961,0.59681244528410071,0.21050639335862528,0.97373266123864644,0.026206309433003172
B6,1,2022-2023,3000,lam=3000,True,False,132,380,380,5,4.2632564145606011e-14,53,0.077217957415563726,0.51578947368421058,0.3962072862651243,0.34107625941361408,1.013298528374986,0.60575843570098364,0.21497158023400856,1.0067211041473383,0.0065774242276477324
B6,1,2022-2023,10000,lam=10000,False,False,132,380,380,5,9.2370555648813024e-14,53,0.031671297321464155,0.49473684210526314,0.34805876878074721,0.2534111922141119,1.0339160881911271,0.62091090785423353,0.22237047549960196,1.0394000443451805,-0.0054839561540533932
B6,2,2023-2024,100,lam=100,False,False,132,760,380,6,2.6423307986078726e-14,4,0.53285869264936025,0.55000000000000004,0.46233836624080521,0.44379477595336625,0.99112909552925821,0.58508199450917542,0.2034916145684138,0.92117766707548943,0.069951428453768782
B6,2,2023-2024,300,lam=300,False,False,132,760,380,5,6.02326855059232e-10,4,0.3174195799810321,0.57105263157894737,0.47296167247386761,0.43657487012927937,0.96926179016332947,0.5726585908866052,0.19957349110825182,0.94133165299400545,0.027930137169324021
B6,2,2023-2024,1000,lam=1000,True,False,132,760,380,5,8.2245099619626671e-11,4,0.1768775884173813,0.57631578947368423,0.46867982965543947,0.41585147379138793,0.96315082162714527,0.56921930903056805,0.19936076032808381,0.96487007850646178,-0.0017192568793165108
B6,2,2023-2024,3000,lam=3000,False,False,132,760,380,5,1.3500311979441904e-13,4,0.1049307767181499,0.57894736842105265,0.46736353077816489,0.41471483392880776,0.97307802673309429,0.5763559416910875,0.20347407656047009,0.98710630599047,-0.014028279257375709
B6,2,2023-2024,10000,lam=10000,False,False,132,760,380,5,1.8474111129762605e-13,4,0.051706787092787955,0.53947368421052633,0.41946573751451804,0.36183063393044507,1.0004235978290934,0.59650507208761228,0.21361142762822669,1.0157131993432744,-0.015289601514181017
B6,3,2024-2025,100,lam=100,False,False,132,1140,380,6,4.8627768478581856e-14,4,0.5295589204751816,0.51842105263157889,0.45661453242098404,0.4213351535376007,1.0313561797116235,0.61513481922893876,0.21085870342696819,0.92616063616591693,0.10519554354570659
B6,3,2024-2025,300,lam=300,False,False,132,1140,380,6,5.1514348342607263e-14,4,0.33698768516979555,0.51315789473684215,0.44514499837080485,0.38660029076695746,1.0122330856392694,0.60517495037956215,0.20760679948106031,0.93856605540895621,0.07366703023031318
B6,3,2024-2025,1000,lam=1000,True,False,132,1140,380,6,1.0125233984581428e-13,4,0.19860122327923033,0.50789473684210529,0.43866080156402737,0.374930302108678,1.0042672293116419,0.60053040071089681,0.2066750701844095,0.95554228053770518,0.048724948773936738
B6,3,2024-2025,3000,lam=3000,False,False,132,1140,380,5,7.7173822887743881e-12,4,0.12567100930119382,0.49736842105263157,0.42781036168132941,0.36363284650353034,1.0097053611218658,0.60366189022135097,0.20888963178535447,0.97291217535238173,0.036793185769484094
B6,3,2024-2025,10000,lam=10000,False,False,132,1140,380,5,1.9895196601282805e-13,4,0.06931549402548845,0.48684210526315791,0.41283805799934831,0.33913891989413752,1.0291659207271726,0.61679629963626637,0.21573142426489136,0.99864362661103356,0.030522294116139048
B6,4,2025-2026,100,lam=100,False,False,132,1520,380,6,5.595524044110789e-14,2,0.53269572627391992,0.46052631578947367,0.40599956681828031,0.34622770919067219,1.0739995635850954,0.64648237128468677,0.21696165882418025,0.93791276050112093,0.13608680308397447
B6,4,2025-2026,300,lam=300,False,False,132,1520,380,6,7.2830630415410269e-14,2,0.35139549036082751,0.46578947368421053,0.4101147931557288,0.34545599236033747,1.0579823837150157,0.63657978333626797,0.21418128914344714,0.94686143227332731,0.11112095144168843
B6,4,2025-2026,1000,lam=1000,True,False,132,1520,380,6,1.0302869668521453e-13,2,0.21672556652294328,0.48947368421052634,0.42863331167424734,0.36158560393854505,1.0452428921335761,0.62811610362710801,0.21201240429385215,0.96018559975548123,0.085057292378094895
B6,4,2025-2026,3000,lam=3000,False,False,132,1520,380,5,3.9270808827041037e-11,2,0.14040533252607013,0.49473684210526314,0.43014944769330737,0.36232381546783171,1.0414107252922633,0.62517104466406537,0.21164539222594486,0.97526246268714267,0.066148262605120633
B6,4,2025-2026,10000,lam=10000,False,False,132,1520,380,5,3.2684965844964609e-13,2,0.081069633246247524,0.49473684210526314,0.42235217673814168,0.35249926057379471,1.0477891622091133,0.62910179793631016,0.21407473413652905,0.99849091361014586,0.049298248598967476
