rung,fold,lambda,lambda_label,is_selected,block,design_columns,block_l2_norm,block_l2_norm_per_column
B1,1,0.01,lam=0.01,False,phase1_backbone,88,5.3232214002265854,0.5674573079239118
B1,1,0.029999999999999999,lam=0.03,False,phase1_backbone,88,5.0108414636188776,0.53415749479397001
B1,1,0.10000000000000001,lam=0.1,False,phase1_backbone,88,4.3408934642941235,0.46274079810544727
B1,1,0.29999999999999999,lam=0.3,False,phase1_backbone,88,3.4670189949195138,0.36958546666767439
B1,1,1,lam=1,False,phase1_backbone,88,2.4815603341130599,0.26453522045628614
B1,1,3,lam=3,False,phase1_backbone,88,1.7240925785440846,0.18378888640449517
B1,1,10,lam=10,False,phase1_backbone,88,1.0876009093810797,0.11593864649452976
B1,1,30,lam=30,False,phase1_backbone,88,0.68423240315225342,0.07293941925289063
B1,1,100,lam=100,True,phase1_backbone,88,0.39642561059081977,0.042259112079836521
B1,2,0.01,lam=0.01,False,phase1_backbone,88,3.8079425321732159,0.40592803785016335
B1,2,0.029999999999999999,lam=0.03,False,phase1_backbone,88,3.7066905209253274,0.39513453718491531
B1,2,0.10000000000000001,lam=0.1,False,phase1_backbone,88,3.4314927898578018,0.36579836048339776
B1,2,0.29999999999999999,lam=0.3,False,phase1_backbone,88,2.9728908929917015,0.31691123401645055
B1,2,1,lam=1,False,phase1_backbone,88,2.3198221944217132,0.24729387683417672
B1,2,3,lam=3,False,phase1_backbone,88,1.6932209633011737,0.18049796116207348
B1,2,10,lam=10,False,phase1_backbone,88,1.0897620793558807,0.11616902798792667
B1,2,30,lam=30,False,phase1_backbone,88,0.69557725337444953,0.07414878435005029
B1,2,100,lam=100,True,phase1_backbone,88,0.41863917573478726,0.044627086080589462
B1,3,0.01,lam=0.01,False,phase1_backbone,88,9.2118861199694777,0.98199035988189864
B1,3,0.029999999999999999,lam=0.03,False,phase1_backbone,88,7.7417550825395978,0.82527386472356512
B1,3,0.10000000000000001,lam=0.1,False,phase1_backbone,88,6.0650110638048123,0.64653235175394441
B1,3,0.29999999999999999,lam=0.3,False,phase1_backbone,88,4.4323610924507646,0.47249128002861951
B1,3,1,lam=1,False,phase1_backbone,88,2.7698521514168339,0.29526723144059885
B1,3,3,lam=3,False,phase1_backbone,88,1.7024952521005627,0.18148660366993277
B1,3,10,lam=10,False,phase1_backbone,88,1.0270510565351501,0.10948401049354027
B1,3,30,lam=30,False,phase1_backbone,88,0.66197069315715562,0.070566312993762786
B1,3,100,lam=100,True,phase1_backbone,88,0.41751161906474166,0.04450688813569683
B1,4,0.01,lam=0.01,False,phase1_backbone,88,8.3957897704212332,0.8949941967124565
B1,4,0.029999999999999999,lam=0.03,False,phase1_backbone,88,6.9455133033744207,0.7403942058684243
B1,4,0.10000000000000001,lam=0.1,False,phase1_backbone,88,5.4138194118116303,0.57711508840907455
B1,4,0.29999999999999999,lam=0.3,False,phase1_backbone,88,4.0385429877582517,0.43051012901149327
B1,4,1,lam=1,False,phase1_backbone,88,2.6534498213874089,0.28285870136673108
B1,4,3,lam=3,False,phase1_backbone,88,1.715467338480988,0.18286943272439954
B1,4,10,lam=10,False,phase1_backbone,88,1.0700763297448148,0.11407052002838845
B1,4,30,lam=30,False,phase1_backbone,88,0.69661799523854051,0.074259727805533027
B1,4,100,lam=100,True,phase1_backbone,88,0.44239921868520909,0.047159915169424464
B2,1,0.01,lam=0.01,False,phase1_backbone,88,5.3205084999131627,0.56716811177880022
B2,1,0.01,lam=0.01,False,C_context,20,2.489426745452485,0.55665274278378218
B2,1,0.029999999999999999,lam=0.03,False,phase1_backbone,88,5.0037035813343644,0.53339659398580996
B2,1,0.029999999999999999,lam=0.03,False,C_context,20,2.2499940210807865,0.50311395801047332
B2,1,0.10000000000000001,lam=0.1,False,phase1_backbone,88,4.3064222904815868,0.45906615863022149
B2,1,0.10000000000000001,lam=0.1,False,C_context,20,1.7468515215151681,0.39060787487068521
B2,1,0.29999999999999999,lam=0.3,False,phase1_backbone,88,3.4221629955755803,0.36480380107118771
B2,1,0.29999999999999999,lam=0.3,False,C_context,20,1.1924480401436659,0.26663948773976348
B2,1,1,lam=1,False,phase1_backbone,88,2.443508347244753,0.2604788650267475
B2,1,1,lam=1,False,C_context,20,0.8031719167355883,0.17959470034395764
B2,1,3,lam=3,False,phase1_backbone,88,1.6856137024577338,0.1796870244314108
B2,1,3,lam=3,False,C_context,20,0.65529999722443655,0.14652953394492635
B2,1,10,lam=10,False,phase1_backbone,88,1.0557527401453966,0.11254362024669859
B2,1,10,lam=10,False,C_context,20,0.53905646000639507,0.1205366888284696
B2,1,30,lam=30,False,phase1_backbone,88,0.66148098143829881,0.070514109549128776
B2,1,30,lam=30,False,C_context,20,0.41390259173224137,0.092551433117663409
B2,1,100,lam=100,True,phase1_backbone,88,0.38266412866532351,0.040792133177521228
B2,1,100,lam=100,True,C_context,20,0.26379012957614945,0.058985266152574795
B2,2,0.01,lam=0.01,False,phase1_backbone,88,3.9703867637265411,0.42324465111766618
B2,2,0.01,lam=0.01,False,C_context,20,0.9009108737230257,0.20144979553134143
B2,2,0.029999999999999999,lam=0.03,False,phase1_backbone,88,3.8275072703585682,0.40801364594837691
B2,2,0.029999999999999999,lam=0.03,False,C_context,20,0.88442744710859145,0.19776398929014102
B2,2,0.10000000000000001,lam=0.1,False,phase1_backbone,88,3.4576362337926114,0.36858526097084982
B2,2,0.10000000000000001,lam=0.1,False,C_context,20,0.83918356330857413,0.187647149315847
B2,2,0.29999999999999999,lam=0.3,False,phase1_backbone,88,2.9031256594131647,0.30947423512862032
B2,2,0.29999999999999999,lam=0.3,False,C_context,20,0.7605574761009225,0.17006582173573342
B2,2,1,lam=1,False,phase1_backbone,88,2.2236438636576756,0.23704123232578689
B2,2,1,lam=1,False,C_context,20,0.63810013370748364,0.14268352754216382
B2,2,3,lam=3,False,phase1_backbone,88,1.6230009021841905,0.1730124774957357
B2,2,3,lam=3,False,C_context,20,0.51900609120532781,0.11605329006715687
B2,2,10,lam=10,False,phase1_backbone,88,1.0444176329771546,0.11133529376258018
B2,2,10,lam=10,False,C_context,20,0.42227303034687824,0.094423120092045135
B2,2,30,lam=30,False,phase1_backbone,88,0.66532675317839285,0.070924070194092886
B2,2,30,lam=30,False,C_context,20,0.34993968535171788,0.078248892447132859
B2,2,100,lam=100,True,phase1_backbone,88,0.40540075551996863,0.043215865743981501
B2,2,100,lam=100,True,C_context,20,0.24790650586011032,0.05543357991676566
B2,3,0.01,lam=0.01,False,phase1_backbone,88,9.3045769786226007,0.99187123861412985
B2,3,0.01,lam=0.01,False,C_context,20,0.44674448972461533,0.099895104759769621
B2,3,0.029999999999999999,lam=0.03,False,phase1_backbone,88,7.8330799136935667,0.83500912443510578
B2,3,0.029999999999999999,lam=0.03,False,C_context,20,0.43698972686000082,0.097713873472802748
B2,3,0.10000000000000001,lam=0.1,False,phase1_backbone,88,6.1358828935110603,0.65408731418534682
B2,3,0.10000000000000001,lam=0.1,False,C_context,20,0.41416112464933513,0.0926092428353677
B2,3,0.29999999999999999,lam=0.3,False,phase1_backbone,88,4.4546780374745696,0.47487027436159152
B2,3,0.29999999999999999,lam=0.3,False,C_context,20,0.38779422205696029,0.086713424180101153
B2,3,1,lam=1,False,phase1_backbone,88,2.7316593146314601,0.29119586135945152
B2,3,1,lam=1,False,C_context,20,0.37120263673086967,0.083003432915738487
B2,3,3,lam=3,False,phase1_backbone,88,1.6448423999946229,0.17534078898546754
B2,3,3,lam=3,False,C_context,20,0.36089329622105565,0.080698194297424836
B2,3,10,lam=10,False,phase1_backbone,88,0.99185758505503019,0.10573237382823912
B2,3,10,lam=10,False,C_context,20,0.34038533726759695,0.076112475267453933
B2,3,30,lam=30,False,phase1_backbone,88,0.6476061956566026,0.069035052415159642
B2,3,30,lam=30,False,C_context,20,0.30279337741375539,0.067706657503390652
B2,3,100,lam=100,True,phase1_backbone,88,0.41289271960897111,0.044014511799324418
B2,3,100,lam=100,True,C_context,20,0.22804740587746444,0.050992950163449555
B2,4,0.01,lam=0.01,False,phase1_backbone,88,8.6691862641136357,0.92413836086462264
B2,4,0.01,lam=0.01,False,C_context,20,0.87846200179035938,0.19643007516537855
B2,4,0.029999999999999999,lam=0.03,False,phase1_backbone,88,7.2101705387803285,0.76860676195704181
B2,4,0.029999999999999999,lam=0.03,False,C_context,20,0.86081497155470899,0.19248407924458771
B2,4,0.10000000000000001,lam=0.1,False,phase1_backbone,88,5.6334719896813246,0.6005301318846622
B2,4,0.10000000000000001,lam=0.1,False,C_context,20,0.80780835449508892,0.18063143934432666
B2,4,0.29999999999999999,lam=0.3,False,phase1_backbone,88,4.166927564008823,0.44419597082430989
B2,4,0.29999999999999999,lam=0.3,False,C_context,20,0.70140118048270705,0.15683807190579316
B2,4,1,lam=1,False,phase1_backbone,88,2.6673013650223614,0.28433528087953247
B2,4,1,lam=1,False,C_context,20,0.52217927822760013,0.11676283625586897
B2,4,3,lam=3,False,phase1_backbone,88,1.6729766629183445,0.17833991149020481
B2,4,3,lam=3,False,C_context,20,0.36793545758389562,0.082272869449008107
B2,4,10,lam=10,False,phase1_backbone,88,1.0289323232498311,0.10968455419915325
B2,4,10,lam=10,False,C_context,20,0.29076907242982569,0.065017941170765023
B2,4,30,lam=30,False,phase1_backbone,88,0.67697741856089688,0.072166035296877568
B2,4,30,lam=30,False,C_context,20,0.26110236785396657,0.058384264360762508
B2,4,100,lam=100,True,phase1_backbone,88,0.43604158701726281,0.046482189356458835
B2,4,100,lam=100,True,C_context,20,0.20945409722128125,0.046835359955263466
B3,1,0.01,lam=0.01,False,phase1_backbone,88,5.3205084999131556,0.56716811177879944
B3,1,0.01,lam=0.01,False,C_context,20,2.4894267454524548,0.55665274278377541
B3,1,0.01,lam=0.01,False,X_prior_composite,6,0,0
B3,1,0.029999999999999999,lam=0.03,False,phase1_backbone,88,5.0037035813343707,0.53339659398581063
B3,1,0.029999999999999999,lam=0.03,False,C_context,20,2.2499940210807878,0.50311395801047365
B3,1,0.029999999999999999,lam=0.03,False,X_prior_composite,6,0,0
B3,1,0.10000000000000001,lam=0.1,False,phase1_backbone,88,4.3064222904815841,0.45906615863022121
B3,1,0.10000000000000001,lam=0.1,False,C_context,20,1.7468515215151634,0.39060787487068416
B3,1,0.10000000000000001,lam=0.1,False,X_prior_composite,6,0,0
B3,1,0.29999999999999999,lam=0.3,False,phase1_backbone,88,3.4221629955755799,0.36480380107118765
B3,1,0.29999999999999999,lam=0.3,False,C_context,20,1.1924480401436675,0.26663948773976381
B3,1,0.29999999999999999,lam=0.3,False,X_prior_composite,6,0,0
B3,1,1,lam=1,False,phase1_backbone,88,2.4435083472447525,0.26047886502674744
B3,1,1,lam=1,False,C_context,20,0.80317191673558819,0.17959470034395761
B3,1,1,lam=1,False,X_prior_composite,6,0,0
B3,1,3,lam=3,False,phase1_backbone,88,1.6856137024577338,0.1796870244314108
B3,1,3,lam=3,False,C_context,20,0.65529999722443633,0.14652953394492629
B3,1,3,lam=3,False,X_prior_composite,6,0,0
B3,1,10,lam=10,False,phase1_backbone,88,1.0557527401453968,0.1125436202466986
B3,1,10,lam=10,False,C_context,20,0.53905646000639507,0.1205366888284696
B3,1,10,lam=10,False,X_prior_composite,6,0,0
B3,1,30,lam=30,False,phase1_backbone,88,0.66148098143829881,0.070514109549128776
B3,1,30,lam=30,False,C_context,20,0.41390259173224137,0.092551433117663409
B3,1,30,lam=30,False,X_prior_composite,6,0,0
B3,1,100,lam=100,True,phase1_backbone,88,0.38266412866532351,0.040792133177521228
B3,1,100,lam=100,True,C_context,20,0.26379012957614945,0.058985266152574795
B3,1,100,lam=100,True,X_prior_composite,6,0,0
B3,2,0.01,lam=0.01,False,phase1_backbone,88,4.3879685404358373,0.46775901808340142
B3,2,0.01,lam=0.01,False,C_context,20,0.851357189825387,0.19036925495827575
B3,2,0.01,lam=0.01,False,X_prior_composite,6,2.4910169596609357,1.0169534152980668
B3,2,0.029999999999999999,lam=0.03,False,phase1_backbone,88,4.2548476607125654,0.4535682846239561
B3,2,0.029999999999999999,lam=0.03,False,C_context,20,0.83814791310137471,0.18741557088942604
B3,2,0.029999999999999999,lam=0.03,False,X_prior_composite,6,2.4416554509086654,0.99680166373523538
B3,2,0.10000000000000001,lam=0.1,False,phase1_backbone,88,3.8964661466042974,0.4153646868557106
B3,2,0.10000000000000001,lam=0.1,False,C_context,20,0.80179147364802816,0.17928602388567222
B3,2,0.10000000000000001,lam=0.1,False,X_prior_composite,6,2.28751097078537,0.93387244324045904
B3,2,0.29999999999999999,lam=0.3,False,phase1_backbone,88,3.307966152192801,0.3526303766638087
B3,2,0.29999999999999999,lam=0.3,False,C_context,20,0.7373202431083502,0.16486981847769419
B3,2,0.29999999999999999,lam=0.3,False,X_prior_composite,6,1.9568102400488507,0.79886443526212481
B3,2,1,lam=1,False,phase1_backbone,88,2.4921943700549121,0.26566881249656327
B3,2,1,lam=1,False,C_context,20,0.63080936296793355,0.14105326164396378
B3,2,1,lam=1,False,X_prior_composite,6,1.3563827011873741,0.55374091897450228
B3,2,3,lam=3,False,phase1_backbone,88,1.7518868195515689,0.18675176245117325
B3,2,3,lam=3,False,C_context,20,0.52014029146815888,0.11630690495593571
B3,2,3,lam=3,False,X_prior_composite,6,0.80524358103699467,0.32873931536535222
B3,2,10,lam=10,False,phase1_backbone,88,1.0848679133131138,0.11564730813478608
B3,2,10,lam=10,False,C_context,20,0.42552235956858125,0.095149692194145569
B3,2,10,lam=10,False,X_prior_composite,6,0.4167803513618919,0.17014986594242054
B3,2,30,lam=30,False,phase1_backbone,88,0.6733181558253748,0.071775956578604222
B3,2,30,lam=30,False,C_context,20,0.35177141542937101,0.078658479744139198
B3,2,30,lam=30,False,X_prior_composite,6,0.2149538349283561,0.087754535638152789
B3,2,100,lam=100,True,phase1_backbone,88,0.40411578441205309,0.043078887363629574
B3,2,100,lam=100,True,C_context,20,0.24839469572728112,0.055542742489657709
B3,2,100,lam=100,True,X_prior_composite,6,0.094519758868205281,0.038587529973001362
B3,3,0.01,lam=0.01,False,phase1_backbone,88,9.569510289562194,1.0201132244535223
B3,3,0.01,lam=0.01,False,C_context,20,0.42339691986552663,0.094674429428334858
B3,3,0.01,lam=0.01,False,X_prior_composite,6,1.3713438137926783,0.55984876761905511
B3,3,0.029999999999999999,lam=0.03,False,phase1_backbone,88,8.1137503571182084,0.86492869423409602
B3,3,0.029999999999999999,lam=0.03,False,C_context,20,0.41552270912851957,0.092913702380624213
B3,3,0.029999999999999999,lam=0.03,False,X_prior_composite,6,1.3446485457106769,0.54895047006110342
B3,3,0.10000000000000001,lam=0.1,False,phase1_backbone,88,6.3979507368962905,0.68202384015709738
B3,3,0.10000000000000001,lam=0.1,False,C_context,20,0.39882576263256825,0.089180151642461805
B3,3,0.10000000000000001,lam=0.1,False,X_prior_composite,6,1.2646612910628687,0.51629581009223813
B3,3,0.29999999999999999,lam=0.3,False,phase1_backbone,88,4.6422475460092194,0.4948652511546201
B3,3,0.29999999999999999,lam=0.3,False,C_context,20,0.38436424438113409,0.085946457855655731
B3,3,0.29999999999999999,lam=0.3,False,X_prior_composite,6,1.1026396859666761,0.4501507667935063
B3,3,1,lam=1,False,phase1_backbone,88,2.820739439011358,0.30069183452487214
B3,3,1,lam=1,False,C_context,20,0.37866016748854431,0.084670987487584087
B3,3,1,lam=1,False,X_prior_composite,6,0.81590954565335916,0.33309367718613109
B3,3,3,lam=3,False,phase1_backbone,88,1.690535008802472,0.18021163745046259
B3,3,3,lam=3,False,C_context,20,0.36778388696171754,0.0822389772275499
B3,3,3,lam=3,False,X_prior_composite,6,0.52833139753978997,0.21569038984400288
B3,3,10,lam=10,False,phase1_backbone,88,1.0132625601454304,0.10801415183966277
B3,3,10,lam=10,False,C_context,20,0.34377292503381135,0.076869962919954127
B3,3,10,lam=10,False,X_prior_composite,6,0.30966081392299966,0.12641849790771301
B3,3,30,lam=30,False,phase1_backbone,88,0.65283576851740122,0.069592526755237707
B3,3,30,lam=30,False,C_context,20,0.30421881689250102,0.068025395460619364
B3,3,30,lam=30,False,X_prior_composite,6,0.19467303123106663,0.079474932199501178
B3,3,100,lam=100,True,phase1_backbone,88,0.41021589111408618,0.043729160922989133
B3,3,100,lam=100,True,C_context,20,0.22819343911194909,0.051025604187377741
B3,3,100,lam=100,True,X_prior_composite,6,0.10552839136057122,0.043081785368354698
B3,4,0.01,lam=0.01,False,phase1_backbone,88,8.7793483708572833,0.93588168090111712
B3,4,0.01,lam=0.01,False,C_context,20,0.84797486033838287,0.18961294309275142
B3,4,0.01,lam=0.01,False,X_prior_composite,6,1.2026378281535197,0.49097483739084752
B3,4,0.029999999999999999,lam=0.03,False,phase1_backbone,88,7.3214652826555442,0.78047082151744684
B3,4,0.029999999999999999,lam=0.03,False,C_context,20,0.82957478755544822,0.18549856173939286
B3,4,0.029999999999999999,lam=0.03,False,X_prior_composite,6,1.1906502097587,0.48608091267442921
B3,4,0.10000000000000001,lam=0.1,False,phase1_backbone,88,5.7443772897239436,0.61235267659302228
B3,4,0.10000000000000001,lam=0.1,False,C_context,20,0.77468061805673938,0.17322385228264203
B3,4,0.10000000000000001,lam=0.1,False,X_prior_composite,6,1.1544382101564072,0.4712974257425151
B3,4,0.29999999999999999,lam=0.3,False,phase1_backbone,88,4.2780215432720441,0.45603862880516693
B3,4,0.29999999999999999,lam=0.3,False,C_context,20,0.66635647203381743,0.14900183687145532
B3,4,0.29999999999999999,lam=0.3,False,X_prior_composite,6,1.0723999879540149,0.4378054617756939
B3,4,1,lam=1,False,phase1_backbone,88,2.769496770979583,0.29522934775869852
B3,4,1,lam=1,False,C_context,20,0.49123879699748907,0.10984433432716051
B3,4,1,lam=1,False,X_prior_composite,6,0.88753325215873613,0.36233393292363669
B3,4,3,lam=3,False,phase1_backbone,88,1.7509766285619082,0.18665473576566521
B3,4,3,lam=3,False,C_context,20,0.35229321595055113,0.078775157887744543
B3,4,3,lam=3,False,X_prior_composite,6,0.64615689512161911,0.26379244780483868
B3,4,10,lam=10,False,phase1_backbone,88,1.0725333810628905,0.11433244257895658
B3,4,10,lam=10,False,C_context,20,0.28863546954260533,0.064540853061483563
B3,4,10,lam=10,False,X_prior_composite,6,0.41883580122279218,0.17098899983426727
B3,4,30,lam=30,False,phase1_backbone,88,0.69166843839798642,0.073732103273508556
B3,4,30,lam=30,False,C_context,20,0.26101234224036107,0.058364134021588708
B3,4,30,lam=30,False,X_prior_composite,6,0.28134537111150998,0.11485876678619507
B3,4,100,lam=100,True,phase1_backbone,88,0.43255853519526899,0.046110894784682437
B3,4,100,lam=100,True,C_context,20,0.20927910620281528,0.046796230773989284
B3,4,100,lam=100,True,X_prior_composite,6,0.1629385632679467,0.066519389904777237
B4,1,0.01,lam=0.01,False,phase1_backbone,88,5.320508499913152,0.56716811177879911
B4,1,0.01,lam=0.01,False,C_context,20,2.4894267454524672,0.55665274278377819
B4,1,0.01,lam=0.01,False,X_prior_composite,9,0,0
B4,1,0.029999999999999999,lam=0.03,False,phase1_backbone,88,5.0037035813343689,0.53339659398581041
B4,1,0.029999999999999999,lam=0.03,False,C_context,20,2.2499940210807838,0.50311395801047276
B4,1,0.029999999999999999,lam=0.03,False,X_prior_composite,9,0,0
B4,1,0.10000000000000001,lam=0.1,False,phase1_backbone,88,4.3064222904815885,0.45906615863022165
B4,1,0.10000000000000001,lam=0.1,False,C_context,20,1.746851521515163,0.39060787487068405
B4,1,0.10000000000000001,lam=0.1,False,X_prior_composite,9,0,0
B4,1,0.29999999999999999,lam=0.3,False,phase1_backbone,88,3.4221629955755821,0.36480380107118787
B4,1,0.29999999999999999,lam=0.3,False,C_context,20,1.1924480401436677,0.26663948773976387
B4,1,0.29999999999999999,lam=0.3,False,X_prior_composite,9,0,0
B4,1,1,lam=1,False,phase1_backbone,88,2.4435083472447512,0.26047886502674733
B4,1,1,lam=1,False,C_context,20,0.80317191673558863,0.17959470034395772
B4,1,1,lam=1,False,X_prior_composite,9,0,0
B4,1,3,lam=3,False,phase1_backbone,88,1.6856137024577331,0.17968702443141074
B4,1,3,lam=3,False,C_context,20,0.65529999722443666,0.14652953394492638
B4,1,3,lam=3,False,X_prior_composite,9,0,0
B4,1,10,lam=10,False,phase1_backbone,88,1.0557527401453968,0.1125436202466986
B4,1,10,lam=10,False,C_context,20,0.53905646000639507,0.1205366888284696
B4,1,10,lam=10,False,X_prior_composite,9,0,0
B4,1,30,lam=30,False,phase1_backbone,88,0.66148098143829881,0.070514109549128776
B4,1,30,lam=30,False,C_context,20,0.41390259173224137,0.092551433117663409
B4,1,30,lam=30,False,X_prior_composite,9,0,0
B4,1,100,lam=100,True,phase1_backbone,88,0.38266412866532351,0.040792133177521228
B4,1,100,lam=100,True,C_context,20,0.26379012957614945,0.058985266152574795
B4,1,100,lam=100,True,X_prior_composite,9,0,0
B4,2,0.01,lam=0.01,False,phase1_backbone,88,4.3185191239043421,0.46035568540590444
B4,2,0.01,lam=0.01,False,C_context,20,0.90336668442930501,0.20199893149925266
B4,2,0.01,lam=0.01,False,X_prior_composite,9,2.6343597223687749,0.87811990745625834
B4,2,0.029999999999999999,lam=0.03,False,phase1_backbone,88,4.1910036376633553,0.44676248889939824
B4,2,0.029999999999999999,lam=0.03,False,C_context,20,0.88841428626244068,0.19865547362647748
B4,2,0.029999999999999999,lam=0.03,False,X_prior_composite,9,2.5768826718110009,0.85896089060366698
B4,2,0.10000000000000001,lam=0.1,False,phase1_backbone,88,3.8470991248816477,0.41010214465790462
B4,2,0.10000000000000001,lam=0.1,False,C_context,20,0.8470217463120755,0.18939982031743824
B4,2,0.10000000000000001,lam=0.1,False,X_prior_composite,9,2.3986616316180314,0.79955387720601045
B4,2,0.29999999999999999,lam=0.3,False,phase1_backbone,88,3.2776951763957394,0.34940347980145026
B4,2,0.29999999999999999,lam=0.3,False,C_context,20,0.77289385914006892,0.17282432084293411
B4,2,0.29999999999999999,lam=0.3,False,X_prior_composite,9,2.0245273109829691,0.674842436994323
B4,2,1,lam=1,False,phase1_backbone,88,2.4772663380130395,0.2640774789340099
B4,2,1,lam=1,False,C_context,20,0.64986615291649297,0.14531448941975514
B4,2,1,lam=1,False,X_prior_composite,9,1.3804061008229986,0.46013536694099955
B4,2,3,lam=3,False,phase1_backbone,88,1.7465220337782668,0.18617987436619204
B4,2,3,lam=3,False,C_context,20,0.52460457281012951,0.11730514861106874
B4,2,3,lam=3,False,X_prior_composite,9,0.83476720262795356,0.27825573420931787
B4,2,10,lam=10,False,phase1_backbone,88,1.0861508322892635,0.11578406775715673
B4,2,10,lam=10,False,C_context,20,0.42341680872527648,0.094678876712574425
B4,2,10,lam=10,False,X_prior_composite,9,0.46950564410226564,0.15650188136742188
B4,2,30,lam=30,False,phase1_backbone,88,0.67699424359065219,0.072167828851075838
B4,2,30,lam=30,False,C_context,20,0.34950128839718014,0.078150863907985327
B4,2,30,lam=30,False,X_prior_composite,9,0.26932990201565693,0.089776634005218972
B4,2,100,lam=100,True,phase1_backbone,88,0.40664311580043211,0.043348301794864784
B4,2,100,lam=100,True,C_context,20,0.24724426799945318,0.055285499029395321
B4,2,100,lam=100,True,X_prior_composite,9,0.13686529673660353,0.045621765578867844
B4,3,0.01,lam=0.01,False,phase1_backbone,88,9.5601304016051127,1.0191133250376299
B4,3,0.01,lam=0.01,False,C_context,20,0.40657827736376617,0.090913666636014509
B4,3,0.01,lam=0.01,False,X_prior_composite,9,1.3990109231583674,0.46633697438612248
B4,3,0.029999999999999999,lam=0.03,False,phase1_backbone,88,8.0910691039113036,0.86251086451831849
B4,3,0.029999999999999999,lam=0.03,False,C_context,20,0.40039489443794607,0.089531020180709978
B4,3,0.029999999999999999,lam=0.03,False,X_prior_composite,9,1.373489794893173,0.45782993163105767
B4,3,0.10000000000000001,lam=0.1,False,phase1_backbone,88,6.3559796293638042,0.6775497050610152
B4,3,0.10000000000000001,lam=0.1,False,C_context,20,0.38832996276681209,0.086833219444655413
B4,3,0.10000000000000001,lam=0.1,False,X_prior_composite,9,1.2963100719950897,0.43210335733169658
B4,3,0.29999999999999999,lam=0.3,False,phase1_backbone,88,4.5886922883398356,0.48915624150475912
B4,3,0.29999999999999999,lam=0.3,False,C_context,20,0.38064381273585729,0.085114544049207708
B4,3,0.29999999999999999,lam=0.3,False,X_prior_composite,9,1.1388775611774087,0.37962585372580288
B4,3,1,lam=1,False,phase1_backbone,88,2.7784103840743977,0.29617954210726416
B4,3,1,lam=1,False,C_context,20,0.37939754338309967,0.08483586975010364
B4,3,1,lam=1,False,X_prior_composite,9,0.85832916213189958,0.28610972071063318
B4,3,3,lam=3,False,phase1_backbone,88,1.67193356813391,0.17822871721257069
B4,3,3,lam=3,False,C_context,20,0.36826058446307647,0.082345570029324189
B4,3,3,lam=3,False,X_prior_composite,9,0.57567987660683451,0.19189329220227816
B4,3,10,lam=10,False,phase1_backbone,88,1.0098260293457857,0.10764781642553159
B4,3,10,lam=10,False,C_context,20,0.34359984969697971,0.076831262098115707
B4,3,10,lam=10,False,X_prior_composite,9,0.35366404481639868,0.11788801493879957
B4,3,30,lam=30,False,phase1_backbone,88,0.65168222895675509,0.069469559024900554
B4,3,30,lam=30,False,C_context,20,0.30409381137039604,0.067997443376120403
B4,3,30,lam=30,False,X_prior_composite,9,0.22318586034577836,0.074395286781926126
B4,3,100,lam=100,True,phase1_backbone,88,0.40920433866522832,0.043621329069625243
B4,3,100,lam=100,True,C_context,20,0.22846526622405633,0.051086386577457663
B4,3,100,lam=100,True,X_prior_composite,9,0.12162329587502488,0.040541098625008293
B4,4,0.01,lam=0.01,False,phase1_backbone,88,8.7638603988560142,0.93423065753833401
B4,4,0.01,lam=0.01,False,C_context,20,0.82147351457062068,0.18368706202955717
B4,4,0.01,lam=0.01,False,X_prior_composite,9,1.2704998851069422,0.42349996170231408
B4,4,0.029999999999999999,lam=0.03,False,phase1_backbone,88,7.3074577986588531,0.77897761870622972
B4,4,0.029999999999999999,lam=0.03,False,C_context,20,0.80315816435167642,0.17959162521742966
B4,4,0.029999999999999999,lam=0.03,False,X_prior_composite,9,1.2590594063965079,0.41968646879883598
B4,4,0.10000000000000001,lam=0.1,False,phase1_backbone,88,5.7288925428530089,0.61070199703028805
B4,4,0.10000000000000001,lam=0.1,False,C_context,20,0.74895715793593465,0.1674719117379796
B4,4,0.10000000000000001,lam=0.1,False,X_prior_composite,9,1.2233062442114393,0.40776874807047975
B4,4,0.29999999999999999,lam=0.3,False,phase1_backbone,88,4.2611678465664431,0.45424201869972974
B4,4,0.29999999999999999,lam=0.3,False,C_context,20,0.64332553483525701,0.14385196275530435
B4,4,0.29999999999999999,lam=0.3,False,X_prior_composite,9,1.1400438139916904,0.3800146046638968
B4,4,1,lam=1,False,phase1_backbone,88,2.7579783493636549,0.2940014798887976
B4,4,1,lam=1,False,C_context,20,0.47597242007527879,0.10643066867034089
B4,4,1,lam=1,False,X_prior_composite,9,0.94880177198325788,0.31626725732775263
B4,4,3,lam=3,False,phase1_backbone,88,1.7463169244500081,0.18615800963833407
B4,4,3,lam=3,False,C_context,20,0.3465673005296307,0.077494804276285301
B4,4,3,lam=3,False,X_prior_composite,9,0.69489968206296104,0.23163322735432035
B4,4,10,lam=10,False,phase1_backbone,88,1.0709779743917154,0.11416663567069715
B4,4,10,lam=10,False,C_context,20,0.28805093608641757,0.064410147407167689
B4,4,10,lam=10,False,X_prior_composite,9,0.44769248888423924,0.14923082962807974
B4,4,30,lam=30,False,phase1_backbone,88,0.69038842994518734,0.07359565391396955
B4,4,30,lam=30,False,C_context,20,0.26094432344440149,0.058348924556437379
B4,4,30,lam=30,False,X_prior_composite,9,0.29509112319257164,0.098363707730857217
B4,4,100,lam=100,True,phase1_backbone,88,0.43151572373136521,0.045999730709118371
B4,4,100,lam=100,True,C_context,20,0.20917459902373561,0.046772862258333395
B4,4,100,lam=100,True,X_prior_composite,9,0.16923605428562047,0.056412018095206823
B5,1,0.01,lam=0.01,False,phase1_backbone,88,5.3205084999131644,0.56716811177880044
B5,1,0.01,lam=0.01,False,C_context,20,2.489426745452481,0.5566527427837813
B5,1,0.01,lam=0.01,False,X_prior_composite,18,0,0
B5,1,0.029999999999999999,lam=0.03,False,phase1_backbone,88,5.0037035813343635,0.53339659398580985
B5,1,0.029999999999999999,lam=0.03,False,C_context,20,2.2499940210807803,0.50311395801047198
B5,1,0.029999999999999999,lam=0.03,False,X_prior_composite,18,0,0
B5,1,0.10000000000000001,lam=0.1,False,phase1_backbone,88,4.306422290481585,0.45906615863022127
B5,1,0.10000000000000001,lam=0.1,False,C_context,20,1.746851521515161,0.3906078748706836
B5,1,0.10000000000000001,lam=0.1,False,X_prior_composite,18,0,0
B5,1,0.29999999999999999,lam=0.3,False,phase1_backbone,88,3.4221629955755781,0.36480380107118748
B5,1,0.29999999999999999,lam=0.3,False,C_context,20,1.1924480401436655,0.26663948773976337
B5,1,0.29999999999999999,lam=0.3,False,X_prior_composite,18,0,0
B5,1,1,lam=1,False,phase1_backbone,88,2.4435083472447521,0.26047886502674739
B5,1,1,lam=1,False,C_context,20,0.80317191673558885,0.17959470034395775
B5,1,1,lam=1,False,X_prior_composite,18,0,0
B5,1,3,lam=3,False,phase1_backbone,88,1.6856137024577333,0.17968702443141077
B5,1,3,lam=3,False,C_context,20,0.65529999722443644,0.14652953394492632
B5,1,3,lam=3,False,X_prior_composite,18,0,0
B5,1,10,lam=10,False,phase1_backbone,88,1.0557527401453966,0.11254362024669859
B5,1,10,lam=10,False,C_context,20,0.53905646000639496,0.12053668882846957
B5,1,10,lam=10,False,X_prior_composite,18,0,0
B5,1,30,lam=30,False,phase1_backbone,88,0.66148098143829881,0.070514109549128776
B5,1,30,lam=30,False,C_context,20,0.41390259173224137,0.092551433117663409
B5,1,30,lam=30,False,X_prior_composite,18,0,0
B5,1,100,lam=100,True,phase1_backbone,88,0.38266412866532357,0.040792133177521228
B5,1,100,lam=100,True,C_context,20,0.26379012957614945,0.058985266152574795
B5,1,100,lam=100,True,X_prior_composite,18,0,0
B5,2,0.01,lam=0.01,False,phase1_backbone,88,6.1103193055654597,0.65136222655403597
B5,2,0.01,lam=0.01,False,C_context,20,0.86353943859426807,0.19309328859487887
B5,2,0.01,lam=0.01,False,X_prior_composite,18,5.2169201769264051,1.2296398780045281
B5,2,0.029999999999999999,lam=0.03,False,phase1_backbone,88,5.7549995202512205,0.61348501017187729
B5,2,0.029999999999999999,lam=0.03,False,C_context,20,0.85494443587684177,0.1911713875605828
B5,2,0.029999999999999999,lam=0.03,False,X_prior_composite,18,4.8598197184811847,1.1454704927607149
B5,2,0.10000000000000001,lam=0.1,False,phase1_backbone,88,4.99504579914435,0.53247367130332901
B5,2,0.10000000000000001,lam=0.1,False,C_context,20,0.8270607496341551,0.1849364057703905
B5,2,0.10000000000000001,lam=0.1,False,X_prior_composite,18,4.0802209411895314,0.9617172987514917
B5,2,0.29999999999999999,lam=0.3,False,phase1_backbone,88,3.9748755136664147,0.42372315346902728
B5,2,0.29999999999999999,lam=0.3,False,C_context,20,0.77000606646631364,0.17217859077058986
B5,2,0.29999999999999999,lam=0.3,False,X_prior_composite,18,3.040271768712111,0.71659892810211756
B5,2,1,lam=1,False,phase1_backbone,88,2.7925896023151413,0.29769105185040867
B5,2,1,lam=1,False,C_context,20,0.66066172964127645,0.14772845376104818
B5,2,1,lam=1,False,X_prior_composite,18,1.8889705358226887,0.44523462511393652
B5,2,3,lam=3,False,phase1_backbone,88,1.8771857028429868,0.20010866828931742
B5,2,3,lam=3,False,C_context,20,0.535054983328628,0.11964193144228288
B5,2,3,lam=3,False,X_prior_composite,18,1.1403983969584972,0.26879447991454058
B5,2,10,lam=10,False,phase1_backbone,88,1.1193638017430581,0.11932458219707973
B5,2,10,lam=10,False,C_context,20,0.42916920246881002,0.095965151056962975
B5,2,10,lam=10,False,X_prior_composite,18,0.6687961352582753,0.15763676082416064
B5,2,30,lam=30,False,phase1_backbone,88,0.68087901178157184,0.072581946531665609
B5,2,30,lam=30,False,C_context,20,0.35223978797431221,0.078763211029067498
B5,2,30,lam=30,False,X_prior_composite,18,0.40438693308865808,0.095314914203406931
B5,2,100,lam=100,True,phase1_backbone,88,0.40585417505396404,0.043264200428710223
B5,2,100,lam=100,True,C_context,20,0.24797506449314322,0.055448910093156265
B5,2,100,lam=100,True,X_prior_composite,18,0.20697031318949341,0.048783370653531444
B5,3,0.01,lam=0.01,False,phase1_backbone,88,9.7263094041584832,1.0368280662314495
B5,3,0.01,lam=0.01,False,C_context,20,0.47094160478468894,0.10530574417314047
B5,3,0.01,lam=0.01,False,X_prior_composite,18,2.9370266832357026,0.69226382808059983
B5,3,0.029999999999999999,lam=0.03,False,phase1_backbone,88,8.243139613057572,0.87872163526159186
B5,3,0.029999999999999999,lam=0.03,False,C_context,20,0.45775778759776115,0.10235775302985041
B5,3,0.029999999999999999,lam=0.03,False,X_prior_composite,18,2.8077581749740133,0.66179494848536324
B5,3,0.10000000000000001,lam=0.1,False,phase1_backbone,88,6.4178352986692744,0.68414354156430612
B5,3,0.10000000000000001,lam=0.1,False,C_context,20,0.42834714985874933,0.095781334505245286
B5,3,0.10000000000000001,lam=0.1,False,X_prior_composite,18,2.4957211267522053,0.5882471108923385
B5,3,0.29999999999999999,lam=0.3,False,phase1_backbone,88,4.5988371739026226,0.49023768993942507
B5,3,0.29999999999999999,lam=0.3,False,C_context,20,0.39663583713006667,0.088690469413536407
B5,3,0.29999999999999999,lam=0.3,False,X_prior_composite,18,2.0481742889756895,0.48275930959554852
B5,3,1,lam=1,False,phase1_backbone,88,2.8470553290810083,0.30349711783206457
B5,3,1,lam=1,False,C_context,20,0.37772612671272709,0.084462129620735696
B5,3,1,lam=1,False,X_prior_composite,18,1.4835669303082246,0.34968007892168529
B5,3,3,lam=3,False,phase1_backbone,88,1.7714404875737839,0.18883619046603128
B5,3,3,lam=3,False,C_context,20,0.36564201856248457,0.081760040893595537
B5,3,3,lam=3,False,X_prior_composite,18,1.0064691126555936,0.23722704487119251
B5,3,10,lam=10,False,phase1_backbone,88,1.0664324277276165,0.1136820787681903
B5,3,10,lam=10,False,C_context,20,0.34171849835979207,0.07641057915016454
B5,3,10,lam=10,False,X_prior_composite,18,0.5847728900136423,0.13783229199423389
B5,3,30,lam=30,False,phase1_backbone,88,0.66638587869143517,0.071036973353138438
B5,3,30,lam=30,False,C_context,20,0.30262645562857177,0.067669332657531028
B5,3,30,lam=30,False,X_prior_composite,18,0.32796235237957888,0.077301467780497429
B5,3,100,lam=100,True,phase1_backbone,88,0.41103885948512758,0.043816889646111148
B5,3,100,lam=100,True,C_context,20,0.22776817155222878,0.050930511470161734
B5,3,100,lam=100,True,X_prior_composite,18,0.17359962742125604,0.040917824587009426
B5,4,0.01,lam=0.01,False,phase1_backbone,88,8.8117216690951707,0.93933268608867282
B5,4,0.01,lam=0.01,False,C_context,20,0.86378065954035688,0.193147227238184
B5,4,0.01,lam=0.01,False,X_prior_composite,18,1.912780767860875,0.45084675062587876
B5,4,0.029999999999999999,lam=0.03,False,phase1_backbone,88,7.3747436381015286,0.78615031329111329
B5,4,0.029999999999999999,lam=0.03,False,C_context,20,0.84308792847888625,0.18852019190882705
B5,4,0.029999999999999999,lam=0.03,False,X_prior_composite,18,1.8774263136893612,0.44251362586260323
B5,4,0.10000000000000001,lam=0.1,False,phase1_backbone,88,5.7970406884715757,0.61796661376238049
B5,4,0.10000000000000001,lam=0.1,False,C_context,20,0.78257829089813258,0.17498982561638293
B5,4,0.10000000000000001,lam=0.1,False,X_prior_composite,18,1.7794469580123404,0.41941967025743326
B5,4,0.29999999999999999,lam=0.3,False,phase1_backbone,88,4.3100391556796707,0.45945171775581806
B5,4,0.29999999999999999,lam=0.3,False,C_context,20,0.66645479448830314,0.14902382244064979
B5,4,0.29999999999999999,lam=0.3,False,X_prior_composite,18,1.5934626324477275,0.37558274432371846
B5,4,1,lam=1,False,phase1_backbone,88,2.7844545490130201,0.296823852254607
B5,4,1,lam=1,False,C_context,20,0.48605479867785917,0.10868515706336679
B5,4,1,lam=1,False,X_prior_composite,18,1.2712346137943149,0.29963287196434063
B5,4,3,lam=3,False,phase1_backbone,88,1.7608936274203484,0.18771189139602382
B5,4,3,lam=3,False,C_context,20,0.34943788453793234,0.078136686374053937
B5,4,3,lam=3,False,X_prior_composite,18,0.93066670161003573,0.21936024524432451
B5,4,10,lam=10,False,phase1_backbone,88,1.0727890895384347,0.11435970119403868
B5,4,10,lam=10,False,C_context,20,0.28717216662735767,0.064213648582466823
B5,4,10,lam=10,False,X_prior_composite,18,0.59437002207812528,0.14009435771514681
B5,4,30,lam=30,False,phase1_backbone,88,0.68233758189399263,0.07273743062807711
B5,4,30,lam=30,False,C_context,20,0.25928683387895363,0.057978298622403578
B5,4,30,lam=30,False,X_prior_composite,18,0.36693973663822171,0.086488525354564152
B5,4,100,lam=100,True,phase1_backbone,88,0.4257534688989178,0.045385472280067687
B5,4,100,lam=100,True,C_context,20,0.20838797225666103,0.046596967165923431
B5,4,100,lam=100,True,X_prior_composite,18,0.21355571327912867,0.050335564340267314
B6,1,0.01,lam=0.01,False,phase1_backbone,88,5.3205084999131591,0.56716811177879989
B6,1,0.01,lam=0.01,False,C_context,20,2.4894267454524748,0.55665274278377985
B6,1,0.01,lam=0.01,False,X_prior_composite,24,0,0
B6,1,0.029999999999999999,lam=0.03,False,phase1_backbone,88,5.0037035813343715,0.53339659398581074
B6,1,0.029999999999999999,lam=0.03,False,C_context,20,2.2499940210807878,0.50311395801047365
B6,1,0.029999999999999999,lam=0.03,False,X_prior_composite,24,0,0
B6,1,0.10000000000000001,lam=0.1,False,phase1_backbone,88,4.3064222904815859,0.45906615863022138
B6,1,0.10000000000000001,lam=0.1,False,C_context,20,1.7468515215151574,0.39060787487068283
B6,1,0.10000000000000001,lam=0.1,False,X_prior_composite,24,0,0
B6,1,0.29999999999999999,lam=0.3,False,phase1_backbone,88,3.422162995575579,0.36480380107118754
B6,1,0.29999999999999999,lam=0.3,False,C_context,20,1.1924480401436677,0.26663948773976387
B6,1,0.29999999999999999,lam=0.3,False,X_prior_composite,24,0,0
B6,1,1,lam=1,False,phase1_backbone,88,2.4435083472447521,0.26047886502674739
B6,1,1,lam=1,False,C_context,20,0.80317191673558763,0.1795947003439575
B6,1,1,lam=1,False,X_prior_composite,24,0,0
B6,1,3,lam=3,False,phase1_backbone,88,1.6856137024577338,0.1796870244314108
B6,1,3,lam=3,False,C_context,20,0.65529999722443655,0.14652953394492635
B6,1,3,lam=3,False,X_prior_composite,24,0,0
B6,1,10,lam=10,False,phase1_backbone,88,1.0557527401453968,0.1125436202466986
B6,1,10,lam=10,False,C_context,20,0.53905646000639507,0.1205366888284696
B6,1,10,lam=10,False,X_prior_composite,24,0,0
B6,1,30,lam=30,False,phase1_backbone,88,0.66148098143829881,0.070514109549128776
B6,1,30,lam=30,False,C_context,20,0.41390259173224131,0.092551433117663395
B6,1,30,lam=30,False,X_prior_composite,24,0,0
B6,1,100,lam=100,True,phase1_backbone,88,0.38266412866532357,0.040792133177521228
B6,1,100,lam=100,True,C_context,20,0.26379012957614945,0.058985266152574795
B6,1,100,lam=100,True,X_prior_composite,24,0,0
B6,2,0.01,lam=0.01,False,phase1_backbone,88,7.8047807371333882,0.83199242207765378
B6,2,0.01,lam=0.01,False,C_context,20,0.91505404034548621,0.20461230372983422
B6,2,0.01,lam=0.01,False,X_prior_composite,24,7.60530260625168,1.5524258937313054
B6,2,0.029999999999999999,lam=0.03,False,phase1_backbone,88,7.077525569035533,0.75446676067176244
B6,2,0.029999999999999999,lam=0.03,False,C_context,20,0.89611881072311084,0.20037825766931433
B6,2,0.029999999999999999,lam=0.03,False,X_prior_composite,24,6.8594034231404848,1.4001698605495365
B6,2,0.10000000000000001,lam=0.1,False,phase1_backbone,88,5.6916092666544564,0.60672758643348035
B6,2,0.10000000000000001,lam=0.1,False,C_context,20,0.85190809201794571,0.19049244043342725
B6,2,0.10000000000000001,lam=0.1,False,X_prior_composite,24,5.3495225800403707,1.0919667240496578
B6,2,0.29999999999999999,lam=0.3,False,phase1_backbone,88,4.2193752784109329,0.44978691596518205
B6,2,0.29999999999999999,lam=0.3,False,C_context,20,0.77713505559175922,0.17377268120012515
B6,2,0.29999999999999999,lam=0.3,False,X_prior_composite,24,3.6919503204163311,0.75361620339373925
B6,2,1,lam=1,False,phase1_backbone,88,2.8781221987493679,0.30680885726617491
B6,2,1,lam=1,False,C_context,20,0.64933743966899871,0.14519626554355497
B6,2,1,lam=1,False,X_prior_composite,24,2.2248124895250698,0.45413794772563049
B6,2,3,lam=3,False,phase1_backbone,88,1.9204281532027907,0.20471832898615847
B6,2,3,lam=3,False,C_context,20,0.52354080811371684,0.11706728359374442
B6,2,3,lam=3,False,X_prior_composite,24,1.3311771612130348,0.27172540018487984
B6,2,10,lam=10,False,phase1_backbone,88,1.1357605029433409,0.12107247641796433
B6,2,10,lam=10,False,C_context,20,0.42576893186481846,0.095204827435721034
B6,2,10,lam=10,False,X_prior_composite,24,0.76243319315746061,0.1556310238497188
B6,2,30,lam=30,False,phase1_backbone,88,0.68585750491599384,0.07311265568298074
B6,2,30,lam=30,False,C_context,20,0.35230241363674164,0.078777214552900321
B6,2,30,lam=30,False,X_prior_composite,24,0.45467282239502871,0.092809701231575045
B6,2,100,lam=100,True,phase1_backbone,88,0.40677479971652597,0.04336233934748665
B6,2,100,lam=100,True,C_context,20,0.24893648054421769,0.055663889257642457
B6,2,100,lam=100,True,X_prior_composite,24,0.23770418023632639,0.048521162608797117
B6,3,0.01,lam=0.01,False,phase1_backbone,88,9.164346229495699,0.97692259052966024
B6,3,0.01,lam=0.01,False,C_context,20,0.51060964871448911,0.11417578844928856
B6,3,0.01,lam=0.01,False,X_prior_composite,24,2.7978308275195882,0.57110482617098357
B6,3,0.029999999999999999,lam=0.03,False,phase1_backbone,88,7.7489416943230136,0.82603996011376202
B6,3,0.029999999999999999,lam=0.03,False,C_context,20,0.49689804322546255,0.1111097802538763
B6,3,0.029999999999999999,lam=0.03,False,X_prior_composite,24,2.6803679610849582,0.54712781896352225
B6,3,0.10000000000000001,lam=0.1,False,phase1_backbone,88,6.0589015440881662,0.64588107476385559
B6,3,0.10000000000000001,lam=0.1,False,C_context,20,0.46308377676780832,0.10354868041301572
B6,3,0.10000000000000001,lam=0.1,False,X_prior_composite,24,2.406224442679012,0.49116850759803415
B6,3,0.29999999999999999,lam=0.3,False,phase1_backbone,88,4.4132144039071353,0.47045023617194975
B6,3,0.29999999999999999,lam=0.3,False,C_context,20,0.41647294137902768,0.093126180771279085
B6,3,0.29999999999999999,lam=0.3,False,X_prior_composite,24,2.0276314987305724,0.41388854652371831
B6,3,1,lam=1,False,phase1_backbone,88,2.8160906818359068,0.30019627534488735
B6,3,1,lam=1,False,C_context,20,0.37605215711560525,0.084087818639592457
B6,3,1,lam=1,False,X_prior_composite,24,1.5429573640844847,0.31495485307305959
B6,3,3,lam=3,False,phase1_backbone,88,1.8033743479698066,0.19224035142224732
B6,3,3,lam=3,False,C_context,20,0.35957263428132641,0.080402885310171701
B6,3,3,lam=3,False,X_prior_composite,24,1.0966808024906149,0.22385903140066549
B6,3,10,lam=10,False,phase1_backbone,88,1.0977857263581539,0.11702435163226126
B6,3,10,lam=10,False,C_context,20,0.33896548757848088,0.075794987225184379
B6,3,10,lam=10,False,X_prior_composite,24,0.67012169200033289,0.13678801758094364
B6,3,30,lam=30,False,phase1_backbone,88,0.68001235513345815,0.072489560622559512
B6,3,30,lam=30,False,C_context,20,0.30143833203082648,0.067403660144508021
B6,3,30,lam=30,False,X_prior_composite,24,0.40606699120471595,0.082888077486564904
B6,3,100,lam=100,True,phase1_backbone,88,0.41422135963295909,0.044156145301770908
B6,3,100,lam=100,True,C_context,20,0.2270414801767153,0.050768018338730632
B6,3,100,lam=100,True,X_prior_composite,24,0.23938563398380616,0.048864387917748449
B6,4,0.01,lam=0.01,False,phase1_backbone,88,8.6592729567890547,0.92308159875309559
B6,4,0.01,lam=0.01,False,C_context,20,0.92722644066129212,0.20733413518538241
B6,4,0.01,lam=0.01,False,X_prior_composite,24,1.9342022108738988,0.39481737300034675
B6,4,0.029999999999999999,lam=0.03,False,phase1_backbone,88,7.287302359391874,0.77682904166113875
B6,4,0.029999999999999999,lam=0.03,False,C_context,20,0.90663648654879525,0.20273008148046798
B6,4,0.029999999999999999,lam=0.03,False,X_prior_composite,24,1.8991040737348284,0.38765299575760093
B6,4,0.10000000000000001,lam=0.1,False,phase1_backbone,88,5.7958332879017478,0.61783790442917275
B6,4,0.10000000000000001,lam=0.1,False,C_context,20,0.84555821751689852,0.18907256533013383
B6,4,0.10000000000000001,lam=0.1,False,X_prior_composite,24,1.8019873293270892,0.36782912331766315
B6,4,0.29999999999999999,lam=0.3,False,phase1_backbone,88,4.3718772326756987,0.46604367891262133
B6,4,0.29999999999999999,lam=0.3,False,C_context,20,0.72530401842478931,0.16218290895515888
B6,4,0.29999999999999999,lam=0.3,False,X_prior_composite,24,1.6185754318839176,0.33039032652670908
B6,4,1,lam=1,False,phase1_backbone,88,2.8512893360787084,0.30394846449454671
B6,4,1,lam=1,False,C_context,20,0.5292071398715702,0.11833431389310703
B6,4,1,lam=1,False,X_prior_composite,24,1.3054134364880021,0.26646640189739179
B6,4,3,lam=3,False,phase1_backbone,88,1.798868565431778,0.19176003338982217
B6,4,3,lam=3,False,C_context,20,0.36858573293588953,0.082418275438123204
B6,4,3,lam=3,False,X_prior_composite,24,0.97694954117048671,0.19941899002615329
B6,4,10,lam=10,False,phase1_backbone,88,1.0880589628532549,0.11598747515872823
B6,4,10,lam=10,False,C_context,20,0.28961365999678435,0.064759583096532125
B6,4,10,lam=10,False,X_prior_composite,24,0.64184749168568767,0.13101657060960026
B6,4,30,lam=30,False,phase1_backbone,88,0.68724607029523088,0.073260677249760708
B6,4,30,lam=30,False,C_context,20,0.25874842226822409,0.057857906126256936
B6,4,30,lam=30,False,X_prior_composite,24,0.40701048489848557,0.083080667330337338
B6,4,100,lam=100,True,phase1_backbone,88,0.42554522695156533,0.045363273613892273
B6,4,100,lam=100,True,C_context,20,0.20767540656442196,0.046437632633295353
B6,4,100,lam=100,True,X_prior_composite,24,0.24402238036201057,0.049810859808856682
